group,seed_idx,seed_triadic,seed_phi,seed_p,node,bit,neigh_triadic,neigh_phi,flipped
residual,25,0,0.000000,0.996250,0,0,0,0.000000,0
residual,25,0,0.000000,0.996250,0,1,0,0.000000,0
residual,25,0,0.000000,0.996250,0,2,1,2.000000,1
residual,25,0,0.000000,0.996250,0,3,1,2.000000,1
residual,25,0,0.000000,0.996250,1,0,0,0.000000,0
residual,25,0,0.000000,0.996250,1,1,0,0.000000,0
residual,25,0,0.000000,0.996250,1,2,0,0.000000,0
residual,25,0,0.000000,0.996250,1,3,0,0.000000,0
residual,25,0,0.000000,0.996250,2,0,1,0.415037,1
residual,25,0,0.000000,0.996250,2,1,0,0.000000,0
residual,25,0,0.000000,0.996250,2,2,1,0.830075,1
residual,25,0,0.000000,0.996250,2,3,0,0.000000,0
residual,25,0,0.000000,0.996250,3,0,1,1.000000,1
residual,25,0,0.000000,0.996250,3,1,0,0.000000,0
residual,25,0,0.000000,0.996250,3,2,1,1.000000,1
residual,25,0,0.000000,0.996250,3,3,0,0.000000,0
residual,29,0,0.000000,0.982500,0,0,0,0.000000,0
residual,29,0,0.000000,0.982500,0,1,0,0.000000,0
residual,29,0,0.000000,0.982500,0,2,1,0.830075,1
residual,29,0,0.000000,0.982500,0,3,1,0.830075,1
residual,29,0,0.000000,0.982500,1,0,0,0.000000,0
residual,29,0,0.000000,0.982500,1,1,1,0.415037,1
residual,29,0,0.000000,0.982500,1,2,0,0.000000,0
residual,29,0,0.000000,0.982500,1,3,1,0.830075,1
residual,29,0,0.000000,0.982500,2,0,0,0.000000,0
residual,29,0,0.000000,0.982500,2,1,0,0.000000,0
residual,29,0,0.000000,0.982500,2,2,0,0.000000,0
residual,29,0,0.000000,0.982500,2,3,1,0.830075,1
residual,29,0,0.000000,0.982500,3,0,1,0.830075,1
residual,29,0,0.000000,0.982500,3,1,1,0.830075,1
residual,29,0,0.000000,0.982500,3,2,0,0.000000,0
residual,29,0,0.000000,0.982500,3,3,1,0.830075,1
residual,46,0,0.000000,0.689045,0,0,1,0.415037,1
residual,46,0,0.000000,0.689045,0,1,0,0.000000,0
residual,46,0,0.000000,0.689045,0,2,1,0.830075,1
residual,46,0,0.000000,0.689045,0,3,0,0.000000,0
residual,46,0,0.000000,0.689045,1,0,0,0.000000,0
residual,46,0,0.000000,0.689045,1,1,0,0.000000,0
residual,46,0,0.000000,0.689045,1,2,0,0.000000,0
residual,46,0,0.000000,0.689045,1,3,1,1.000000,1
residual,46,0,0.000000,0.689045,2,0,0,0.000000,0
residual,46,0,0.000000,0.689045,2,1,1,2.000000,1
residual,46,0,0.000000,0.689045,2,2,0,0.000000,0
residual,46,0,0.000000,0.689045,2,3,1,2.000000,1
residual,46,0,0.000000,0.689045,3,0,0,0.000000,0
residual,46,0,0.000000,0.689045,3,1,0,0.000000,0
residual,46,0,0.000000,0.689045,3,2,0,0.000000,0
residual,46,0,0.000000,0.689045,3,3,0,0.000000,0
residual,74,0,0.000000,0.731167,0,0,0,0.000000,0
residual,74,0,0.000000,0.731167,0,1,0,0.000000,0
residual,74,0,0.000000,0.731167,0,2,0,0.000000,0
residual,74,0,0.000000,0.731167,0,3,0,0.000000,0
residual,74,0,0.000000,0.731167,1,0,1,0.830075,1
residual,74,0,0.000000,0.731167,1,1,1,0.415037,1
residual,74,0,0.000000,0.731167,1,2,0,0.000000,0
residual,74,0,0.000000,0.731167,1,3,0,0.000000,0
residual,74,0,0.000000,0.731167,2,0,0,0.000000,0
residual,74,0,0.000000,0.731167,2,1,0,0.000000,0
residual,74,0,0.000000,0.731167,2,2,1,0.415037,1
residual,74,0,0.000000,0.731167,2,3,1,0.415037,1
residual,74,0,0.000000,0.731167,3,0,1,0.830075,1
residual,74,0,0.000000,0.731167,3,1,1,0.830075,1
residual,74,0,0.000000,0.731167,3,2,0,0.000000,0
residual,74,0,0.000000,0.731167,3,3,1,0.415037,1
residual,93,0,0.000000,0.619971,0,0,0,0.000000,0
residual,93,0,0.000000,0.619971,0,1,0,0.000000,0
residual,93,0,0.000000,0.619971,0,2,0,0.000000,0
residual,93,0,0.000000,0.619971,0,3,0,0.000000,0
residual,93,0,0.000000,0.619971,1,0,0,0.000000,0
residual,93,0,0.000000,0.619971,1,1,0,0.000000,0
residual,93,0,0.000000,0.619971,1,2,1,0.415037,1
residual,93,0,0.000000,0.619971,1,3,1,0.830075,1
residual,93,0,0.000000,0.619971,2,0,0,0.000000,0
residual,93,0,0.000000,0.619971,2,1,0,0.000000,0
residual,93,0,0.000000,0.619971,2,2,1,0.415037,1
residual,93,0,0.000000,0.619971,2,3,1,0.830075,1
residual,93,0,0.000000,0.619971,3,0,1,1.000000,1
residual,93,0,0.000000,0.619971,3,1,0,0.000000,0
residual,93,0,0.000000,0.619971,3,2,1,0.415037,1
residual,93,0,0.000000,0.619971,3,3,0,0.000000,0
residual,116,1,0.830075,0.264307,0,0,1,0.830075,0
residual,116,1,0.830075,0.264307,0,1,1,0.415037,0
residual,116,1,0.830075,0.264307,0,2,0,0.000000,1
residual,116,1,0.830075,0.264307,0,3,0,0.000000,1
residual,116,1,0.830075,0.264307,1,0,0,0.000000,1
residual,116,1,0.830075,0.264307,1,1,0,0.000000,1
residual,116,1,0.830075,0.264307,1,2,1,2.000000,0
residual,116,1,0.830075,0.264307,1,3,1,2.000000,0
residual,116,1,0.830075,0.264307,2,0,0,0.000000,1
residual,116,1,0.830075,0.264307,2,1,0,0.000000,1
residual,116,1,0.830075,0.264307,2,2,1,0.415037,0
residual,116,1,0.830075,0.264307,2,3,1,0.415037,0
residual,116,1,0.830075,0.264307,3,0,1,0.830075,0
residual,116,1,0.830075,0.264307,3,1,1,0.415037,0
residual,116,1,0.830075,0.264307,3,2,0,0.000000,1
residual,116,1,0.830075,0.264307,3,3,1,0.415037,0
residual,119,0,0.000000,0.634292,0,0,1,1.000000,1
residual,119,0,0.000000,0.634292,0,1,0,0.000000,0
residual,119,0,0.000000,0.634292,0,2,0,0.000000,0
residual,119,0,0.000000,0.634292,0,3,0,0.000000,0
residual,119,0,0.000000,0.634292,1,0,0,0.000000,0
residual,119,0,0.000000,0.634292,1,1,1,0.830075,1
residual,119,0,0.000000,0.634292,1,2,0,0.000000,0
residual,119,0,0.000000,0.634292,1,3,0,0.000000,0
residual,119,0,0.000000,0.634292,2,0,0,0.000000,0
residual,119,0,0.000000,0.634292,2,1,0,0.000000,0
residual,119,0,0.000000,0.634292,2,2,0,0.000000,0
residual,119,0,0.000000,0.634292,2,3,0,0.000000,0
residual,119,0,0.000000,0.634292,3,0,1,2.000000,1
residual,119,0,0.000000,0.634292,3,1,1,2.000000,1
residual,119,0,0.000000,0.634292,3,2,0,0.000000,0
residual,119,0,0.000000,0.634292,3,3,0,0.000000,0
residual,122,1,0.830075,0.064479,0,0,1,1.000000,0
residual,122,1,0.830075,0.064479,0,1,0,0.000000,1
residual,122,1,0.830075,0.064479,0,2,1,0.830075,0
residual,122,1,0.830075,0.064479,0,3,1,0.415037,0
residual,122,1,0.830075,0.064479,1,0,0,0.000000,1
residual,122,1,0.830075,0.064479,1,1,1,0.415037,0
residual,122,1,0.830075,0.064479,1,2,0,0.000000,1
residual,122,1,0.830075,0.064479,1,3,1,0.415037,0
residual,122,1,0.830075,0.064479,2,0,1,0.830075,0
residual,122,1,0.830075,0.064479,2,1,1,0.830075,0
residual,122,1,0.830075,0.064479,2,2,1,0.830075,0
residual,122,1,0.830075,0.064479,2,3,1,0.830075,0
residual,122,1,0.830075,0.064479,3,0,0,0.000000,1
residual,122,1,0.830075,0.064479,3,1,0,0.000000,1
residual,122,1,0.830075,0.064479,3,2,1,0.415037,0
residual,122,1,0.830075,0.064479,3,3,1,0.830075,0
residual,125,0,0.000000,0.985435,0,0,0,0.000000,0
residual,125,0,0.000000,0.985435,0,1,0,0.000000,0
residual,125,0,0.000000,0.985435,0,2,0,0.000000,0
residual,125,0,0.000000,0.985435,0,3,0,0.000000,0
residual,125,0,0.000000,0.985435,1,0,0,0.000000,0
residual,125,0,0.000000,0.985435,1,1,0,0.000000,0
residual,125,0,0.000000,0.985435,1,2,0,0.000000,0
residual,125,0,0.000000,0.985435,1,3,0,0.000000,0
residual,125,0,0.000000,0.985435,2,0,0,0.000000,0
residual,125,0,0.000000,0.985435,2,1,0,0.000000,0
residual,125,0,0.000000,0.985435,2,2,0,0.000000,0
residual,125,0,0.000000,0.985435,2,3,1,1.000000,1
residual,125,0,0.000000,0.985435,3,0,1,2.000000,1
residual,125,0,0.000000,0.985435,3,1,0,0.000000,0
residual,125,0,0.000000,0.985435,3,2,1,2.000000,1
residual,125,0,0.000000,0.985435,3,3,0,0.000000,0
residual,130,0,0.000000,0.619971,0,0,1,0.415037,1
residual,130,0,0.000000,0.619971,0,1,1,0.830075,1
residual,130,0,0.000000,0.619971,0,2,0,0.000000,0
residual,130,0,0.000000,0.619971,0,3,0,0.000000,0
residual,130,0,0.000000,0.619971,1,0,0,0.000000,0
residual,130,0,0.000000,0.619971,1,1,1,0.415037,1
residual,130,0,0.000000,0.619971,1,2,0,0.000000,0
residual,130,0,0.000000,0.619971,1,3,1,2.000000,1
residual,130,0,0.000000,0.619971,2,0,1,0.830075,1
residual,130,0,0.000000,0.619971,2,1,0,0.000000,0
residual,130,0,0.000000,0.619971,2,2,1,0.830075,1
residual,130,0,0.000000,0.619971,2,3,0,0.000000,0
residual,130,0,0.000000,0.619971,3,0,0,0.000000,0
residual,130,0,0.000000,0.619971,3,1,0,0.000000,0
residual,130,0,0.000000,0.619971,3,2,0,0.000000,0
residual,130,0,0.000000,0.619971,3,3,0,0.000000,0
residual,159,0,0.000000,0.830160,0,0,1,0.830075,1
residual,159,0,0.000000,0.830160,0,1,1,0.166015,1
residual,159,0,0.000000,0.830160,0,2,0,0.000000,0
residual,159,0,0.000000,0.830160,0,3,0,0.000000,0
residual,159,0,0.000000,0.830160,1,0,0,0.000000,0
residual,159,0,0.000000,0.830160,1,1,0,0.000000,0
residual,159,0,0.000000,0.830160,1,2,0,0.000000,0
residual,159,0,0.000000,0.830160,1,3,0,0.000000,0
residual,159,0,0.000000,0.830160,2,0,0,0.000000,0
residual,159,0,0.000000,0.830160,2,1,0,0.000000,0
residual,159,0,0.000000,0.830160,2,2,0,0.000000,0
residual,159,0,0.000000,0.830160,2,3,1,0.415037,1
residual,159,0,0.000000,0.830160,3,0,0,0.000000,0
residual,159,0,0.000000,0.830160,3,1,0,0.000000,0
residual,159,0,0.000000,0.830160,3,2,1,2.000000,1
residual,159,0,0.000000,0.830160,3,3,1,2.000000,1
residual,160,1,0.415037,0.006250,0,0,0,0.000000,1
residual,160,1,0.415037,0.006250,0,1,1,0.500000,0
residual,160,1,0.415037,0.006250,0,2,0,0.000000,1
residual,160,1,0.415037,0.006250,0,3,0,0.000000,1
residual,160,1,0.415037,0.006250,1,0,0,0.000000,1
residual,160,1,0.415037,0.006250,1,1,1,2.000000,0
residual,160,1,0.415037,0.006250,1,2,0,0.000000,1
residual,160,1,0.415037,0.006250,1,3,1,2.000000,0
residual,160,1,0.415037,0.006250,2,0,1,0.415037,0
residual,160,1,0.415037,0.006250,2,1,1,0.415037,0
residual,160,1,0.415037,0.006250,2,2,1,0.830075,0
residual,160,1,0.415037,0.006250,2,3,0,0.000000,1
residual,160,1,0.415037,0.006250,3,0,1,0.415037,0
residual,160,1,0.415037,0.006250,3,1,1,0.830075,0
residual,160,1,0.415037,0.006250,3,2,1,0.830075,0
residual,160,1,0.415037,0.006250,3,3,1,0.415037,0
residual,177,1,0.830075,0.497713,0,0,1,0.830075,0
residual,177,1,0.830075,0.497713,0,1,0,0.000000,1
residual,177,1,0.830075,0.497713,0,2,1,0.415037,0
residual,177,1,0.830075,0.497713,0,3,1,0.415037,0
residual,177,1,0.830075,0.497713,1,0,1,0.830075,0
residual,177,1,0.830075,0.497713,1,1,1,0.830075,0
residual,177,1,0.830075,0.497713,1,2,0,0.000000,1
residual,177,1,0.830075,0.497713,1,3,0,0.000000,1
residual,177,1,0.830075,0.497713,2,0,1,0.830075,0
residual,177,1,0.830075,0.497713,2,1,0,0.000000,1
residual,177,1,0.830075,0.497713,2,2,1,0.415037,0
residual,177,1,0.830075,0.497713,2,3,0,0.000000,1
residual,177,1,0.830075,0.497713,3,0,0,0.000000,1
residual,177,1,0.830075,0.497713,3,1,0,0.000000,1
residual,177,1,0.830075,0.497713,3,2,0,0.000000,1
residual,177,1,0.830075,0.497713,3,3,1,0.830075,0
residual,179,0,0.000000,0.925170,0,0,0,0.000000,0
residual,179,0,0.000000,0.925170,0,1,1,0.830075,1
residual,179,0,0.000000,0.925170,0,2,0,0.000000,0
residual,179,0,0.000000,0.925170,0,3,1,0.415037,1
residual,179,0,0.000000,0.925170,1,0,1,0.830075,1
residual,179,0,0.000000,0.925170,1,1,0,0.000000,0
residual,179,0,0.000000,0.925170,1,2,1,0.830075,1
residual,179,0,0.000000,0.925170,1,3,0,0.000000,0
residual,179,0,0.000000,0.925170,2,0,1,0.415037,1
residual,179,0,0.000000,0.925170,2,1,1,0.830075,1
residual,179,0,0.000000,0.925170,2,2,0,0.000000,0
residual,179,0,0.000000,0.925170,2,3,0,0.000000,0
residual,179,0,0.000000,0.925170,3,0,0,0.000000,0
residual,179,0,0.000000,0.925170,3,1,0,0.000000,0
residual,179,0,0.000000,0.925170,3,2,0,0.000000,0
residual,179,0,0.000000,0.925170,3,3,0,0.000000,0
residual,190,1,0.415037,0.090958,0,0,1,0.830075,0
residual,190,1,0.415037,0.090958,0,1,1,0.415037,0
residual,190,1,0.415037,0.090958,0,2,1,0.415037,0
residual,190,1,0.415037,0.090958,0,3,0,0.000000,1
residual,190,1,0.415037,0.090958,1,0,0,0.000000,1
residual,190,1,0.415037,0.090958,1,1,1,0.830075,0
residual,190,1,0.415037,0.090958,1,2,0,0.000000,1
residual,190,1,0.415037,0.090958,1,3,0,0.000000,1
residual,190,1,0.415037,0.090958,2,0,0,0.000000,1
residual,190,1,0.415037,0.090958,2,1,1,0.415037,0
residual,190,1,0.415037,0.090958,2,2,0,0.000000,1
residual,190,1,0.415037,0.090958,2,3,1,0.415037,0
residual,190,1,0.415037,0.090958,3,0,0,0.000000,1
residual,190,1,0.415037,0.090958,3,1,1,0.830075,0
residual,190,1,0.415037,0.090958,3,2,0,0.000000,1
residual,190,1,0.415037,0.090958,3,3,1,0.830075,0
residual,194,1,0.830075,0.007500,0,0,1,0.415037,0
residual,194,1,0.830075,0.007500,0,1,0,0.000000,1
residual,194,1,0.830075,0.007500,0,2,1,0.415037,0
residual,194,1,0.830075,0.007500,0,3,1,0.415037,0
residual,194,1,0.830075,0.007500,1,0,0,0.000000,1
residual,194,1,0.830075,0.007500,1,1,0,0.000000,1
residual,194,1,0.830075,0.007500,1,2,1,0.830075,0
residual,194,1,0.830075,0.007500,1,3,1,0.830075,0
residual,194,1,0.830075,0.007500,2,0,0,0.000000,1
residual,194,1,0.830075,0.007500,2,1,1,0.830075,0
residual,194,1,0.830075,0.007500,2,2,0,0.000000,1
residual,194,1,0.830075,0.007500,2,3,1,0.830075,0
residual,194,1,0.830075,0.007500,3,0,0,0.000000,1
residual,194,1,0.830075,0.007500,3,1,0,0.000000,1
residual,194,1,0.830075,0.007500,3,2,1,0.830075,0
residual,194,1,0.830075,0.007500,3,3,1,0.830075,0
residual,197,1,0.415037,0.064479,0,0,0,0.000000,1
residual,197,1,0.415037,0.064479,0,1,0,0.000000,1
residual,197,1,0.415037,0.064479,0,2,1,0.830075,0
residual,197,1,0.415037,0.064479,0,3,1,0.415037,0
residual,197,1,0.415037,0.064479,1,0,0,0.000000,1
residual,197,1,0.415037,0.064479,1,1,1,0.830075,0
residual,197,1,0.415037,0.064479,1,2,0,0.000000,1
residual,197,1,0.415037,0.064479,1,3,1,0.830075,0
residual,197,1,0.415037,0.064479,2,0,0,0.000000,1
residual,197,1,0.415037,0.064479,2,1,0,0.000000,1
residual,197,1,0.415037,0.064479,2,2,1,0.415037,0
residual,197,1,0.415037,0.064479,2,3,1,0.830075,0
residual,197,1,0.415037,0.064479,3,0,1,2.000000,0
residual,197,1,0.415037,0.064479,3,1,1,0.415037,0
residual,197,1,0.415037,0.064479,3,2,1,0.415037,0
residual,197,1,0.415037,0.064479,3,3,0,0.000000,1
residual,201,0,0.000000,0.862271,0,0,1,2.000000,1
residual,201,0,0.000000,0.862271,0,1,1,0.415037,1
residual,201,0,0.000000,0.862271,0,2,0,0.000000,0
residual,201,0,0.000000,0.862271,0,3,0,0.000000,0
residual,201,0,0.000000,0.862271,1,0,1,0.830075,1
residual,201,0,0.000000,0.862271,1,1,0,0.000000,0
residual,201,0,0.000000,0.862271,1,2,0,0.000000,0
residual,201,0,0.000000,0.862271,1,3,0,0.000000,0
residual,201,0,0.000000,0.862271,2,0,0,0.000000,0
residual,201,0,0.000000,0.862271,2,1,0,0.000000,0
residual,201,0,0.000000,0.862271,2,2,0,0.000000,0
residual,201,0,0.000000,0.862271,2,3,0,0.000000,0
residual,201,0,0.000000,0.862271,3,0,0,0.000000,0
residual,201,0,0.000000,0.862271,3,1,1,0.415037,1
residual,201,0,0.000000,0.862271,3,2,0,0.000000,0
residual,201,0,0.000000,0.862271,3,3,0,0.000000,0
residual,217,1,0.276692,0.124750,0,0,0,0.000000,1
residual,217,1,0.276692,0.124750,0,1,0,0.000000,1
residual,217,1,0.276692,0.124750,0,2,1,0.830075,0
residual,217,1,0.276692,0.124750,0,3,1,0.276692,0
residual,217,1,0.276692,0.124750,1,0,0,0.000000,1
residual,217,1,0.276692,0.124750,1,1,0,0.000000,1
residual,217,1,0.276692,0.124750,1,2,1,0.415037,0
residual,217,1,0.276692,0.124750,1,3,1,0.415037,0
residual,217,1,0.276692,0.124750,2,0,1,0.830075,0
residual,217,1,0.276692,0.124750,2,1,1,0.830075,0
residual,217,1,0.276692,0.124750,2,2,1,0.830075,0
residual,217,1,0.276692,0.124750,2,3,0,0.000000,1
residual,217,1,0.276692,0.124750,3,0,1,0.830075,0
residual,217,1,0.276692,0.124750,3,1,0,0.000000,1
residual,217,1,0.276692,0.124750,3,2,1,0.830075,0
residual,217,1,0.276692,0.124750,3,3,0,0.000000,1
residual,220,1,0.830075,0.334823,0,0,1,0.415037,0
residual,220,1,0.830075,0.334823,0,1,1,0.415037,0
residual,220,1,0.830075,0.334823,0,2,1,0.830075,0
residual,220,1,0.830075,0.334823,0,3,0,0.000000,1
residual,220,1,0.830075,0.334823,1,0,0,0.000000,1
residual,220,1,0.830075,0.334823,1,1,0,0.000000,1
residual,220,1,0.830075,0.334823,1,2,0,0.000000,1
residual,220,1,0.830075,0.334823,1,3,1,0.830075,0
residual,220,1,0.830075,0.334823,2,0,1,0.830075,0
residual,220,1,0.830075,0.334823,2,1,1,0.830075,0
residual,220,1,0.830075,0.334823,2,2,0,0.000000,1
residual,220,1,0.830075,0.334823,2,3,0,0.000000,1
residual,220,1,0.830075,0.334823,3,0,0,0.000000,1
residual,220,1,0.830075,0.334823,3,1,0,0.000000,1
residual,220,1,0.830075,0.334823,3,2,1,0.830075,0
residual,220,1,0.830075,0.334823,3,3,1,0.415037,0
residual,221,1,0.415037,0.438411,0,0,0,0.000000,1
residual,221,1,0.415037,0.438411,0,1,1,0.415037,0
residual,221,1,0.415037,0.438411,0,2,0,0.000000,1
residual,221,1,0.415037,0.438411,0,3,1,0.415037,0
residual,221,1,0.415037,0.438411,1,0,0,0.000000,1
residual,221,1,0.415037,0.438411,1,1,0,0.000000,1
residual,221,1,0.415037,0.438411,1,2,1,0.415037,0
residual,221,1,0.415037,0.438411,1,3,1,0.415037,0
residual,221,1,0.415037,0.438411,2,0,0,0.000000,1
residual,221,1,0.415037,0.438411,2,1,1,0.830075,0
residual,221,1,0.415037,0.438411,2,2,1,0.830075,0
residual,221,1,0.415037,0.438411,2,3,1,0.415037,0
residual,221,1,0.415037,0.438411,3,0,0,0.000000,1
residual,221,1,0.415037,0.438411,3,1,1,2.000000,0
residual,221,1,0.415037,0.438411,3,2,0,0.000000,1
residual,221,1,0.415037,0.438411,3,3,1,2.000000,0
residual,227,1,0.415037,0.260000,0,0,1,0.830075,0
residual,227,1,0.415037,0.260000,0,1,1,0.830075,0
residual,227,1,0.415037,0.260000,0,2,1,0.830075,0
residual,227,1,0.415037,0.260000,0,3,1,0.830075,0
residual,227,1,0.415037,0.260000,1,0,0,0.000000,1
residual,227,1,0.415037,0.260000,1,1,1,2.000000,0
residual,227,1,0.415037,0.260000,1,2,0,0.000000,1
residual,227,1,0.415037,0.260000,1,3,1,2.000000,0
residual,227,1,0.415037,0.260000,2,0,1,0.830075,0
residual,227,1,0.415037,0.260000,2,1,1,0.830075,0
residual,227,1,0.415037,0.260000,2,2,1,0.415037,0
residual,227,1,0.415037,0.260000,2,3,1,0.415037,0
residual,227,1,0.415037,0.260000,3,0,0,0.000000,1
residual,227,1,0.415037,0.260000,3,1,0,0.000000,1
residual,227,1,0.415037,0.260000,3,2,1,1.000000,0
residual,227,1,0.415037,0.260000,3,3,1,1.000000,0
residual,233,1,0.830075,0.308250,0,0,0,0.000000,1
residual,233,1,0.830075,0.308250,0,1,1,0.830075,0
residual,233,1,0.830075,0.308250,0,2,0,0.000000,1
residual,233,1,0.830075,0.308250,0,3,1,0.830075,0
residual,233,1,0.830075,0.308250,1,0,1,0.830075,0
residual,233,1,0.830075,0.308250,1,1,1,0.830075,0
residual,233,1,0.830075,0.308250,1,2,0,0.000000,1
residual,233,1,0.830075,0.308250,1,3,1,0.830075,0
residual,233,1,0.830075,0.308250,2,0,0,0.000000,1
residual,233,1,0.830075,0.308250,2,1,1,0.207519,0
residual,233,1,0.830075,0.308250,2,2,0,0.000000,1
residual,233,1,0.830075,0.308250,2,3,0,0.000000,1
residual,233,1,0.830075,0.308250,3,0,0,0.000000,1
residual,233,1,0.830075,0.308250,3,1,0,0.000000,1
residual,233,1,0.830075,0.308250,3,2,1,0.830075,0
residual,233,1,0.830075,0.308250,3,3,1,0.830075,0
residual,244,1,0.415037,0.334823,0,0,1,0.415037,0
residual,244,1,0.415037,0.334823,0,1,1,0.415037,0
residual,244,1,0.415037,0.334823,0,2,0,0.000000,1
residual,244,1,0.415037,0.334823,0,3,1,0.415037,0
residual,244,1,0.415037,0.334823,1,0,0,0.000000,1
residual,244,1,0.415037,0.334823,1,1,0,0.000000,1
residual,244,1,0.415037,0.334823,1,2,1,0.415037,0
residual,244,1,0.415037,0.334823,1,3,1,0.830075,0
residual,244,1,0.415037,0.334823,2,0,1,2.000000,0
residual,244,1,0.415037,0.334823,2,1,0,0.000000,1
residual,244,1,0.415037,0.334823,2,2,1,2.000000,0
residual,244,1,0.415037,0.334823,2,3,0,0.000000,1
residual,244,1,0.415037,0.334823,3,0,1,0.830075,0
residual,244,1,0.415037,0.334823,3,1,1,0.415037,0
residual,244,1,0.415037,0.334823,3,2,1,0.830075,0
residual,244,1,0.415037,0.334823,3,3,1,0.830075,0
residual,268,0,0.000000,0.628798,0,0,0,0.000000,0
residual,268,0,0.000000,0.628798,0,1,1,0.415037,1
residual,268,0,0.000000,0.628798,0,2,0,0.000000,0
residual,268,0,0.000000,0.628798,0,3,0,0.000000,0
residual,268,0,0.000000,0.628798,1,0,1,0.830075,1
residual,268,0,0.000000,0.628798,1,1,0,0.000000,0
residual,268,0,0.000000,0.628798,1,2,0,0.000000,0
residual,268,0,0.000000,0.628798,1,3,0,0.000000,0
residual,268,0,0.000000,0.628798,2,0,1,1.000000,1
residual,268,0,0.000000,0.628798,2,1,0,0.000000,0
residual,268,0,0.000000,0.628798,2,2,0,0.000000,0
residual,268,0,0.000000,0.628798,2,3,0,0.000000,0
residual,268,0,0.000000,0.628798,3,0,0,0.000000,0
residual,268,0,0.000000,0.628798,3,1,1,0.415037,1
residual,268,0,0.000000,0.628798,3,2,0,0.000000,0
residual,268,0,0.000000,0.628798,3,3,0,0.000000,0
residual,292,0,0.000000,0.828704,0,0,0,0.000000,0
residual,292,0,0.000000,0.828704,0,1,0,0.000000,0
residual,292,0,0.000000,0.828704,0,2,0,0.000000,0
residual,292,0,0.000000,0.828704,0,3,0,0.000000,0
residual,292,0,0.000000,0.828704,1,0,0,0.000000,0
residual,292,0,0.000000,0.828704,1,1,0,0.000000,0
residual,292,0,0.000000,0.828704,1,2,1,0.830075,1
residual,292,0,0.000000,0.828704,1,3,1,0.830075,1
residual,292,0,0.000000,0.828704,2,0,0,0.000000,0
residual,292,0,0.000000,0.828704,2,1,1,2.000000,1
residual,292,0,0.000000,0.828704,2,2,0,0.000000,0
residual,292,0,0.000000,0.828704,2,3,1,2.000000,1
residual,292,0,0.000000,0.828704,3,0,1,0.415037,1
residual,292,0,0.000000,0.828704,3,1,1,0.415037,1
residual,292,0,0.000000,0.828704,3,2,0,0.000000,0
residual,292,0,0.000000,0.828704,3,3,0,0.000000,0
residual,302,0,0.000000,0.551015,0,0,0,0.000000,0
residual,302,0,0.000000,0.551015,0,1,0,0.000000,0
residual,302,0,0.000000,0.551015,0,2,0,0.000000,0
residual,302,0,0.000000,0.551015,0,3,0,0.000000,0
residual,302,0,0.000000,0.551015,1,0,1,0.415037,1
residual,302,0,0.000000,0.551015,1,1,0,0.000000,0
residual,302,0,0.000000,0.551015,1,2,1,1.000000,1
residual,302,0,0.000000,0.551015,1,3,0,0.000000,0
residual,302,0,0.000000,0.551015,2,0,0,0.000000,0
residual,302,0,0.000000,0.551015,2,1,0,0.000000,0
residual,302,0,0.000000,0.551015,2,2,0,0.000000,0
residual,302,0,0.000000,0.551015,2,3,1,0.415037,1
residual,302,0,0.000000,0.551015,3,0,0,0.000000,0
residual,302,0,0.000000,0.551015,3,1,0,0.000000,0
residual,302,0,0.000000,0.551015,3,2,0,0.000000,0
residual,302,0,0.000000,0.551015,3,3,0,0.000000,0
residual,319,0,0.000000,0.628798,0,0,0,0.000000,0
residual,319,0,0.000000,0.628798,0,1,0,0.000000,0
residual,319,0,0.000000,0.628798,0,2,0,0.000000,0
residual,319,0,0.000000,0.628798,0,3,1,0.415037,1
residual,319,0,0.000000,0.628798,1,0,1,0.415037,1
residual,319,0,0.000000,0.628798,1,1,0,0.000000,0
residual,319,0,0.000000,0.628798,1,2,0,0.000000,0
residual,319,0,0.000000,0.628798,1,3,0,0.000000,0
residual,319,0,0.000000,0.628798,2,0,0,0.000000,0
residual,319,0,0.000000,0.628798,2,1,0,0.000000,0
residual,319,0,0.000000,0.628798,2,2,0,0.000000,0
residual,319,0,0.000000,0.628798,2,3,1,0.415037,1
residual,319,0,0.000000,0.628798,3,0,0,0.000000,0
residual,319,0,0.000000,0.628798,3,1,0,0.000000,0
residual,319,0,0.000000,0.628798,3,2,0,0.000000,0
residual,319,0,0.000000,0.628798,3,3,0,0.000000,0
residual,341,0,0.000000,0.930000,0,0,1,1.000000,1
residual,341,0,0.000000,0.930000,0,1,1,1.000000,1
residual,341,0,0.000000,0.930000,0,2,0,0.000000,0
residual,341,0,0.000000,0.930000,0,3,0,0.000000,0
residual,341,0,0.000000,0.930000,1,0,0,0.000000,0
residual,341,0,0.000000,0.930000,1,1,1,0.830075,1
residual,341,0,0.000000,0.930000,1,2,0,0.000000,0
residual,341,0,0.000000,0.930000,1,3,1,0.830075,1
residual,341,0,0.000000,0.930000,2,0,0,0.000000,0
residual,341,0,0.000000,0.930000,2,1,1,2.000000,1
residual,341,0,0.000000,0.930000,2,2,0,0.000000,0
residual,341,0,0.000000,0.930000,2,3,1,2.000000,1
residual,341,0,0.000000,0.930000,3,0,0,0.000000,0
residual,341,0,0.000000,0.930000,3,1,0,0.000000,0
residual,341,0,0.000000,0.930000,3,2,0,0.000000,0
residual,341,0,0.000000,0.930000,3,3,0,0.000000,0
residual,356,1,0.830075,0.076250,0,0,1,0.415037,0
residual,356,1,0.830075,0.076250,0,1,0,0.000000,1
residual,356,1,0.830075,0.076250,0,2,1,0.415037,0
residual,356,1,0.830075,0.076250,0,3,0,0.000000,1
residual,356,1,0.830075,0.076250,1,0,1,0.207519,0
residual,356,1,0.830075,0.076250,1,1,0,0.000000,1
residual,356,1,0.830075,0.076250,1,2,0,0.000000,1
residual,356,1,0.830075,0.076250,1,3,0,0.000000,1
residual,356,1,0.830075,0.076250,2,0,1,0.415037,0
residual,356,1,0.830075,0.076250,2,1,1,0.415037,0
residual,356,1,0.830075,0.076250,2,2,0,0.000000,1
residual,356,1,0.830075,0.076250,2,3,1,0.830075,0
residual,356,1,0.830075,0.076250,3,0,1,0.830075,0
residual,356,1,0.830075,0.076250,3,1,1,0.830075,0
residual,356,1,0.830075,0.076250,3,2,1,0.830075,0
residual,356,1,0.830075,0.076250,3,3,1,0.830075,0
residual,376,1,0.830075,0.257917,0,0,0,0.000000,1
residual,376,1,0.830075,0.257917,0,1,0,0.000000,1
residual,376,1,0.830075,0.257917,0,2,0,0.000000,1
residual,376,1,0.830075,0.257917,0,3,1,0.830075,0
residual,376,1,0.830075,0.257917,1,0,1,0.830075,0
residual,376,1,0.830075,0.257917,1,1,0,0.000000,1
residual,376,1,0.830075,0.257917,1,2,1,0.830075,0
residual,376,1,0.830075,0.257917,1,3,0,0.000000,1
residual,376,1,0.830075,0.257917,2,0,0,0.000000,1
residual,376,1,0.830075,0.257917,2,1,1,0.830075,0
residual,376,1,0.830075,0.257917,2,2,1,0.830075,0
residual,376,1,0.830075,0.257917,2,3,1,0.830075,0
residual,376,1,0.830075,0.257917,3,0,1,0.830075,0
residual,376,1,0.830075,0.257917,3,1,0,0.000000,1
residual,376,1,0.830075,0.257917,3,2,1,0.830075,0
residual,376,1,0.830075,0.257917,3,3,0,0.000000,1
residual,387,0,0.000000,0.555024,0,0,0,0.000000,0
residual,387,0,0.000000,0.555024,0,1,0,0.000000,0
residual,387,0,0.000000,0.555024,0,2,1,0.830075,1
residual,387,0,0.000000,0.555024,0,3,1,0.830075,1
residual,387,0,0.000000,0.555024,1,0,0,0.000000,0
residual,387,0,0.000000,0.555024,1,1,1,0.415037,1
residual,387,0,0.000000,0.555024,1,2,1,0.830075,1
residual,387,0,0.000000,0.555024,1,3,1,0.415037,1
residual,387,0,0.000000,0.555024,2,0,1,0.415037,1
residual,387,0,0.000000,0.555024,2,1,0,0.000000,0
residual,387,0,0.000000,0.555024,2,2,1,0.415037,1
residual,387,0,0.000000,0.555024,2,3,0,0.000000,0
residual,387,0,0.000000,0.555024,3,0,1,0.830075,1
residual,387,0,0.000000,0.555024,3,1,0,0.000000,0
residual,387,0,0.000000,0.555024,3,2,1,0.830075,1
residual,387,0,0.000000,0.555024,3,3,0,0.000000,0
residual,390,0,0.000000,0.551015,0,0,0,0.000000,0
residual,390,0,0.000000,0.551015,0,1,1,0.415037,1
residual,390,0,0.000000,0.551015,0,2,0,0.000000,0
residual,390,0,0.000000,0.551015,0,3,0,0.000000,0
residual,390,0,0.000000,0.551015,1,0,0,0.000000,0
residual,390,0,0.000000,0.551015,1,1,0,0.000000,0
residual,390,0,0.000000,0.551015,1,2,0,0.000000,0
residual,390,0,0.000000,0.551015,1,3,0,0.000000,0
residual,390,0,0.000000,0.551015,2,0,1,0.830075,1
residual,390,0,0.000000,0.551015,2,1,1,0.830075,1
residual,390,0,0.000000,0.551015,2,2,1,0.830075,1
residual,390,0,0.000000,0.551015,2,3,1,0.830075,1
residual,390,0,0.000000,0.551015,3,0,1,0.415037,1
residual,390,0,0.000000,0.551015,3,1,0,0.000000,0
residual,390,0,0.000000,0.551015,3,2,1,0.415037,1
residual,390,0,0.000000,0.551015,3,3,0,0.000000,0
residual,401,0,0.000000,0.912958,0,0,1,0.830075,1
residual,401,0,0.000000,0.912958,0,1,1,0.830075,1
residual,401,0,0.000000,0.912958,0,2,0,0.000000,0
residual,401,0,0.000000,0.912958,0,3,0,0.000000,0
residual,401,0,0.000000,0.912958,1,0,0,0.000000,0
residual,401,0,0.000000,0.912958,1,1,0,0.000000,0
residual,401,0,0.000000,0.912958,1,2,0,0.000000,0
residual,401,0,0.000000,0.912958,1,3,0,0.000000,0
residual,401,0,0.000000,0.912958,2,0,0,0.000000,0
residual,401,0,0.000000,0.912958,2,1,1,0.415037,1
residual,401,0,0.000000,0.912958,2,2,0,0.000000,0
residual,401,0,0.000000,0.912958,2,3,1,0.415037,1
residual,401,0,0.000000,0.912958,3,0,1,0.830075,1
residual,401,0,0.000000,0.912958,3,1,0,0.000000,0
residual,401,0,0.000000,0.912958,3,2,1,0.415037,1
residual,401,0,0.000000,0.912958,3,3,0,0.000000,0
residual,431,0,0.000000,0.912417,0,0,1,0.830075,1
residual,431,0,0.000000,0.912417,0,1,0,0.000000,0
residual,431,0,0.000000,0.912417,0,2,1,0.830075,1
residual,431,0,0.000000,0.912417,0,3,0,0.000000,0
residual,431,0,0.000000,0.912417,1,0,0,0.000000,0
residual,431,0,0.000000,0.912417,1,1,0,0.000000,0
residual,431,0,0.000000,0.912417,1,2,1,0.415037,1
residual,431,0,0.000000,0.912417,1,3,0,0.000000,0
residual,431,0,0.000000,0.912417,2,0,0,0.000000,0
residual,431,0,0.000000,0.912417,2,1,0,0.000000,0
residual,431,0,0.000000,0.912417,2,2,0,0.000000,0
residual,431,0,0.000000,0.912417,2,3,1,0.830075,1
residual,431,0,0.000000,0.912417,3,0,1,0.415037,1
residual,431,0,0.000000,0.912417,3,1,0,0.000000,0
residual,431,0,0.000000,0.912417,3,2,0,0.000000,0
residual,431,0,0.000000,0.912417,3,3,0,0.000000,0
residual,437,1,0.415037,0.399015,0,0,1,0.415037,0
residual,437,1,0.415037,0.399015,0,1,0,0.000000,1
residual,437,1,0.415037,0.399015,0,2,1,0.415037,0
residual,437,1,0.415037,0.399015,0,3,0,0.000000,1
residual,437,1,0.415037,0.399015,1,0,0,0.000000,1
residual,437,1,0.415037,0.399015,1,1,0,0.000000,1
residual,437,1,0.415037,0.399015,1,2,0,0.000000,1
residual,437,1,0.415037,0.399015,1,3,1,0.830075,0
residual,437,1,0.415037,0.399015,2,0,1,0.415037,0
residual,437,1,0.415037,0.399015,2,1,0,0.000000,1
residual,437,1,0.415037,0.399015,2,2,1,2.000000,0
residual,437,1,0.415037,0.399015,2,3,0,0.000000,1
residual,437,1,0.415037,0.399015,3,0,1,0.415037,0
residual,437,1,0.415037,0.399015,3,1,1,0.830075,0
residual,437,1,0.415037,0.399015,3,2,0,0.000000,1
residual,437,1,0.415037,0.399015,3,3,1,0.415037,0
residual,477,0,0.000000,0.555099,0,0,0,0.000000,0
residual,477,0,0.000000,0.555099,0,1,0,0.000000,0
residual,477,0,0.000000,0.555099,0,2,0,0.000000,0
residual,477,0,0.000000,0.555099,0,3,0,0.000000,0
residual,477,0,0.000000,0.555099,1,0,0,0.000000,0
residual,477,0,0.000000,0.555099,1,1,1,2.000000,1
residual,477,0,0.000000,0.555099,1,2,0,0.000000,0
residual,477,0,0.000000,0.555099,1,3,1,2.000000,1
residual,477,0,0.000000,0.555099,2,0,1,0.830075,1
residual,477,0,0.000000,0.555099,2,1,1,0.415037,1
residual,477,0,0.000000,0.555099,2,2,0,0.000000,0
residual,477,0,0.000000,0.555099,2,3,0,0.000000,0
residual,477,0,0.000000,0.555099,3,0,0,0.000000,0
residual,477,0,0.000000,0.555099,3,1,0,0.000000,0
residual,477,0,0.000000,0.555099,3,2,1,2.000000,1
residual,477,0,0.000000,0.555099,3,3,1,2.000000,1
residual,501,0,0.000000,0.744779,0,0,0,0.000000,0
residual,501,0,0.000000,0.744779,0,1,1,0.415037,1
residual,501,0,0.000000,0.744779,0,2,0,0.000000,0
residual,501,0,0.000000,0.744779,0,3,1,0.415037,1
residual,501,0,0.000000,0.744779,1,0,1,0.830075,1
residual,501,0,0.000000,0.744779,1,1,1,0.276692,1
residual,501,0,0.000000,0.744779,1,2,1,0.830075,1
residual,501,0,0.000000,0.744779,1,3,0,0.000000,0
residual,501,0,0.000000,0.744779,2,0,1,2.000000,1
residual,501,0,0.000000,0.744779,2,1,1,2.000000,1
residual,501,0,0.000000,0.744779,2,2,0,0.000000,0
residual,501,0,0.000000,0.744779,2,3,0,0.000000,0
residual,501,0,0.000000,0.744779,3,0,0,0.000000,0
residual,501,0,0.000000,0.744779,3,1,0,0.000000,0
residual,501,0,0.000000,0.744779,3,2,0,0.000000,0
residual,501,0,0.000000,0.744779,3,3,0,0.000000,0
residual,526,1,0.830075,0.499158,0,0,1,0.415037,0
residual,526,1,0.830075,0.499158,0,1,1,0.830075,0
residual,526,1,0.830075,0.499158,0,2,1,0.830075,0
residual,526,1,0.830075,0.499158,0,3,1,0.830075,0
residual,526,1,0.830075,0.499158,1,0,1,0.415037,0
residual,526,1,0.830075,0.499158,1,1,1,0.415037,0
residual,526,1,0.830075,0.499158,1,2,0,0.000000,1
residual,526,1,0.830075,0.499158,1,3,1,0.415037,0
residual,526,1,0.830075,0.499158,2,0,1,0.415037,0
residual,526,1,0.830075,0.499158,2,1,0,0.000000,1
residual,526,1,0.830075,0.499158,2,2,1,0.415037,0
residual,526,1,0.830075,0.499158,2,3,1,0.415037,0
residual,526,1,0.830075,0.499158,3,0,0,0.000000,1
residual,526,1,0.830075,0.499158,3,1,0,0.000000,1
residual,526,1,0.830075,0.499158,3,2,1,2.000000,0
residual,526,1,0.830075,0.499158,3,3,1,2.000000,0
residual,540,0,0.000000,0.840000,0,0,0,0.000000,0
residual,540,0,0.000000,0.840000,0,1,0,0.000000,0
residual,540,0,0.000000,0.840000,0,2,1,0.830075,1
residual,540,0,0.000000,0.840000,0,3,0,0.000000,0
residual,540,0,0.000000,0.840000,1,0,0,0.000000,0
residual,540,0,0.000000,0.840000,1,1,1,0.830075,1
residual,540,0,0.000000,0.840000,1,2,0,0.000000,0
residual,540,0,0.000000,0.840000,1,3,1,0.415037,1
residual,540,0,0.000000,0.840000,2,0,0,0.000000,0
residual,540,0,0.000000,0.840000,2,1,0,0.000000,0
residual,540,0,0.000000,0.840000,2,2,1,0.830075,1
residual,540,0,0.000000,0.840000,2,3,1,0.830075,1
residual,540,0,0.000000,0.840000,3,0,0,0.000000,0
residual,540,0,0.000000,0.840000,3,1,1,0.276692,1
residual,540,0,0.000000,0.840000,3,2,0,0.000000,0
residual,540,0,0.000000,0.840000,3,3,0,0.000000,0
residual,570,1,0.415037,0.330256,0,0,0,0.000000,1
residual,570,1,0.415037,0.330256,0,1,1,0.207519,0
residual,570,1,0.415037,0.330256,0,2,1,0.415037,0
residual,570,1,0.415037,0.330256,0,3,1,0.415037,0
residual,570,1,0.415037,0.330256,1,0,1,0.415037,0
residual,570,1,0.415037,0.330256,1,1,0,0.000000,1
residual,570,1,0.415037,0.330256,1,2,1,0.830075,0
residual,570,1,0.415037,0.330256,1,3,1,0.415037,0
residual,570,1,0.415037,0.330256,2,0,1,0.830075,0
residual,570,1,0.415037,0.330256,2,1,1,0.415037,0
residual,570,1,0.415037,0.330256,2,2,1,0.415037,0
residual,570,1,0.415037,0.330256,2,3,0,0.000000,1
residual,570,1,0.415037,0.330256,3,0,0,0.000000,1
residual,570,1,0.415037,0.330256,3,1,0,0.000000,1
residual,570,1,0.415037,0.330256,3,2,0,0.000000,1
residual,570,1,0.415037,0.330256,3,3,0,0.000000,1
residual,584,1,0.830075,0.446304,0,0,1,1.000000,0
residual,584,1,0.830075,0.446304,0,1,1,1.000000,0
residual,584,1,0.830075,0.446304,0,2,0,0.000000,1
residual,584,1,0.830075,0.446304,0,3,0,0.000000,1
residual,584,1,0.830075,0.446304,1,0,0,0.000000,1
residual,584,1,0.830075,0.446304,1,1,1,0.830075,0
residual,584,1,0.830075,0.446304,1,2,0,0.000000,1
residual,584,1,0.830075,0.446304,1,3,1,0.830075,0
residual,584,1,0.830075,0.446304,2,0,0,0.000000,1
residual,584,1,0.830075,0.446304,2,1,1,0.830075,0
residual,584,1,0.830075,0.446304,2,2,0,0.000000,1
residual,584,1,0.830075,0.446304,2,3,1,0.830075,0
residual,584,1,0.830075,0.446304,3,0,1,0.830075,0
residual,584,1,0.830075,0.446304,3,1,0,0.000000,1
residual,584,1,0.830075,0.446304,3,2,0,0.000000,1
residual,584,1,0.830075,0.446304,3,3,0,0.000000,1
residual,585,0,0.000000,0.819790,0,0,0,0.000000,0
residual,585,0,0.000000,0.819790,0,1,0,0.000000,0
residual,585,0,0.000000,0.819790,0,2,0,0.000000,0
residual,585,0,0.000000,0.819790,0,3,0,0.000000,0
residual,585,0,0.000000,0.819790,1,0,0,0.000000,0
residual,585,0,0.000000,0.819790,1,1,0,0.000000,0
residual,585,0,0.000000,0.819790,1,2,0,0.000000,0
residual,585,0,0.000000,0.819790,1,3,1,1.000000,1
residual,585,0,0.000000,0.819790,2,0,0,0.000000,0
residual,585,0,0.000000,0.819790,2,1,0,0.000000,0
residual,585,0,0.000000,0.819790,2,2,1,0.166015,1
residual,585,0,0.000000,0.819790,2,3,1,0.830075,1
residual,585,0,0.000000,0.819790,3,0,1,2.000000,1
residual,585,0,0.000000,0.819790,3,1,1,2.000000,1
residual,585,0,0.000000,0.819790,3,2,0,0.000000,0
residual,585,0,0.000000,0.819790,3,3,0,0.000000,0
residual,588,0,0.000000,0.527063,0,0,0,0.000000,0
residual,588,0,0.000000,0.527063,0,1,0,0.000000,0
residual,588,0,0.000000,0.527063,0,2,0,0.000000,0
residual,588,0,0.000000,0.527063,0,3,0,0.000000,0
residual,588,0,0.000000,0.527063,1,0,0,0.000000,0
residual,588,0,0.000000,0.527063,1,1,0,0.000000,0
residual,588,0,0.000000,0.527063,1,2,1,0.415037,1
residual,588,0,0.000000,0.527063,1,3,1,0.415037,1
residual,588,0,0.000000,0.527063,2,0,0,0.000000,0
residual,588,0,0.000000,0.527063,2,1,0,0.000000,0
residual,588,0,0.000000,0.527063,2,2,0,0.000000,0
residual,588,0,0.000000,0.527063,2,3,1,0.207519,1
residual,588,0,0.000000,0.527063,3,0,1,0.830075,1
residual,588,0,0.000000,0.527063,3,1,0,0.000000,0
residual,588,0,0.000000,0.527063,3,2,0,0.000000,0
residual,588,0,0.000000,0.527063,3,3,1,0.830075,1
residual,596,1,0.830075,0.113938,0,0,1,0.830075,0
residual,596,1,0.830075,0.113938,0,1,1,0.415037,0
residual,596,1,0.830075,0.113938,0,2,0,0.000000,1
residual,596,1,0.830075,0.113938,0,3,0,0.000000,1
residual,596,1,0.830075,0.113938,1,0,1,0.830075,0
residual,596,1,0.830075,0.113938,1,1,1,0.830075,0
residual,596,1,0.830075,0.113938,1,2,0,0.000000,1
residual,596,1,0.830075,0.113938,1,3,0,0.000000,1
residual,596,1,0.830075,0.113938,2,0,1,0.830075,0
residual,596,1,0.830075,0.113938,2,1,1,0.830075,0
residual,596,1,0.830075,0.113938,2,2,0,0.000000,1
residual,596,1,0.830075,0.113938,2,3,0,0.000000,1
residual,596,1,0.830075,0.113938,3,0,1,0.415037,0
residual,596,1,0.830075,0.113938,3,1,1,0.415037,0
residual,596,1,0.830075,0.113938,3,2,0,0.000000,1
residual,596,1,0.830075,0.113938,3,3,0,0.000000,1
residual,598,0,0.000000,0.986250,0,0,0,0.000000,0
residual,598,0,0.000000,0.986250,0,1,0,0.000000,0
residual,598,0,0.000000,0.986250,0,2,0,0.000000,0
residual,598,0,0.000000,0.986250,0,3,0,0.000000,0
residual,598,0,0.000000,0.986250,1,0,0,0.000000,0
residual,598,0,0.000000,0.986250,1,1,1,0.830075,1
residual,598,0,0.000000,0.986250,1,2,0,0.000000,0
residual,598,0,0.000000,0.986250,1,3,0,0.000000,0
residual,598,0,0.000000,0.986250,2,0,0,0.000000,0
residual,598,0,0.000000,0.986250,2,1,0,0.000000,0
residual,598,0,0.000000,0.986250,2,2,0,0.000000,0
residual,598,0,0.000000,0.986250,2,3,0,0.000000,0
residual,598,0,0.000000,0.986250,3,0,0,0.000000,0
residual,598,0,0.000000,0.986250,3,1,0,0.000000,0
residual,598,0,0.000000,0.986250,3,2,0,0.000000,0
residual,598,0,0.000000,0.986250,3,3,1,0.830075,1
residual,601,1,0.830075,0.154304,0,0,1,0.830075,0
residual,601,1,0.830075,0.154304,0,1,1,0.830075,0
residual,601,1,0.830075,0.154304,0,2,1,0.415037,0
residual,601,1,0.830075,0.154304,0,3,0,0.000000,1
residual,601,1,0.830075,0.154304,1,0,1,2.000000,0
residual,601,1,0.830075,0.154304,1,1,0,0.000000,1
residual,601,1,0.830075,0.154304,1,2,1,2.000000,0
residual,601,1,0.830075,0.154304,1,3,0,0.000000,1
residual,601,1,0.830075,0.154304,2,0,0,0.000000,1
residual,601,1,0.830075,0.154304,2,1,0,0.000000,1
residual,601,1,0.830075,0.154304,2,2,1,0.830075,0
residual,601,1,0.830075,0.154304,2,3,1,0.830075,0
residual,601,1,0.830075,0.154304,3,0,0,0.000000,1
residual,601,1,0.830075,0.154304,3,1,1,0.415037,0
residual,601,1,0.830075,0.154304,3,2,0,0.000000,1
residual,601,1,0.830075,0.154304,3,3,1,0.415037,0
residual,602,1,0.830075,0.380000,0,0,1,0.830075,0
residual,602,1,0.830075,0.380000,0,1,1,0.830075,0
residual,602,1,0.830075,0.380000,0,2,0,0.000000,1
residual,602,1,0.830075,0.380000,0,3,0,0.000000,1
residual,602,1,0.830075,0.380000,1,0,1,0.415037,0
residual,602,1,0.830075,0.380000,1,1,0,0.000000,1
residual,602,1,0.830075,0.380000,1,2,1,0.830075,0
residual,602,1,0.830075,0.380000,1,3,1,0.415037,0
residual,602,1,0.830075,0.380000,2,0,1,0.415037,0
residual,602,1,0.830075,0.380000,2,1,0,0.000000,1
residual,602,1,0.830075,0.380000,2,2,1,0.830075,0
residual,602,1,0.830075,0.380000,2,3,1,0.830075,0
residual,602,1,0.830075,0.380000,3,0,1,0.830075,0
residual,602,1,0.830075,0.380000,3,1,0,0.000000,1
residual,602,1,0.830075,0.380000,3,2,1,0.830075,0
residual,602,1,0.830075,0.380000,3,3,0,0.000000,1
residual,605,0,0.000000,0.612500,0,0,0,0.000000,0
residual,605,0,0.000000,0.612500,0,1,0,0.000000,0
residual,605,0,0.000000,0.612500,0,2,0,0.000000,0
residual,605,0,0.000000,0.612500,0,3,0,0.000000,0
residual,605,0,0.000000,0.612500,1,0,1,1.000000,1
residual,605,0,0.000000,0.612500,1,1,0,0.000000,0
residual,605,0,0.000000,0.612500,1,2,1,2.000000,1
residual,605,0,0.000000,0.612500,1,3,0,0.000000,0
residual,605,0,0.000000,0.612500,2,0,0,0.000000,0
residual,605,0,0.000000,0.612500,2,1,0,0.000000,0
residual,605,0,0.000000,0.612500,2,2,1,0.415037,1
residual,605,0,0.000000,0.612500,2,3,0,0.000000,0
residual,605,0,0.000000,0.612500,3,0,0,0.000000,0
residual,605,0,0.000000,0.612500,3,1,0,0.000000,0
residual,605,0,0.000000,0.612500,3,2,0,0.000000,0
residual,605,0,0.000000,0.612500,3,3,1,0.830075,1
residual,616,0,0.000000,0.829672,0,0,0,0.000000,0
residual,616,0,0.000000,0.829672,0,1,0,0.000000,0
residual,616,0,0.000000,0.829672,0,2,0,0.000000,0
residual,616,0,0.000000,0.829672,0,3,0,0.000000,0
residual,616,0,0.000000,0.829672,1,0,0,0.000000,0
residual,616,0,0.000000,0.829672,1,1,1,0.415037,1
residual,616,0,0.000000,0.829672,1,2,0,0.000000,0
residual,616,0,0.000000,0.829672,1,3,1,0.415037,1
residual,616,0,0.000000,0.829672,2,0,1,0.830075,1
residual,616,0,0.000000,0.829672,2,1,1,0.207519,1
residual,616,0,0.000000,0.829672,2,2,0,0.000000,0
residual,616,0,0.000000,0.829672,2,3,0,0.000000,0
residual,616,0,0.000000,0.829672,3,0,1,0.830075,1
residual,616,0,0.000000,0.829672,3,1,0,0.000000,0
residual,616,0,0.000000,0.829672,3,2,0,0.000000,0
residual,616,0,0.000000,0.829672,3,3,0,0.000000,0
residual,617,1,0.830075,0.185417,0,0,1,0.830075,0
residual,617,1,0.830075,0.185417,0,1,0,0.000000,1
residual,617,1,0.830075,0.185417,0,2,1,0.830075,0
residual,617,1,0.830075,0.185417,0,3,1,0.830075,0
residual,617,1,0.830075,0.185417,1,0,0,0.000000,1
residual,617,1,0.830075,0.185417,1,1,0,0.000000,1
residual,617,1,0.830075,0.185417,1,2,1,0.830075,0
residual,617,1,0.830075,0.185417,1,3,1,0.415037,0
residual,617,1,0.830075,0.185417,2,0,0,0.000000,1
residual,617,1,0.830075,0.185417,2,1,1,0.830075,0
residual,617,1,0.830075,0.185417,2,2,0,0.000000,1
residual,617,1,0.830075,0.185417,2,3,1,0.830075,0
residual,617,1,0.830075,0.185417,3,0,0,0.000000,1
residual,617,1,0.830075,0.185417,3,1,0,0.000000,1
residual,617,1,0.830075,0.185417,3,2,0,0.000000,1
residual,617,1,0.830075,0.185417,3,3,1,0.830075,0
residual,625,1,0.415037,0.154304,0,0,1,0.830075,0
residual,625,1,0.415037,0.154304,0,1,1,0.830075,0
residual,625,1,0.415037,0.154304,0,2,0,0.000000,1
residual,625,1,0.415037,0.154304,0,3,1,0.830075,0
residual,625,1,0.415037,0.154304,1,0,1,0.415037,0
residual,625,1,0.415037,0.154304,1,1,0,0.000000,1
residual,625,1,0.415037,0.154304,1,2,1,0.830075,0
residual,625,1,0.415037,0.154304,1,3,1,0.830075,0
residual,625,1,0.415037,0.154304,2,0,0,0.000000,1
residual,625,1,0.415037,0.154304,2,1,0,0.000000,1
residual,625,1,0.415037,0.154304,2,2,1,0.415037,0
residual,625,1,0.415037,0.154304,2,3,1,0.415037,0
residual,625,1,0.415037,0.154304,3,0,0,0.000000,1
residual,625,1,0.415037,0.154304,3,1,0,0.000000,1
residual,625,1,0.415037,0.154304,3,2,1,2.000000,0
residual,625,1,0.415037,0.154304,3,3,1,2.000000,0
residual,627,0,0.000000,0.829672,0,0,0,0.000000,0
residual,627,0,0.000000,0.829672,0,1,0,0.000000,0
residual,627,0,0.000000,0.829672,0,2,0,0.000000,0
residual,627,0,0.000000,0.829672,0,3,0,0.000000,0
residual,627,0,0.000000,0.829672,1,0,1,0.415037,1
residual,627,0,0.000000,0.829672,1,1,0,0.000000,0
residual,627,0,0.000000,0.829672,1,2,1,0.830075,1
residual,627,0,0.000000,0.829672,1,3,0,0.000000,0
residual,627,0,0.000000,0.829672,2,0,0,0.000000,0
residual,627,0,0.000000,0.829672,2,1,0,0.000000,0
residual,627,0,0.000000,0.829672,2,2,0,0.000000,0
residual,627,0,0.000000,0.829672,2,3,1,0.830075,1
residual,627,0,0.000000,0.829672,3,0,0,0.000000,0
residual,627,0,0.000000,0.829672,3,1,0,0.000000,0
residual,627,0,0.000000,0.829672,3,2,1,0.415037,1
residual,627,0,0.000000,0.829672,3,3,1,0.415037,1
residual,631,0,0.000000,0.955071,0,0,0,0.000000,0
residual,631,0,0.000000,0.955071,0,1,0,0.000000,0
residual,631,0,0.000000,0.955071,0,2,1,0.830075,1
residual,631,0,0.000000,0.955071,0,3,1,0.830075,1
residual,631,0,0.000000,0.955071,1,0,0,0.000000,0
residual,631,0,0.000000,0.955071,1,1,0,0.000000,0
residual,631,0,0.000000,0.955071,1,2,0,0.000000,0
residual,631,0,0.000000,0.955071,1,3,0,0.000000,0
residual,631,0,0.000000,0.955071,2,0,0,0.000000,0
residual,631,0,0.000000,0.955071,2,1,1,0.830075,1
residual,631,0,0.000000,0.955071,2,2,0,0.000000,0
residual,631,0,0.000000,0.955071,2,3,1,0.415037,1
residual,631,0,0.000000,0.955071,3,0,1,0.830075,1
residual,631,0,0.000000,0.955071,3,1,0,0.000000,0
residual,631,0,0.000000,0.955071,3,2,0,0.000000,0
residual,631,0,0.000000,0.955071,3,3,0,0.000000,0
residual,648,1,0.415037,0.247682,0,0,1,1.000000,0
residual,648,1,0.415037,0.247682,0,1,0,0.000000,1
residual,648,1,0.415037,0.247682,0,2,1,1.000000,0
residual,648,1,0.415037,0.247682,0,3,0,0.000000,1
residual,648,1,0.415037,0.247682,1,0,0,0.000000,1
residual,648,1,0.415037,0.247682,1,1,1,0.830075,0
residual,648,1,0.415037,0.247682,1,2,0,0.000000,1
residual,648,1,0.415037,0.247682,1,3,0,0.000000,1
residual,648,1,0.415037,0.247682,2,0,1,0.830075,0
residual,648,1,0.415037,0.247682,2,1,1,0.830075,0
residual,648,1,0.415037,0.247682,2,2,1,0.103759,0
residual,648,1,0.415037,0.247682,2,3,1,0.415037,0
residual,648,1,0.415037,0.247682,3,0,1,0.500000,0
residual,648,1,0.415037,0.247682,3,1,0,0.000000,1
residual,648,1,0.415037,0.247682,3,2,1,1.000000,0
residual,648,1,0.415037,0.247682,3,3,1,1.000000,0
residual,677,1,0.830075,0.446304,0,0,1,0.830075,0
residual,677,1,0.830075,0.446304,0,1,0,0.000000,1
residual,677,1,0.830075,0.446304,0,2,1,0.830075,0
residual,677,1,0.830075,0.446304,0,3,0,0.000000,1
residual,677,1,0.830075,0.446304,1,0,1,0.830075,0
residual,677,1,0.830075,0.446304,1,1,0,0.000000,1
residual,677,1,0.830075,0.446304,1,2,1,0.830075,0
residual,677,1,0.830075,0.446304,1,3,1,0.415037,0
residual,677,1,0.830075,0.446304,2,0,1,0.830075,0
residual,677,1,0.830075,0.446304,2,1,0,0.000000,1
residual,677,1,0.830075,0.446304,2,2,1,0.830075,0
residual,677,1,0.830075,0.446304,2,3,0,0.000000,1
residual,677,1,0.830075,0.446304,3,0,1,0.415037,0
residual,677,1,0.830075,0.446304,3,1,1,0.415037,0
residual,677,1,0.830075,0.446304,3,2,0,0.000000,1
residual,677,1,0.830075,0.446304,3,3,0,0.000000,1
residual,711,1,0.830075,0.392500,0,0,1,0.830075,0
residual,711,1,0.830075,0.392500,0,1,1,0.415037,0
residual,711,1,0.830075,0.392500,0,2,0,0.000000,1
residual,711,1,0.830075,0.392500,0,3,0,0.000000,1
residual,711,1,0.830075,0.392500,1,0,1,0.830075,0
residual,711,1,0.830075,0.392500,1,1,1,0.830075,0
residual,711,1,0.830075,0.392500,1,2,1,0.830075,0
residual,711,1,0.830075,0.392500,1,3,1,0.830075,0
residual,711,1,0.830075,0.392500,2,0,1,0.830075,0
residual,711,1,0.830075,0.392500,2,1,0,0.000000,1
residual,711,1,0.830075,0.392500,2,2,1,0.415037,0
residual,711,1,0.830075,0.392500,2,3,1,0.415037,0
residual,711,1,0.830075,0.392500,3,0,1,0.830075,0
residual,711,1,0.830075,0.392500,3,1,0,0.000000,1
residual,711,1,0.830075,0.392500,3,2,1,0.830075,0
residual,711,1,0.830075,0.392500,3,3,0,0.000000,1
residual,720,0,0.000000,0.748504,0,0,0,0.000000,0
residual,720,0,0.000000,0.748504,0,1,0,0.000000,0
residual,720,0,0.000000,0.748504,0,2,0,0.000000,0
residual,720,0,0.000000,0.748504,0,3,0,0.000000,0
residual,720,0,0.000000,0.748504,1,0,1,0.415037,1
residual,720,0,0.000000,0.748504,1,1,0,0.000000,0
residual,720,0,0.000000,0.748504,1,2,1,0.415037,1
residual,720,0,0.000000,0.748504,1,3,0,0.000000,0
residual,720,0,0.000000,0.748504,2,0,1,0.830075,1
residual,720,0,0.000000,0.748504,2,1,0,0.000000,0
residual,720,0,0.000000,0.748504,2,2,1,0.415037,1
residual,720,0,0.000000,0.748504,2,3,0,0.000000,0
residual,720,0,0.000000,0.748504,3,0,0,0.000000,0
residual,720,0,0.000000,0.748504,3,1,0,0.000000,0
residual,720,0,0.000000,0.748504,3,2,1,0.415037,1
residual,720,0,0.000000,0.748504,3,3,0,0.000000,0
residual,729,1,2.000000,0.382595,0,0,0,0.000000,1
residual,729,1,2.000000,0.382595,0,1,1,2.000000,0
residual,729,1,2.000000,0.382595,0,2,0,0.000000,1
residual,729,1,2.000000,0.382595,0,3,1,2.000000,0
residual,729,1,2.000000,0.382595,1,0,0,0.000000,1
residual,729,1,2.000000,0.382595,1,1,1,0.830075,0
residual,729,1,2.000000,0.382595,1,2,1,0.415037,0
residual,729,1,2.000000,0.382595,1,3,1,0.830075,0
residual,729,1,2.000000,0.382595,2,0,0,0.000000,1
residual,729,1,2.000000,0.382595,2,1,1,1.000000,0
residual,729,1,2.000000,0.382595,2,2,1,2.000000,0
residual,729,1,2.000000,0.382595,2,3,1,2.000000,0
residual,729,1,2.000000,0.382595,3,0,0,0.000000,1
residual,729,1,2.000000,0.382595,3,1,1,0.830075,0
residual,729,1,2.000000,0.382595,3,2,0,0.000000,1
residual,729,1,2.000000,0.382595,3,3,1,1.000000,0
residual,743,0,0.000000,0.998750,0,0,1,1.000000,1
residual,743,0,0.000000,0.998750,0,1,1,1.000000,1
residual,743,0,0.000000,0.998750,0,2,0,0.000000,0
residual,743,0,0.000000,0.998750,0,3,0,0.000000,0
residual,743,0,0.000000,0.998750,1,0,0,0.000000,0
residual,743,0,0.000000,0.998750,1,1,0,0.000000,0
residual,743,0,0.000000,0.998750,1,2,1,2.000000,1
residual,743,0,0.000000,0.998750,1,3,1,2.000000,1
residual,743,0,0.000000,0.998750,2,0,1,0.830075,1
residual,743,0,0.000000,0.998750,2,1,1,0.830075,1
residual,743,0,0.000000,0.998750,2,2,1,0.830075,1
residual,743,0,0.000000,0.998750,2,3,1,0.415037,1
residual,743,0,0.000000,0.998750,3,0,0,0.000000,0
residual,743,0,0.000000,0.998750,3,1,0,0.000000,0
residual,743,0,0.000000,0.998750,3,2,0,0.000000,0
residual,743,0,0.000000,0.998750,3,3,0,0.000000,0
residual,760,1,0.500000,0.446917,0,0,1,0.500000,0
residual,760,1,0.500000,0.446917,0,1,0,0.000000,1
residual,760,1,0.500000,0.446917,0,2,1,0.500000,0
residual,760,1,0.500000,0.446917,0,3,0,0.000000,1
residual,760,1,0.500000,0.446917,1,0,0,0.000000,1
residual,760,1,0.500000,0.446917,1,1,1,0.415037,0
residual,760,1,0.500000,0.446917,1,2,1,0.207519,0
residual,760,1,0.500000,0.446917,1,3,1,0.415037,0
residual,760,1,0.500000,0.446917,2,0,1,0.415037,0
residual,760,1,0.500000,0.446917,2,1,0,0.000000,1
residual,760,1,0.500000,0.446917,2,2,0,0.000000,1
residual,760,1,0.500000,0.446917,2,3,0,0.000000,1
residual,760,1,0.500000,0.446917,3,0,1,0.415037,0
residual,760,1,0.500000,0.446917,3,1,1,0.415037,0
residual,760,1,0.500000,0.446917,3,2,1,0.207519,0
residual,760,1,0.500000,0.446917,3,3,1,0.500000,0
residual,773,0,0.000000,0.856250,0,0,1,0.415037,1
residual,773,0,0.000000,0.856250,0,1,0,0.000000,0
residual,773,0,0.000000,0.856250,0,2,1,0.830075,1
residual,773,0,0.000000,0.856250,0,3,0,0.000000,0
residual,773,0,0.000000,0.856250,1,0,1,2.000000,1
residual,773,0,0.000000,0.856250,1,1,1,2.000000,1
residual,773,0,0.000000,0.856250,1,2,0,0.000000,0
residual,773,0,0.000000,0.856250,1,3,0,0.000000,0
residual,773,0,0.000000,0.856250,2,0,0,0.000000,0
residual,773,0,0.000000,0.856250,2,1,0,0.000000,0
residual,773,0,0.000000,0.856250,2,2,1,0.415037,1
residual,773,0,0.000000,0.856250,2,3,1,0.415037,1
residual,773,0,0.000000,0.856250,3,0,0,0.000000,0
residual,773,0,0.000000,0.856250,3,1,0,0.000000,0
residual,773,0,0.000000,0.856250,3,2,0,0.000000,0
residual,773,0,0.000000,0.856250,3,3,0,0.000000,0
residual,809,1,0.415037,0.377205,0,0,1,1.000000,0
residual,809,1,0.415037,0.377205,0,1,1,1.000000,0
residual,809,1,0.415037,0.377205,0,2,0,0.000000,1
residual,809,1,0.415037,0.377205,0,3,1,2.000000,0
residual,809,1,0.415037,0.377205,1,0,1,2.000000,0
residual,809,1,0.415037,0.377205,1,1,0,0.000000,1
residual,809,1,0.415037,0.377205,1,2,1,2.000000,0
residual,809,1,0.415037,0.377205,1,3,0,0.000000,1
residual,809,1,0.415037,0.377205,2,0,1,0.830075,0
residual,809,1,0.415037,0.377205,2,1,1,0.830075,0
residual,809,1,0.415037,0.377205,2,2,1,0.207519,0
residual,809,1,0.415037,0.377205,2,3,1,0.415037,0
residual,809,1,0.415037,0.377205,3,0,1,0.415037,0
residual,809,1,0.415037,0.377205,3,1,0,0.000000,1
residual,809,1,0.415037,0.377205,3,2,0,0.000000,1
residual,809,1,0.415037,0.377205,3,3,0,0.000000,1
residual,842,0,0.000000,0.743834,0,0,1,2.000000,1
residual,842,0,0.000000,0.743834,0,1,0,0.000000,0
residual,842,0,0.000000,0.743834,0,2,1,1.000000,1
residual,842,0,0.000000,0.743834,0,3,0,0.000000,0
residual,842,0,0.000000,0.743834,1,0,0,0.000000,0
residual,842,0,0.000000,0.743834,1,1,0,0.000000,0
residual,842,0,0.000000,0.743834,1,2,1,0.415037,1
residual,842,0,0.000000,0.743834,1,3,1,0.415037,1
residual,842,0,0.000000,0.743834,2,0,0,0.000000,0
residual,842,0,0.000000,0.743834,2,1,0,0.000000,0
residual,842,0,0.000000,0.743834,2,2,0,0.000000,0
residual,842,0,0.000000,0.743834,2,3,0,0.000000,0
residual,842,0,0.000000,0.743834,3,0,1,0.415037,1
residual,842,0,0.000000,0.743834,3,1,0,0.000000,0
residual,842,0,0.000000,0.743834,3,2,1,0.830075,1
residual,842,0,0.000000,0.743834,3,3,0,0.000000,0
residual,857,0,0.000000,0.980000,0,0,0,0.000000,0
residual,857,0,0.000000,0.980000,0,1,0,0.000000,0
residual,857,0,0.000000,0.980000,0,2,0,0.000000,0
residual,857,0,0.000000,0.980000,0,3,1,1.000000,1
residual,857,0,0.000000,0.980000,1,0,0,0.000000,0
residual,857,0,0.000000,0.980000,1,1,0,0.000000,0
residual,857,0,0.000000,0.980000,1,2,0,0.000000,0
residual,857,0,0.000000,0.980000,1,3,0,0.000000,0
residual,857,0,0.000000,0.980000,2,0,0,0.000000,0
residual,857,0,0.000000,0.980000,2,1,0,0.000000,0
residual,857,0,0.000000,0.980000,2,2,0,0.000000,0
residual,857,0,0.000000,0.980000,2,3,0,0.000000,0
residual,857,0,0.000000,0.980000,3,0,0,0.000000,0
residual,857,0,0.000000,0.980000,3,1,0,0.000000,0
residual,857,0,0.000000,0.980000,3,2,0,0.000000,0
residual,857,0,0.000000,0.980000,3,3,1,1.000000,1
residual,860,0,0.000000,0.524132,0,0,0,0.000000,0
residual,860,0,0.000000,0.524132,0,1,0,0.000000,0
residual,860,0,0.000000,0.524132,0,2,0,0.000000,0
residual,860,0,0.000000,0.524132,0,3,0,0.000000,0
residual,860,0,0.000000,0.524132,1,0,1,0.415037,1
residual,860,0,0.000000,0.524132,1,1,0,0.000000,0
residual,860,0,0.000000,0.524132,1,2,1,0.830075,1
residual,860,0,0.000000,0.524132,1,3,0,0.000000,0
residual,860,0,0.000000,0.524132,2,0,0,0.000000,0
residual,860,0,0.000000,0.524132,2,1,0,0.000000,0
residual,860,0,0.000000,0.524132,2,2,1,0.415037,1
residual,860,0,0.000000,0.524132,2,3,1,0.415037,1
residual,860,0,0.000000,0.524132,3,0,0,0.000000,0
residual,860,0,0.000000,0.524132,3,1,1,0.830075,1
residual,860,0,0.000000,0.524132,3,2,0,0.000000,0
residual,860,0,0.000000,0.524132,3,3,1,0.830075,1
residual,886,0,0.000000,0.666971,0,0,0,0.000000,0
residual,886,0,0.000000,0.666971,0,1,1,0.415037,1
residual,886,0,0.000000,0.666971,0,2,0,0.000000,0
residual,886,0,0.000000,0.666971,0,3,1,0.415037,1
residual,886,0,0.000000,0.666971,1,0,1,0.207519,1
residual,886,0,0.000000,0.666971,1,1,0,0.000000,0
residual,886,0,0.000000,0.666971,1,2,1,0.415037,1
residual,886,0,0.000000,0.666971,1,3,0,0.000000,0
residual,886,0,0.000000,0.666971,2,0,0,0.000000,0
residual,886,0,0.000000,0.666971,2,1,0,0.000000,0
residual,886,0,0.000000,0.666971,2,2,0,0.000000,0
residual,886,0,0.000000,0.666971,2,3,0,0.000000,0
residual,886,0,0.000000,0.666971,3,0,0,0.000000,0
residual,886,0,0.000000,0.666971,3,1,1,0.415037,1
residual,886,0,0.000000,0.666971,3,2,0,0.000000,0
residual,886,0,0.000000,0.666971,3,3,0,0.000000,0
residual,892,0,0.000000,0.919938,0,0,0,0.000000,0
residual,892,0,0.000000,0.919938,0,1,0,0.000000,0
residual,892,0,0.000000,0.919938,0,2,1,1.000000,1
residual,892,0,0.000000,0.919938,0,3,0,0.000000,0
residual,892,0,0.000000,0.919938,1,0,0,0.000000,0
residual,892,0,0.000000,0.919938,1,1,0,0.000000,0
residual,892,0,0.000000,0.919938,1,2,1,0.830075,1
residual,892,0,0.000000,0.919938,1,3,0,0.000000,0
residual,892,0,0.000000,0.919938,2,0,1,0.415037,1
residual,892,0,0.000000,0.919938,2,1,1,0.415037,1
residual,892,0,0.000000,0.919938,2,2,1,0.830075,1
residual,892,0,0.000000,0.919938,2,3,1,0.830075,1
residual,892,0,0.000000,0.919938,3,0,0,0.000000,0
residual,892,0,0.000000,0.919938,3,1,0,0.000000,0
residual,892,0,0.000000,0.919938,3,2,1,1.000000,1
residual,892,0,0.000000,0.919938,3,3,0,0.000000,0
residual,912,0,0.000000,0.707459,0,0,0,0.000000,0
residual,912,0,0.000000,0.707459,0,1,0,0.000000,0
residual,912,0,0.000000,0.707459,0,2,0,0.000000,0
residual,912,0,0.000000,0.707459,0,3,0,0.000000,0
residual,912,0,0.000000,0.707459,1,0,0,0.000000,0
residual,912,0,0.000000,0.707459,1,1,0,0.000000,0
residual,912,0,0.000000,0.707459,1,2,0,0.000000,0
residual,912,0,0.000000,0.707459,1,3,0,0.000000,0
residual,912,0,0.000000,0.707459,2,0,1,0.415037,1
residual,912,0,0.000000,0.707459,2,1,0,0.000000,0
residual,912,0,0.000000,0.707459,2,2,1,0.415037,1
residual,912,0,0.000000,0.707459,2,3,0,0.000000,0
residual,912,0,0.000000,0.707459,3,0,0,0.000000,0
residual,912,0,0.000000,0.707459,3,1,0,0.000000,0
residual,912,0,0.000000,0.707459,3,2,1,0.830075,1
residual,912,0,0.000000,0.707459,3,3,1,0.415037,1
residual,949,0,0.000000,0.727918,0,0,1,0.415037,1
residual,949,0,0.000000,0.727918,0,1,0,0.000000,0
residual,949,0,0.000000,0.727918,0,2,0,0.000000,0
residual,949,0,0.000000,0.727918,0,3,1,0.415037,1
residual,949,0,0.000000,0.727918,1,0,0,0.000000,0
residual,949,0,0.000000,0.727918,1,1,1,0.415037,1
residual,949,0,0.000000,0.727918,1,2,1,0.415037,1
residual,949,0,0.000000,0.727918,1,3,0,0.000000,0
residual,949,0,0.000000,0.727918,2,0,0,0.000000,0
residual,949,0,0.000000,0.727918,2,1,0,0.000000,0
residual,949,0,0.000000,0.727918,2,2,0,0.000000,0
residual,949,0,0.000000,0.727918,2,3,1,0.500000,1
residual,949,0,0.000000,0.727918,3,0,1,0.207519,1
residual,949,0,0.000000,0.727918,3,1,1,0.415037,1
residual,949,0,0.000000,0.727918,3,2,0,0.000000,0
residual,949,0,0.000000,0.727918,3,3,1,0.415037,1
residual,961,0,0.000000,0.569458,0,0,0,0.000000,0
residual,961,0,0.000000,0.569458,0,1,0,0.000000,0
residual,961,0,0.000000,0.569458,0,2,0,0.000000,0
residual,961,0,0.000000,0.569458,0,3,0,0.000000,0
residual,961,0,0.000000,0.569458,1,0,1,0.415037,1
residual,961,0,0.000000,0.569458,1,1,0,0.000000,0
residual,961,0,0.000000,0.569458,1,2,1,0.415037,1
residual,961,0,0.000000,0.569458,1,3,0,0.000000,0
residual,961,0,0.000000,0.569458,2,0,0,0.000000,0
residual,961,0,0.000000,0.569458,2,1,0,0.000000,0
residual,961,0,0.000000,0.569458,2,2,0,0.000000,0
residual,961,0,0.000000,0.569458,2,3,0,0.000000,0
residual,961,0,0.000000,0.569458,3,0,0,0.000000,0
residual,961,0,0.000000,0.569458,3,1,1,0.415037,1
residual,961,0,0.000000,0.569458,3,2,0,0.000000,0
residual,961,0,0.000000,0.569458,3,3,0,0.000000,0
residual,965,0,0.000000,0.666971,0,0,0,0.000000,0
residual,965,0,0.000000,0.666971,0,1,0,0.000000,0
residual,965,0,0.000000,0.666971,0,2,1,0.276692,1
residual,965,0,0.000000,0.666971,0,3,0,0.000000,0
residual,965,0,0.000000,0.666971,1,0,0,0.000000,0
residual,965,0,0.000000,0.666971,1,1,1,0.415037,1
residual,965,0,0.000000,0.666971,1,2,1,0.415037,1
residual,965,0,0.000000,0.666971,1,3,1,1.000000,1
residual,965,0,0.000000,0.666971,2,0,1,0.830075,1
residual,965,0,0.000000,0.666971,2,1,0,0.000000,0
residual,965,0,0.000000,0.666971,2,2,0,0.000000,0
residual,965,0,0.000000,0.666971,2,3,0,0.000000,0
residual,965,0,0.000000,0.666971,3,0,0,0.000000,0
residual,965,0,0.000000,0.666971,3,1,0,0.000000,0
residual,965,0,0.000000,0.666971,3,2,0,0.000000,0
residual,965,0,0.000000,0.666971,3,3,1,0.415037,1
residual,969,0,0.000000,0.815151,0,0,1,0.415037,1
residual,969,0,0.000000,0.815151,0,1,0,0.000000,0
residual,969,0,0.000000,0.815151,0,2,1,0.415037,1
residual,969,0,0.000000,0.815151,0,3,0,0.000000,0
residual,969,0,0.000000,0.815151,1,0,0,0.000000,0
residual,969,0,0.000000,0.815151,1,1,0,0.000000,0
residual,969,0,0.000000,0.815151,1,2,1,0.830075,1
residual,969,0,0.000000,0.815151,1,3,1,0.830075,1
residual,969,0,0.000000,0.815151,2,0,0,0.000000,0
residual,969,0,0.000000,0.815151,2,1,1,0.830075,1
residual,969,0,0.000000,0.815151,2,2,0,0.000000,0
residual,969,0,0.000000,0.815151,2,3,0,0.000000,0
residual,969,0,0.000000,0.815151,3,0,0,0.000000,0
residual,969,0,0.000000,0.815151,3,1,0,0.000000,0
residual,969,0,0.000000,0.815151,3,2,0,0.000000,0
residual,969,0,0.000000,0.815151,3,3,0,0.000000,0
residual,972,0,0.000000,0.743137,0,0,0,0.000000,0
residual,972,0,0.000000,0.743137,0,1,0,0.000000,0
residual,972,0,0.000000,0.743137,0,2,0,0.000000,0
residual,972,0,0.000000,0.743137,0,3,1,0.830075,1
residual,972,0,0.000000,0.743137,1,0,1,2.000000,1
residual,972,0,0.000000,0.743137,1,1,0,0.000000,0
residual,972,0,0.000000,0.743137,1,2,1,2.000000,1
residual,972,0,0.000000,0.743137,1,3,0,0.000000,0
residual,972,0,0.000000,0.743137,2,0,0,0.000000,0
residual,972,0,0.000000,0.743137,2,1,1,0.415037,1
residual,972,0,0.000000,0.743137,2,2,0,0.000000,0
residual,972,0,0.000000,0.743137,2,3,1,0.415037,1
residual,972,0,0.000000,0.743137,3,0,0,0.000000,0
residual,972,0,0.000000,0.743137,3,1,0,0.000000,0
residual,972,0,0.000000,0.743137,3,2,0,0.000000,0
residual,972,0,0.000000,0.743137,3,3,0,0.000000,0
residual,992,0,0.000000,0.503424,0,0,1,0.415037,1
residual,992,0,0.000000,0.503424,0,1,0,0.000000,0
residual,992,0,0.000000,0.503424,0,2,1,0.415037,1
residual,992,0,0.000000,0.503424,0,3,1,0.830075,1
residual,992,0,0.000000,0.503424,1,0,1,0.830075,1
residual,992,0,0.000000,0.503424,1,1,1,0.830075,1
residual,992,0,0.000000,0.503424,1,2,1,0.830075,1
residual,992,0,0.000000,0.503424,1,3,0,0.000000,0
residual,992,0,0.000000,0.503424,2,0,0,0.000000,0
residual,992,0,0.000000,0.503424,2,1,0,0.000000,0
residual,992,0,0.000000,0.503424,2,2,0,0.000000,0
residual,992,0,0.000000,0.503424,2,3,1,0.830075,1
residual,992,0,0.000000,0.503424,3,0,0,0.000000,0
residual,992,0,0.000000,0.503424,3,1,1,0.415037,1
residual,992,0,0.000000,0.503424,3,2,1,0.830075,1
residual,992,0,0.000000,0.503424,3,3,1,0.415037,1
near_hit_control,2,1,0.415037,0.722292,0,0,1,0.830075,0
near_hit_control,2,1,0.415037,0.722292,0,1,1,0.830075,0
near_hit_control,2,1,0.415037,0.722292,0,2,0,0.000000,1
near_hit_control,2,1,0.415037,0.722292,0,3,0,0.000000,1
near_hit_control,2,1,0.415037,0.722292,1,0,1,0.415037,0
near_hit_control,2,1,0.415037,0.722292,1,1,1,0.415037,0
near_hit_control,2,1,0.415037,0.722292,1,2,0,0.000000,1
near_hit_control,2,1,0.415037,0.722292,1,3,1,0.830075,0
near_hit_control,2,1,0.415037,0.722292,2,0,1,2.000000,0
near_hit_control,2,1,0.415037,0.722292,2,1,0,0.000000,1
near_hit_control,2,1,0.415037,0.722292,2,2,1,2.000000,0
near_hit_control,2,1,0.415037,0.722292,2,3,0,0.000000,1
near_hit_control,2,1,0.415037,0.722292,3,0,1,1.000000,0
near_hit_control,2,1,0.415037,0.722292,3,1,0,0.000000,1
near_hit_control,2,1,0.415037,0.722292,3,2,0,0.000000,1
near_hit_control,2,1,0.415037,0.722292,3,3,0,0.000000,1
near_hit_control,24,1,0.415037,0.695000,0,0,1,0.830075,0
near_hit_control,24,1,0.415037,0.695000,0,1,1,0.830075,0
near_hit_control,24,1,0.415037,0.695000,0,2,1,0.415037,0
near_hit_control,24,1,0.415037,0.695000,0,3,0,0.000000,1
near_hit_control,24,1,0.415037,0.695000,1,0,1,0.830075,0
near_hit_control,24,1,0.415037,0.695000,1,1,0,0.000000,1
near_hit_control,24,1,0.415037,0.695000,1,2,1,0.415037,0
near_hit_control,24,1,0.415037,0.695000,1,3,1,0.207519,0
near_hit_control,24,1,0.415037,0.695000,2,0,0,0.000000,1
near_hit_control,24,1,0.415037,0.695000,2,1,0,0.000000,1
near_hit_control,24,1,0.415037,0.695000,2,2,0,0.000000,1
near_hit_control,24,1,0.415037,0.695000,2,3,1,0.830075,0
near_hit_control,24,1,0.415037,0.695000,3,0,0,0.000000,1
near_hit_control,24,1,0.415037,0.695000,3,1,1,0.415037,0
near_hit_control,24,1,0.415037,0.695000,3,2,0,0.000000,1
near_hit_control,24,1,0.415037,0.695000,3,3,1,0.830075,0
near_hit_control,94,1,2.000000,0.568577,0,0,1,1.000000,0
near_hit_control,94,1,2.000000,0.568577,0,1,1,0.415037,0
near_hit_control,94,1,2.000000,0.568577,0,2,0,0.000000,1
near_hit_control,94,1,2.000000,0.568577,0,3,0,0.000000,1
near_hit_control,94,1,2.000000,0.568577,1,0,1,2.000000,0
near_hit_control,94,1,2.000000,0.568577,1,1,1,2.000000,0
near_hit_control,94,1,2.000000,0.568577,1,2,0,0.000000,1
near_hit_control,94,1,2.000000,0.568577,1,3,0,0.000000,1
near_hit_control,94,1,2.000000,0.568577,2,0,1,2.000000,0
near_hit_control,94,1,2.000000,0.568577,2,1,1,2.000000,0
near_hit_control,94,1,2.000000,0.568577,2,2,0,0.000000,1
near_hit_control,94,1,2.000000,0.568577,2,3,0,0.000000,1
near_hit_control,94,1,2.000000,0.568577,3,0,0,0.000000,1
near_hit_control,94,1,2.000000,0.568577,3,1,1,0.415037,0
near_hit_control,94,1,2.000000,0.568577,3,2,0,0.000000,1
near_hit_control,94,1,2.000000,0.568577,3,3,1,1.000000,0
near_hit_control,103,1,0.830075,0.748458,0,0,1,0.830075,0
near_hit_control,103,1,0.830075,0.748458,0,1,1,0.830075,0
near_hit_control,103,1,0.830075,0.748458,0,2,0,0.000000,1
near_hit_control,103,1,0.830075,0.748458,0,3,0,0.000000,1
near_hit_control,103,1,0.830075,0.748458,1,0,1,0.830075,0
near_hit_control,103,1,0.830075,0.748458,1,1,0,0.000000,1
near_hit_control,103,1,0.830075,0.748458,1,2,1,0.830075,0
near_hit_control,103,1,0.830075,0.748458,1,3,1,0.830075,0
near_hit_control,103,1,0.830075,0.748458,2,0,1,0.830075,0
near_hit_control,103,1,0.830075,0.748458,2,1,1,0.830075,0
near_hit_control,103,1,0.830075,0.748458,2,2,0,0.000000,1
near_hit_control,103,1,0.830075,0.748458,2,3,0,0.000000,1
near_hit_control,103,1,0.830075,0.748458,3,0,1,0.415037,0
near_hit_control,103,1,0.830075,0.748458,3,1,0,0.000000,1
near_hit_control,103,1,0.830075,0.748458,3,2,1,0.415037,0
near_hit_control,103,1,0.830075,0.748458,3,3,0,0.000000,1
near_hit_control,134,1,0.830075,0.619971,0,0,0,0.000000,1
near_hit_control,134,1,0.830075,0.619971,0,1,0,0.000000,1
near_hit_control,134,1,0.830075,0.619971,0,2,1,0.830075,0
near_hit_control,134,1,0.830075,0.619971,0,3,1,0.830075,0
near_hit_control,134,1,0.830075,0.619971,1,0,1,0.415037,0
near_hit_control,134,1,0.830075,0.619971,1,1,0,0.000000,1
near_hit_control,134,1,0.830075,0.619971,1,2,1,0.830075,0
near_hit_control,134,1,0.830075,0.619971,1,3,0,0.000000,1
near_hit_control,134,1,0.830075,0.619971,2,0,0,0.000000,1
near_hit_control,134,1,0.830075,0.619971,2,1,0,0.000000,1
near_hit_control,134,1,0.830075,0.619971,2,2,1,0.830075,0
near_hit_control,134,1,0.830075,0.619971,2,3,1,0.415037,0
near_hit_control,134,1,0.830075,0.619971,3,0,1,0.415037,0
near_hit_control,134,1,0.830075,0.619971,3,1,0,0.000000,1
near_hit_control,134,1,0.830075,0.619971,3,2,1,0.830075,0
near_hit_control,134,1,0.830075,0.619971,3,3,1,0.830075,0
near_hit_control,218,1,0.415037,0.680580,0,0,1,2.000000,0
near_hit_control,218,1,0.415037,0.680580,0,1,1,2.000000,0
near_hit_control,218,1,0.415037,0.680580,0,2,0,0.000000,1
near_hit_control,218,1,0.415037,0.680580,0,3,0,0.000000,1
near_hit_control,218,1,0.415037,0.680580,1,0,1,0.415037,0
near_hit_control,218,1,0.415037,0.680580,1,1,1,0.415037,0
near_hit_control,218,1,0.415037,0.680580,1,2,1,0.830075,0
near_hit_control,218,1,0.415037,0.680580,1,3,0,0.000000,1
near_hit_control,218,1,0.415037,0.680580,2,0,1,0.830075,0
near_hit_control,218,1,0.415037,0.680580,2,1,1,0.830075,0
near_hit_control,218,1,0.415037,0.680580,2,2,1,0.415037,0
near_hit_control,218,1,0.415037,0.680580,2,3,1,0.830075,0
near_hit_control,218,1,0.415037,0.680580,3,0,1,1.000000,0
near_hit_control,218,1,0.415037,0.680580,3,1,1,2.000000,0
near_hit_control,218,1,0.415037,0.680580,3,2,1,1.000000,0
near_hit_control,218,1,0.415037,0.680580,3,3,0,0.000000,1
near_hit_control,225,1,0.830075,0.531652,0,0,1,0.830075,0
near_hit_control,225,1,0.830075,0.531652,0,1,1,0.830075,0
near_hit_control,225,1,0.830075,0.531652,0,2,0,0.000000,1
near_hit_control,225,1,0.830075,0.531652,0,3,0,0.000000,1
near_hit_control,225,1,0.830075,0.531652,1,0,0,0.000000,1
near_hit_control,225,1,0.830075,0.531652,1,1,1,0.830075,0
near_hit_control,225,1,0.830075,0.531652,1,2,0,0.000000,1
near_hit_control,225,1,0.830075,0.531652,1,3,1,0.830075,0
near_hit_control,225,1,0.830075,0.531652,2,0,1,0.830075,0
near_hit_control,225,1,0.830075,0.531652,2,1,1,0.830075,0
near_hit_control,225,1,0.830075,0.531652,2,2,0,0.000000,1
near_hit_control,225,1,0.830075,0.531652,2,3,1,0.830075,0
near_hit_control,225,1,0.830075,0.531652,3,0,0,0.000000,1
near_hit_control,225,1,0.830075,0.531652,3,1,0,0.000000,1
near_hit_control,225,1,0.830075,0.531652,3,2,0,0.000000,1
near_hit_control,225,1,0.830075,0.531652,3,3,0,0.000000,1
near_hit_control,231,0,0.000000,0.357222,0,0,0,0.000000,0
near_hit_control,231,0,0.000000,0.357222,0,1,1,0.415037,1
near_hit_control,231,0,0.000000,0.357222,0,2,0,0.000000,0
near_hit_control,231,0,0.000000,0.357222,0,3,1,0.830075,1
near_hit_control,231,0,0.000000,0.357222,1,0,0,0.000000,0
near_hit_control,231,0,0.000000,0.357222,1,1,0,0.000000,0
near_hit_control,231,0,0.000000,0.357222,1,2,0,0.000000,0
near_hit_control,231,0,0.000000,0.357222,1,3,0,0.000000,0
near_hit_control,231,0,0.000000,0.357222,2,0,0,0.000000,0
near_hit_control,231,0,0.000000,0.357222,2,1,1,0.830075,1
near_hit_control,231,0,0.000000,0.357222,2,2,0,0.000000,0
near_hit_control,231,0,0.000000,0.357222,2,3,0,0.000000,0
near_hit_control,231,0,0.000000,0.357222,3,0,1,0.830075,1
near_hit_control,231,0,0.000000,0.357222,3,1,0,0.000000,0
near_hit_control,231,0,0.000000,0.357222,3,2,1,0.415037,1
near_hit_control,231,0,0.000000,0.357222,3,3,0,0.000000,0
near_hit_control,251,0,0.000000,0.353458,0,0,0,0.000000,0
near_hit_control,251,0,0.000000,0.353458,0,1,0,0.000000,0
near_hit_control,251,0,0.000000,0.353458,0,2,0,0.000000,0
near_hit_control,251,0,0.000000,0.353458,0,3,0,0.000000,0
near_hit_control,251,0,0.000000,0.353458,1,0,0,0.000000,0
near_hit_control,251,0,0.000000,0.353458,1,1,0,0.000000,0
near_hit_control,251,0,0.000000,0.353458,1,2,0,0.000000,0
near_hit_control,251,0,0.000000,0.353458,1,3,1,0.415037,1
near_hit_control,251,0,0.000000,0.353458,2,0,0,0.000000,0
near_hit_control,251,0,0.000000,0.353458,2,1,0,0.000000,0
near_hit_control,251,0,0.000000,0.353458,2,2,1,0.415037,1
near_hit_control,251,0,0.000000,0.353458,2,3,1,0.415037,1
near_hit_control,251,0,0.000000,0.353458,3,0,0,0.000000,0
near_hit_control,251,0,0.000000,0.353458,3,1,0,0.000000,0
near_hit_control,251,0,0.000000,0.353458,3,2,1,0.830075,1
near_hit_control,251,0,0.000000,0.353458,3,3,0,0.000000,0
near_hit_control,282,1,0.830075,0.531652,0,0,0,0.000000,1
near_hit_control,282,1,0.830075,0.531652,0,1,0,0.000000,1
near_hit_control,282,1,0.830075,0.531652,0,2,1,0.830075,0
near_hit_control,282,1,0.830075,0.531652,0,3,1,0.830075,0
near_hit_control,282,1,0.830075,0.531652,1,0,1,0.415037,0
near_hit_control,282,1,0.830075,0.531652,1,1,1,0.830075,0
near_hit_control,282,1,0.830075,0.531652,1,2,0,0.000000,1
near_hit_control,282,1,0.830075,0.531652,1,3,0,0.000000,1
near_hit_control,282,1,0.830075,0.531652,2,0,0,0.000000,1
near_hit_control,282,1,0.830075,0.531652,2,1,0,0.000000,1
near_hit_control,282,1,0.830075,0.531652,2,2,1,0.830075,0
near_hit_control,282,1,0.830075,0.531652,2,3,1,0.830075,0
near_hit_control,282,1,0.830075,0.531652,3,0,0,0.000000,1
near_hit_control,282,1,0.830075,0.531652,3,1,1,0.415037,0
near_hit_control,282,1,0.830075,0.531652,3,2,1,0.415037,0
near_hit_control,282,1,0.830075,0.531652,3,3,1,0.830075,0
near_hit_control,314,1,1.000000,0.703425,0,0,1,1.000000,0
near_hit_control,314,1,1.000000,0.703425,0,1,1,0.415037,0
near_hit_control,314,1,1.000000,0.703425,0,2,1,0.830075,0
near_hit_control,314,1,1.000000,0.703425,0,3,1,0.830075,0
near_hit_control,314,1,1.000000,0.703425,1,0,1,2.000000,0
near_hit_control,314,1,1.000000,0.703425,1,1,1,2.000000,0
near_hit_control,314,1,1.000000,0.703425,1,2,0,0.000000,1
near_hit_control,314,1,1.000000,0.703425,1,3,0,0.000000,1
near_hit_control,314,1,1.000000,0.703425,2,0,1,2.000000,0
near_hit_control,314,1,1.000000,0.703425,2,1,0,0.000000,1
near_hit_control,314,1,1.000000,0.703425,2,2,1,2.000000,0
near_hit_control,314,1,1.000000,0.703425,2,3,0,0.000000,1
near_hit_control,314,1,1.000000,0.703425,3,0,1,0.830075,0
near_hit_control,314,1,1.000000,0.703425,3,1,1,0.830075,0
near_hit_control,314,1,1.000000,0.703425,3,2,1,0.830075,0
near_hit_control,314,1,1.000000,0.703425,3,3,1,1.000000,0
near_hit_control,328,1,0.830075,0.538958,0,0,0,0.000000,1
near_hit_control,328,1,0.830075,0.538958,0,1,1,0.415037,0
near_hit_control,328,1,0.830075,0.538958,0,2,0,0.000000,1
near_hit_control,328,1,0.830075,0.538958,0,3,0,0.000000,1
near_hit_control,328,1,0.830075,0.538958,1,0,1,0.415037,0
near_hit_control,328,1,0.830075,0.538958,1,1,1,0.415037,0
near_hit_control,328,1,0.830075,0.538958,1,2,1,0.415037,0
near_hit_control,328,1,0.830075,0.538958,1,3,0,0.000000,1
near_hit_control,328,1,0.830075,0.538958,2,0,0,0.000000,1
near_hit_control,328,1,0.830075,0.538958,2,1,1,0.830075,0
near_hit_control,328,1,0.830075,0.538958,2,2,0,0.000000,1
near_hit_control,328,1,0.830075,0.538958,2,3,1,0.830075,0
near_hit_control,328,1,0.830075,0.538958,3,0,1,0.415037,0
near_hit_control,328,1,0.830075,0.538958,3,1,0,0.000000,1
near_hit_control,328,1,0.830075,0.538958,3,2,1,0.415037,0
near_hit_control,328,1,0.830075,0.538958,3,3,0,0.000000,1
near_hit_control,344,1,0.830075,0.628798,0,0,1,0.830075,0
near_hit_control,344,1,0.830075,0.628798,0,1,1,0.830075,0
near_hit_control,344,1,0.830075,0.628798,0,2,1,0.830075,0
near_hit_control,344,1,0.830075,0.628798,0,3,0,0.000000,1
near_hit_control,344,1,0.830075,0.628798,1,0,1,1.000000,0
near_hit_control,344,1,0.830075,0.628798,1,1,1,0.830075,0
near_hit_control,344,1,0.830075,0.628798,1,2,0,0.000000,1
near_hit_control,344,1,0.830075,0.628798,1,3,1,0.830075,0
near_hit_control,344,1,0.830075,0.628798,2,0,0,0.000000,1
near_hit_control,344,1,0.830075,0.628798,2,1,0,0.000000,1
near_hit_control,344,1,0.830075,0.628798,2,2,1,0.830075,0
near_hit_control,344,1,0.830075,0.628798,2,3,1,0.830075,0
near_hit_control,344,1,0.830075,0.628798,3,0,0,0.000000,1
near_hit_control,344,1,0.830075,0.628798,3,1,0,0.000000,1
near_hit_control,344,1,0.830075,0.628798,3,2,1,0.830075,0
near_hit_control,344,1,0.830075,0.628798,3,3,1,0.830075,0
near_hit_control,345,0,0.000000,0.431738,0,0,0,0.000000,0
near_hit_control,345,0,0.000000,0.431738,0,1,0,0.000000,0
near_hit_control,345,0,0.000000,0.431738,0,2,1,2.000000,1
near_hit_control,345,0,0.000000,0.431738,0,3,1,2.000000,1
near_hit_control,345,0,0.000000,0.431738,1,0,0,0.000000,0
near_hit_control,345,0,0.000000,0.431738,1,1,1,0.830075,1
near_hit_control,345,0,0.000000,0.431738,1,2,0,0.000000,0
near_hit_control,345,0,0.000000,0.431738,1,3,0,0.000000,0
near_hit_control,345,0,0.000000,0.431738,2,0,0,0.000000,0
near_hit_control,345,0,0.000000,0.431738,2,1,0,0.000000,0
near_hit_control,345,0,0.000000,0.431738,2,2,0,0.000000,0
near_hit_control,345,0,0.000000,0.431738,2,3,0,0.000000,0
near_hit_control,345,0,0.000000,0.431738,3,0,1,1.000000,1
near_hit_control,345,0,0.000000,0.431738,3,1,1,1.000000,1
near_hit_control,345,0,0.000000,0.431738,3,2,0,0.000000,0
near_hit_control,345,0,0.000000,0.431738,3,3,0,0.000000,0
near_hit_control,362,1,0.415037,0.551015,0,0,0,0.000000,1
near_hit_control,362,1,0.415037,0.551015,0,1,1,0.830075,0
near_hit_control,362,1,0.415037,0.551015,0,2,0,0.000000,1
near_hit_control,362,1,0.415037,0.551015,0,3,1,0.415037,0
near_hit_control,362,1,0.415037,0.551015,1,0,1,0.415037,0
near_hit_control,362,1,0.415037,0.551015,1,1,0,0.000000,1
near_hit_control,362,1,0.415037,0.551015,1,2,1,0.415037,0
near_hit_control,362,1,0.415037,0.551015,1,3,0,0.000000,1
near_hit_control,362,1,0.415037,0.551015,2,0,1,0.415037,0
near_hit_control,362,1,0.415037,0.551015,2,1,0,0.000000,1
near_hit_control,362,1,0.415037,0.551015,2,2,1,0.415037,0
near_hit_control,362,1,0.415037,0.551015,2,3,0,0.000000,1
near_hit_control,362,1,0.415037,0.551015,3,0,1,0.830075,0
near_hit_control,362,1,0.415037,0.551015,3,1,1,0.830075,0
near_hit_control,362,1,0.415037,0.551015,3,2,1,0.830075,0
near_hit_control,362,1,0.415037,0.551015,3,3,1,0.830075,0
near_hit_control,404,1,0.415037,0.591562,0,0,1,0.415037,0
near_hit_control,404,1,0.415037,0.591562,0,1,1,0.415037,0
near_hit_control,404,1,0.415037,0.591562,0,2,0,0.000000,1
near_hit_control,404,1,0.415037,0.591562,0,3,0,0.000000,1
near_hit_control,404,1,0.415037,0.591562,1,0,1,0.830075,0
near_hit_control,404,1,0.415037,0.591562,1,1,1,0.830075,0
near_hit_control,404,1,0.415037,0.591562,1,2,0,0.000000,1
near_hit_control,404,1,0.415037,0.591562,1,3,0,0.000000,1
near_hit_control,404,1,0.415037,0.591562,2,0,1,0.415037,0
near_hit_control,404,1,0.415037,0.591562,2,1,0,0.000000,1
near_hit_control,404,1,0.415037,0.591562,2,2,1,0.830075,0
near_hit_control,404,1,0.415037,0.591562,2,3,0,0.000000,1
near_hit_control,404,1,0.415037,0.591562,3,0,1,0.830075,0
near_hit_control,404,1,0.415037,0.591562,3,1,0,0.000000,1
near_hit_control,404,1,0.415037,0.591562,3,2,1,0.830075,0
near_hit_control,404,1,0.415037,0.591562,3,3,1,0.415037,0
near_hit_control,438,1,0.830075,0.602095,0,0,0,0.000000,1
near_hit_control,438,1,0.830075,0.602095,0,1,0,0.000000,1
near_hit_control,438,1,0.830075,0.602095,0,2,1,0.830075,0
near_hit_control,438,1,0.830075,0.602095,0,3,1,0.830075,0
near_hit_control,438,1,0.830075,0.602095,1,0,1,0.830075,0
near_hit_control,438,1,0.830075,0.602095,1,1,1,0.830075,0
near_hit_control,438,1,0.830075,0.602095,1,2,1,0.415037,0
near_hit_control,438,1,0.830075,0.602095,1,3,0,0.000000,1
near_hit_control,438,1,0.830075,0.602095,2,0,1,0.415037,0
near_hit_control,438,1,0.830075,0.602095,2,1,0,0.000000,1
near_hit_control,438,1,0.830075,0.602095,2,2,0,0.000000,1
near_hit_control,438,1,0.830075,0.602095,2,3,1,0.830075,0
near_hit_control,438,1,0.830075,0.602095,3,0,1,0.830075,0
near_hit_control,438,1,0.830075,0.602095,3,1,0,0.000000,1
near_hit_control,438,1,0.830075,0.602095,3,2,1,0.830075,0
near_hit_control,438,1,0.830075,0.602095,3,3,0,0.000000,1
near_hit_control,443,1,0.415037,0.555099,0,0,1,0.415037,0
near_hit_control,443,1,0.415037,0.555099,0,1,1,0.830075,0
near_hit_control,443,1,0.415037,0.555099,0,2,1,0.415037,0
near_hit_control,443,1,0.415037,0.555099,0,3,1,0.830075,0
near_hit_control,443,1,0.415037,0.555099,1,0,1,0.830075,0
near_hit_control,443,1,0.415037,0.555099,1,1,1,0.415037,0
near_hit_control,443,1,0.415037,0.555099,1,2,1,0.830075,0
near_hit_control,443,1,0.415037,0.555099,1,3,1,0.830075,0
near_hit_control,443,1,0.415037,0.555099,2,0,1,2.000000,0
near_hit_control,443,1,0.415037,0.555099,2,1,0,0.000000,1
near_hit_control,443,1,0.415037,0.555099,2,2,1,2.000000,0
near_hit_control,443,1,0.415037,0.555099,2,3,0,0.000000,1
near_hit_control,443,1,0.415037,0.555099,3,0,1,1.000000,0
near_hit_control,443,1,0.415037,0.555099,3,1,0,0.000000,1
near_hit_control,443,1,0.415037,0.555099,3,2,1,2.000000,0
near_hit_control,443,1,0.415037,0.555099,3,3,0,0.000000,1
near_hit_control,444,1,0.830075,0.535512,0,0,0,0.000000,1
near_hit_control,444,1,0.830075,0.535512,0,1,0,0.000000,1
near_hit_control,444,1,0.830075,0.535512,0,2,1,2.000000,0
near_hit_control,444,1,0.830075,0.535512,0,3,1,2.000000,0
near_hit_control,444,1,0.830075,0.535512,1,0,0,0.000000,1
near_hit_control,444,1,0.830075,0.535512,1,1,1,0.830075,0
near_hit_control,444,1,0.830075,0.535512,1,2,0,0.000000,1
near_hit_control,444,1,0.830075,0.535512,1,3,1,0.830075,0
near_hit_control,444,1,0.830075,0.535512,2,0,0,0.000000,1
near_hit_control,444,1,0.830075,0.535512,2,1,0,0.000000,1
near_hit_control,444,1,0.830075,0.535512,2,2,1,2.000000,0
near_hit_control,444,1,0.830075,0.535512,2,3,1,2.000000,0
near_hit_control,444,1,0.830075,0.535512,3,0,1,0.830075,0
near_hit_control,444,1,0.830075,0.535512,3,1,1,0.415037,0
near_hit_control,444,1,0.830075,0.535512,3,2,1,0.830075,0
near_hit_control,444,1,0.830075,0.535512,3,3,1,0.415037,0
near_hit_control,452,0,0.000000,0.412238,0,0,0,0.000000,0
near_hit_control,452,0,0.000000,0.412238,0,1,0,0.000000,0
near_hit_control,452,0,0.000000,0.412238,0,2,1,0.830075,1
near_hit_control,452,0,0.000000,0.412238,0,3,1,0.415037,1
near_hit_control,452,0,0.000000,0.412238,1,0,0,0.000000,0
near_hit_control,452,0,0.000000,0.412238,1,1,0,0.000000,0
near_hit_control,452,0,0.000000,0.412238,1,2,1,1.000000,1
near_hit_control,452,0,0.000000,0.412238,1,3,1,1.000000,1
near_hit_control,452,0,0.000000,0.412238,2,0,0,0.000000,0
near_hit_control,452,0,0.000000,0.412238,2,1,0,0.000000,0
near_hit_control,452,0,0.000000,0.412238,2,2,0,0.000000,0
near_hit_control,452,0,0.000000,0.412238,2,3,0,0.000000,0
near_hit_control,452,0,0.000000,0.412238,3,0,1,2.000000,1
near_hit_control,452,0,0.000000,0.412238,3,1,0,0.000000,0
near_hit_control,452,0,0.000000,0.412238,3,2,1,2.000000,1
near_hit_control,452,0,0.000000,0.412238,3,3,0,0.000000,0
near_hit_control,457,1,2.000000,0.738542,0,0,1,2.000000,0
near_hit_control,457,1,2.000000,0.738542,0,1,1,0.415037,0
near_hit_control,457,1,2.000000,0.738542,0,2,0,0.000000,1
near_hit_control,457,1,2.000000,0.738542,0,3,0,0.000000,1
near_hit_control,457,1,2.000000,0.738542,1,0,1,1.000000,0
near_hit_control,457,1,2.000000,0.738542,1,1,1,0.415037,0
near_hit_control,457,1,2.000000,0.738542,1,2,1,0.415037,0
near_hit_control,457,1,2.000000,0.738542,1,3,1,0.415037,0
near_hit_control,457,1,2.000000,0.738542,2,0,1,2.000000,0
near_hit_control,457,1,2.000000,0.738542,2,1,1,2.000000,0
near_hit_control,457,1,2.000000,0.738542,2,2,0,0.000000,1
near_hit_control,457,1,2.000000,0.738542,2,3,1,2.000000,0
near_hit_control,457,1,2.000000,0.738542,3,0,1,2.000000,0
near_hit_control,457,1,2.000000,0.738542,3,1,0,0.000000,1
near_hit_control,457,1,2.000000,0.738542,3,2,1,2.000000,0
near_hit_control,457,1,2.000000,0.738542,3,3,0,0.000000,1
near_hit_control,524,0,0.000000,0.318500,0,0,0,0.000000,0
near_hit_control,524,0,0.000000,0.318500,0,1,0,0.000000,0
near_hit_control,524,0,0.000000,0.318500,0,2,1,2.000000,1
near_hit_control,524,0,0.000000,0.318500,0,3,1,2.000000,1
near_hit_control,524,0,0.000000,0.318500,1,0,0,0.000000,0
near_hit_control,524,0,0.000000,0.318500,1,1,1,2.000000,1
near_hit_control,524,0,0.000000,0.318500,1,2,0,0.000000,0
near_hit_control,524,0,0.000000,0.318500,1,3,1,2.000000,1
near_hit_control,524,0,0.000000,0.318500,2,0,0,0.000000,0
near_hit_control,524,0,0.000000,0.318500,2,1,0,0.000000,0
near_hit_control,524,0,0.000000,0.318500,2,2,0,0.000000,0
near_hit_control,524,0,0.000000,0.318500,2,3,0,0.000000,0
near_hit_control,524,0,0.000000,0.318500,3,0,1,0.830075,1
near_hit_control,524,0,0.000000,0.318500,3,1,0,0.000000,0
near_hit_control,524,0,0.000000,0.318500,3,2,1,0.830075,1
near_hit_control,524,0,0.000000,0.318500,3,3,0,0.000000,0
near_hit_control,579,0,0.000000,0.343988,0,0,0,0.000000,0
near_hit_control,579,0,0.000000,0.343988,0,1,0,0.000000,0
near_hit_control,579,0,0.000000,0.343988,0,2,1,0.415037,1
near_hit_control,579,0,0.000000,0.343988,0,3,1,0.415037,1
near_hit_control,579,0,0.000000,0.343988,1,0,1,0.415037,1
near_hit_control,579,0,0.000000,0.343988,1,1,0,0.000000,0
near_hit_control,579,0,0.000000,0.343988,1,2,1,0.415037,1
near_hit_control,579,0,0.000000,0.343988,1,3,0,0.000000,0
near_hit_control,579,0,0.000000,0.343988,2,0,0,0.000000,0
near_hit_control,579,0,0.000000,0.343988,2,1,0,0.000000,0
near_hit_control,579,0,0.000000,0.343988,2,2,0,0.000000,0
near_hit_control,579,0,0.000000,0.343988,2,3,0,0.000000,0
near_hit_control,579,0,0.000000,0.343988,3,0,1,0.830075,1
near_hit_control,579,0,0.000000,0.343988,3,1,0,0.000000,0
near_hit_control,579,0,0.000000,0.343988,3,2,0,0.000000,0
near_hit_control,579,0,0.000000,0.343988,3,3,0,0.000000,0
near_hit_control,663,1,0.830075,0.740000,0,0,0,0.000000,1
near_hit_control,663,1,0.830075,0.740000,0,1,1,0.830075,0
near_hit_control,663,1,0.830075,0.740000,0,2,1,0.830075,0
near_hit_control,663,1,0.830075,0.740000,0,3,1,0.830075,0
near_hit_control,663,1,0.830075,0.740000,1,0,1,0.830075,0
near_hit_control,663,1,0.830075,0.740000,1,1,0,0.000000,1
near_hit_control,663,1,0.830075,0.740000,1,2,1,0.830075,0
near_hit_control,663,1,0.830075,0.740000,1,3,1,0.830075,0
near_hit_control,663,1,0.830075,0.740000,2,0,1,0.830075,0
near_hit_control,663,1,0.830075,0.740000,2,1,0,0.000000,1
near_hit_control,663,1,0.830075,0.740000,2,2,1,0.830075,0
near_hit_control,663,1,0.830075,0.740000,2,3,1,0.830075,0
near_hit_control,663,1,0.830075,0.740000,3,0,1,0.830075,0
near_hit_control,663,1,0.830075,0.740000,3,1,1,0.415037,0
near_hit_control,663,1,0.830075,0.740000,3,2,0,0.000000,1
near_hit_control,663,1,0.830075,0.740000,3,3,0,0.000000,1
near_hit_control,690,1,0.830075,0.548042,0,0,0,0.000000,1
near_hit_control,690,1,0.830075,0.548042,0,1,1,0.830075,0
near_hit_control,690,1,0.830075,0.548042,0,2,0,0.000000,1
near_hit_control,690,1,0.830075,0.548042,0,3,0,0.000000,1
near_hit_control,690,1,0.830075,0.548042,1,0,1,0.830075,0
near_hit_control,690,1,0.830075,0.548042,1,1,1,0.415037,0
near_hit_control,690,1,0.830075,0.548042,1,2,1,0.830075,0
near_hit_control,690,1,0.830075,0.548042,1,3,1,0.415037,0
near_hit_control,690,1,0.830075,0.548042,2,0,1,2.000000,0
near_hit_control,690,1,0.830075,0.548042,2,1,1,2.000000,0
near_hit_control,690,1,0.830075,0.548042,2,2,0,0.000000,1
near_hit_control,690,1,0.830075,0.548042,2,3,0,0.000000,1
near_hit_control,690,1,0.830075,0.548042,3,0,0,0.000000,1
near_hit_control,690,1,0.830075,0.548042,3,1,1,2.000000,0
near_hit_control,690,1,0.830075,0.548042,3,2,0,0.000000,1
near_hit_control,690,1,0.830075,0.548042,3,3,1,2.000000,0
near_hit_control,718,1,0.830075,0.620000,0,0,1,2.000000,0
near_hit_control,718,1,0.830075,0.620000,0,1,0,0.000000,1
near_hit_control,718,1,0.830075,0.620000,0,2,1,2.000000,0
near_hit_control,718,1,0.830075,0.620000,0,3,0,0.000000,1
near_hit_control,718,1,0.830075,0.620000,1,0,1,0.830075,0
near_hit_control,718,1,0.830075,0.620000,1,1,0,0.000000,1
near_hit_control,718,1,0.830075,0.620000,1,2,1,0.830075,0
near_hit_control,718,1,0.830075,0.620000,1,3,0,0.000000,1
near_hit_control,718,1,0.830075,0.620000,2,0,1,0.830075,0
near_hit_control,718,1,0.830075,0.620000,2,1,0,0.000000,1
near_hit_control,718,1,0.830075,0.620000,2,2,1,0.415037,0
near_hit_control,718,1,0.830075,0.620000,2,3,0,0.000000,1
near_hit_control,718,1,0.830075,0.620000,3,0,1,0.415037,0
near_hit_control,718,1,0.830075,0.620000,3,1,1,0.415037,0
near_hit_control,718,1,0.830075,0.620000,3,2,0,0.000000,1
near_hit_control,718,1,0.830075,0.620000,3,3,0,0.000000,1
near_hit_control,759,1,0.830075,0.710446,0,0,1,0.830075,0
near_hit_control,759,1,0.830075,0.710446,0,1,1,0.415037,0
near_hit_control,759,1,0.830075,0.710446,0,2,1,0.830075,0
near_hit_control,759,1,0.830075,0.710446,0,3,0,0.000000,1
near_hit_control,759,1,0.830075,0.710446,1,0,1,0.415037,0
near_hit_control,759,1,0.830075,0.710446,1,1,0,0.000000,1
near_hit_control,759,1,0.830075,0.710446,1,2,1,0.415037,0
near_hit_control,759,1,0.830075,0.710446,1,3,0,0.000000,1
near_hit_control,759,1,0.830075,0.710446,2,0,1,0.415037,0
near_hit_control,759,1,0.830075,0.710446,2,1,0,0.000000,1
near_hit_control,759,1,0.830075,0.710446,2,2,1,0.830075,0
near_hit_control,759,1,0.830075,0.710446,2,3,1,0.415037,0
near_hit_control,759,1,0.830075,0.710446,3,0,0,0.000000,1
near_hit_control,759,1,0.830075,0.710446,3,1,1,0.415037,0
near_hit_control,759,1,0.830075,0.710446,3,2,0,0.000000,1
near_hit_control,759,1,0.830075,0.710446,3,3,0,0.000000,1
near_hit_control,775,1,0.830075,0.503424,0,0,0,0.000000,1
near_hit_control,775,1,0.830075,0.503424,0,1,0,0.000000,1
near_hit_control,775,1,0.830075,0.503424,0,2,1,0.830075,0
near_hit_control,775,1,0.830075,0.503424,0,3,1,0.415037,0
near_hit_control,775,1,0.830075,0.503424,1,0,1,1.000000,0
near_hit_control,775,1,0.830075,0.503424,1,1,0,0.000000,1
near_hit_control,775,1,0.830075,0.503424,1,2,1,0.415037,0
near_hit_control,775,1,0.830075,0.503424,1,3,1,0.415037,0
near_hit_control,775,1,0.830075,0.503424,2,0,0,0.000000,1
near_hit_control,775,1,0.830075,0.503424,2,1,0,0.000000,1
near_hit_control,775,1,0.830075,0.503424,2,2,1,0.830075,0
near_hit_control,775,1,0.830075,0.503424,2,3,1,0.830075,0
near_hit_control,775,1,0.830075,0.503424,3,0,0,0.000000,1
near_hit_control,775,1,0.830075,0.503424,3,1,1,0.830075,0
near_hit_control,775,1,0.830075,0.503424,3,2,1,0.830075,0
near_hit_control,775,1,0.830075,0.503424,3,3,1,0.830075,0
near_hit_control,796,1,2.000000,0.611120,0,0,0,0.000000,1
near_hit_control,796,1,2.000000,0.611120,0,1,1,0.830075,0
near_hit_control,796,1,2.000000,0.611120,0,2,0,0.000000,1
near_hit_control,796,1,2.000000,0.611120,0,3,1,0.830075,0
near_hit_control,796,1,2.000000,0.611120,1,0,0,0.000000,1
near_hit_control,796,1,2.000000,0.611120,1,1,1,2.000000,0
near_hit_control,796,1,2.000000,0.611120,1,2,0,0.000000,1
near_hit_control,796,1,2.000000,0.611120,1,3,1,2.000000,0
near_hit_control,796,1,2.000000,0.611120,2,0,0,0.000000,1
near_hit_control,796,1,2.000000,0.611120,2,1,1,2.000000,0
near_hit_control,796,1,2.000000,0.611120,2,2,0,0.000000,1
near_hit_control,796,1,2.000000,0.611120,2,3,1,2.000000,0
near_hit_control,796,1,2.000000,0.611120,3,0,0,0.000000,1
near_hit_control,796,1,2.000000,0.611120,3,1,0,0.000000,1
near_hit_control,796,1,2.000000,0.611120,3,2,1,1.000000,0
near_hit_control,796,1,2.000000,0.611120,3,3,1,0.830075,0
near_hit_control,801,1,0.830075,0.557542,0,0,1,0.415037,0
near_hit_control,801,1,0.830075,0.557542,0,1,1,0.415037,0
near_hit_control,801,1,0.830075,0.557542,0,2,0,0.000000,1
near_hit_control,801,1,0.830075,0.557542,0,3,1,0.415037,0
near_hit_control,801,1,0.830075,0.557542,1,0,0,0.000000,1
near_hit_control,801,1,0.830075,0.557542,1,1,1,0.415037,0
near_hit_control,801,1,0.830075,0.557542,1,2,0,0.000000,1
near_hit_control,801,1,0.830075,0.557542,1,3,1,0.415037,0
near_hit_control,801,1,0.830075,0.557542,2,0,1,0.830075,0
near_hit_control,801,1,0.830075,0.557542,2,1,0,0.000000,1
near_hit_control,801,1,0.830075,0.557542,2,2,1,0.830075,0
near_hit_control,801,1,0.830075,0.557542,2,3,0,0.000000,1
near_hit_control,801,1,0.830075,0.557542,3,0,0,0.000000,1
near_hit_control,801,1,0.830075,0.557542,3,1,0,0.000000,1
near_hit_control,801,1,0.830075,0.557542,3,2,1,0.415037,0
near_hit_control,801,1,0.830075,0.557542,3,3,0,0.000000,1
near_hit_control,804,1,0.830075,0.732500,0,0,1,0.830075,0
near_hit_control,804,1,0.830075,0.732500,0,1,0,0.000000,1
near_hit_control,804,1,0.830075,0.732500,0,2,0,0.000000,1
near_hit_control,804,1,0.830075,0.732500,0,3,0,0.000000,1
near_hit_control,804,1,0.830075,0.732500,1,0,1,0.830075,0
near_hit_control,804,1,0.830075,0.732500,1,1,0,0.000000,1
near_hit_control,804,1,0.830075,0.732500,1,2,1,0.830075,0
near_hit_control,804,1,0.830075,0.732500,1,3,0,0.000000,1
near_hit_control,804,1,0.830075,0.732500,2,0,1,2.000000,0
near_hit_control,804,1,0.830075,0.732500,2,1,1,2.000000,0
near_hit_control,804,1,0.830075,0.732500,2,2,0,0.000000,1
near_hit_control,804,1,0.830075,0.732500,2,3,0,0.000000,1
near_hit_control,804,1,0.830075,0.732500,3,0,1,0.830075,0
near_hit_control,804,1,0.830075,0.732500,3,1,1,0.830075,0
near_hit_control,804,1,0.830075,0.732500,3,2,0,0.000000,1
near_hit_control,804,1,0.830075,0.732500,3,3,1,0.415037,0
near_hit_control,830,0,0.000000,0.354625,0,0,0,0.000000,0
near_hit_control,830,0,0.000000,0.354625,0,1,1,0.415037,1
near_hit_control,830,0,0.000000,0.354625,0,2,0,0.000000,0
near_hit_control,830,0,0.000000,0.354625,0,3,0,0.000000,0
near_hit_control,830,0,0.000000,0.354625,1,0,0,0.000000,0
near_hit_control,830,0,0.000000,0.354625,1,1,0,0.000000,0
near_hit_control,830,0,0.000000,0.354625,1,2,1,0.830075,1
near_hit_control,830,0,0.000000,0.354625,1,3,0,0.000000,0
near_hit_control,830,0,0.000000,0.354625,2,0,0,0.000000,0
near_hit_control,830,0,0.000000,0.354625,2,1,0,0.000000,0
near_hit_control,830,0,0.000000,0.354625,2,2,1,0.830075,1
near_hit_control,830,0,0.000000,0.354625,2,3,0,0.000000,0
near_hit_control,830,0,0.000000,0.354625,3,0,0,0.000000,0
near_hit_control,830,0,0.000000,0.354625,3,1,1,0.830075,1
near_hit_control,830,0,0.000000,0.354625,3,2,1,0.830075,1
near_hit_control,830,0,0.000000,0.354625,3,3,1,0.830075,1
near_hit_control,845,1,0.415037,0.699381,0,0,0,0.000000,1
near_hit_control,845,1,0.415037,0.699381,0,1,1,0.500000,0
near_hit_control,845,1,0.415037,0.699381,0,2,1,2.000000,0
near_hit_control,845,1,0.415037,0.699381,0,3,1,2.000000,0
near_hit_control,845,1,0.415037,0.699381,1,0,0,0.000000,1
near_hit_control,845,1,0.415037,0.699381,1,1,1,0.830075,0
near_hit_control,845,1,0.415037,0.699381,1,2,0,0.000000,1
near_hit_control,845,1,0.415037,0.699381,1,3,0,0.000000,1
near_hit_control,845,1,0.415037,0.699381,2,0,1,0.415037,0
near_hit_control,845,1,0.415037,0.699381,2,1,0,0.000000,1
near_hit_control,845,1,0.415037,0.699381,2,2,1,0.415037,0
near_hit_control,845,1,0.415037,0.699381,2,3,0,0.000000,1
near_hit_control,845,1,0.415037,0.699381,3,0,1,0.830075,0
near_hit_control,845,1,0.415037,0.699381,3,1,1,0.830075,0
near_hit_control,845,1,0.415037,0.699381,3,2,1,0.207519,0
near_hit_control,845,1,0.415037,0.699381,3,3,1,0.415037,0
near_hit_control,862,1,0.415037,0.548923,0,0,1,0.830075,0
near_hit_control,862,1,0.415037,0.548923,0,1,1,0.830075,0
near_hit_control,862,1,0.415037,0.548923,0,2,1,0.830075,0
near_hit_control,862,1,0.415037,0.548923,0,3,1,0.830075,0
near_hit_control,862,1,0.415037,0.548923,1,0,1,2.000000,0
near_hit_control,862,1,0.415037,0.548923,1,1,1,2.000000,0
near_hit_control,862,1,0.415037,0.548923,1,2,0,0.000000,1
near_hit_control,862,1,0.415037,0.548923,1,3,1,2.000000,0
near_hit_control,862,1,0.415037,0.548923,2,0,0,0.000000,1
near_hit_control,862,1,0.415037,0.548923,2,1,1,0.415037,0
near_hit_control,862,1,0.415037,0.548923,2,2,1,0.415037,0
near_hit_control,862,1,0.415037,0.548923,2,3,1,0.415037,0
near_hit_control,862,1,0.415037,0.548923,3,0,1,0.415037,0
near_hit_control,862,1,0.415037,0.548923,3,1,0,0.000000,1
near_hit_control,862,1,0.415037,0.548923,3,2,1,0.415037,0
near_hit_control,862,1,0.415037,0.548923,3,3,1,0.830075,0
near_hit_control,878,1,0.415037,0.703175,0,0,0,0.000000,1
near_hit_control,878,1,0.415037,0.703175,0,1,0,0.000000,1
near_hit_control,878,1,0.415037,0.703175,0,2,0,0.000000,1
near_hit_control,878,1,0.415037,0.703175,0,3,1,0.415037,0
near_hit_control,878,1,0.415037,0.703175,1,0,1,0.415037,0
near_hit_control,878,1,0.415037,0.703175,1,1,0,0.000000,1
near_hit_control,878,1,0.415037,0.703175,1,2,1,0.415037,0
near_hit_control,878,1,0.415037,0.703175,1,3,0,0.000000,1
near_hit_control,878,1,0.415037,0.703175,2,0,1,0.415037,0
near_hit_control,878,1,0.415037,0.703175,2,1,1,0.830075,0
near_hit_control,878,1,0.415037,0.703175,2,2,1,0.830075,0
near_hit_control,878,1,0.415037,0.703175,2,3,1,0.830075,0
near_hit_control,878,1,0.415037,0.703175,3,0,0,0.000000,1
near_hit_control,878,1,0.415037,0.703175,3,1,1,1.000000,0
near_hit_control,878,1,0.415037,0.703175,3,2,1,0.415037,0
near_hit_control,878,1,0.415037,0.703175,3,3,1,2.000000,0
near_hit_control,897,0,0.000000,0.321417,0,0,1,0.415037,1
near_hit_control,897,0,0.000000,0.321417,0,1,1,0.830075,1
near_hit_control,897,0,0.000000,0.321417,0,2,0,0.000000,0
near_hit_control,897,0,0.000000,0.321417,0,3,0,0.000000,0
near_hit_control,897,0,0.000000,0.321417,1,0,0,0.000000,0
near_hit_control,897,0,0.000000,0.321417,1,1,0,0.000000,0
near_hit_control,897,0,0.000000,0.321417,1,2,0,0.000000,0
near_hit_control,897,0,0.000000,0.321417,1,3,0,0.000000,0
near_hit_control,897,0,0.000000,0.321417,2,0,0,0.000000,0
near_hit_control,897,0,0.000000,0.321417,2,1,0,0.000000,0
near_hit_control,897,0,0.000000,0.321417,2,2,0,0.000000,0
near_hit_control,897,0,0.000000,0.321417,2,3,1,0.415037,1
near_hit_control,897,0,0.000000,0.321417,3,0,0,0.000000,0
near_hit_control,897,0,0.000000,0.321417,3,1,1,0.830075,1
near_hit_control,897,0,0.000000,0.321417,3,2,0,0.000000,0
near_hit_control,897,0,0.000000,0.321417,3,3,1,0.830075,1
near_hit_control,900,1,0.830075,0.503424,0,0,1,0.830075,0
near_hit_control,900,1,0.830075,0.503424,0,1,1,0.830075,0
near_hit_control,900,1,0.830075,0.503424,0,2,0,0.000000,1
near_hit_control,900,1,0.830075,0.503424,0,3,0,0.000000,1
near_hit_control,900,1,0.830075,0.503424,1,0,0,0.000000,1
near_hit_control,900,1,0.830075,0.503424,1,1,1,0.415037,0
near_hit_control,900,1,0.830075,0.503424,1,2,1,0.415037,0
near_hit_control,900,1,0.830075,0.503424,1,3,1,0.415037,0
near_hit_control,900,1,0.830075,0.503424,2,0,0,0.000000,1
near_hit_control,900,1,0.830075,0.503424,2,1,0,0.000000,1
near_hit_control,900,1,0.830075,0.503424,2,2,1,0.830075,0
near_hit_control,900,1,0.830075,0.503424,2,3,1,0.830075,0
near_hit_control,900,1,0.830075,0.503424,3,0,1,1.000000,0
near_hit_control,900,1,0.830075,0.503424,3,1,1,1.000000,0
near_hit_control,900,1,0.830075,0.503424,3,2,0,0.000000,1
near_hit_control,900,1,0.830075,0.503424,3,3,0,0.000000,1
near_hit_control,919,1,0.415037,0.548923,0,0,0,0.000000,1
near_hit_control,919,1,0.415037,0.548923,0,1,0,0.000000,1
near_hit_control,919,1,0.415037,0.548923,0,2,1,1.000000,0
near_hit_control,919,1,0.415037,0.548923,0,3,0,0.000000,1
near_hit_control,919,1,0.415037,0.548923,1,0,1,0.830075,0
near_hit_control,919,1,0.415037,0.548923,1,1,1,0.830075,0
near_hit_control,919,1,0.415037,0.548923,1,2,1,0.415037,0
near_hit_control,919,1,0.415037,0.548923,1,3,0,0.000000,1
near_hit_control,919,1,0.415037,0.548923,2,0,1,1.000000,0
near_hit_control,919,1,0.415037,0.548923,2,1,0,0.000000,1
near_hit_control,919,1,0.415037,0.548923,2,2,1,2.000000,0
near_hit_control,919,1,0.415037,0.548923,2,3,1,2.000000,0
near_hit_control,919,1,0.415037,0.548923,3,0,0,0.000000,1
near_hit_control,919,1,0.415037,0.548923,3,1,0,0.000000,1
near_hit_control,919,1,0.415037,0.548923,3,2,0,0.000000,1
near_hit_control,919,1,0.415037,0.548923,3,3,0,0.000000,1
near_hit_control,927,1,0.415037,0.707459,0,0,1,0.830075,0
near_hit_control,927,1,0.415037,0.707459,0,1,1,0.830075,0
near_hit_control,927,1,0.415037,0.707459,0,2,0,0.000000,1
near_hit_control,927,1,0.415037,0.707459,0,3,0,0.000000,1
near_hit_control,927,1,0.415037,0.707459,1,0,1,0.415037,0
near_hit_control,927,1,0.415037,0.707459,1,1,0,0.000000,1
near_hit_control,927,1,0.415037,0.707459,1,2,1,0.415037,0
near_hit_control,927,1,0.415037,0.707459,1,3,1,0.415037,0
near_hit_control,927,1,0.415037,0.707459,2,0,1,0.830075,0
near_hit_control,927,1,0.415037,0.707459,2,1,1,0.415037,0
near_hit_control,927,1,0.415037,0.707459,2,2,0,0.000000,1
near_hit_control,927,1,0.415037,0.707459,2,3,0,0.000000,1
near_hit_control,927,1,0.415037,0.707459,3,0,1,0.415037,0
near_hit_control,927,1,0.415037,0.707459,3,1,1,0.830075,0
near_hit_control,927,1,0.415037,0.707459,3,2,0,0.000000,1
near_hit_control,927,1,0.415037,0.707459,3,3,0,0.000000,1
near_hit_control,967,0,0.000000,0.345000,0,0,1,1.000000,1
near_hit_control,967,0,0.000000,0.345000,0,1,0,0.000000,0
near_hit_control,967,0,0.000000,0.345000,0,2,0,0.000000,0
near_hit_control,967,0,0.000000,0.345000,0,3,0,0.000000,0
near_hit_control,967,0,0.000000,0.345000,1,0,0,0.000000,0
near_hit_control,967,0,0.000000,0.345000,1,1,0,0.000000,0
near_hit_control,967,0,0.000000,0.345000,1,2,1,0.830075,1
near_hit_control,967,0,0.000000,0.345000,1,3,1,0.415037,1
near_hit_control,967,0,0.000000,0.345000,2,0,0,0.000000,0
near_hit_control,967,0,0.000000,0.345000,2,1,0,0.000000,0
near_hit_control,967,0,0.000000,0.345000,2,2,0,0.000000,0
near_hit_control,967,0,0.000000,0.345000,2,3,1,1.000000,1
near_hit_control,967,0,0.000000,0.345000,3,0,0,0.000000,0
near_hit_control,967,0,0.000000,0.345000,3,1,0,0.000000,0
near_hit_control,967,0,0.000000,0.345000,3,2,0,0.000000,0
near_hit_control,967,0,0.000000,0.345000,3,3,0,0.000000,0
far_hit_control,741,0,0.000000,0.000000,0,0,0,0.000000,0
far_hit_control,741,0,0.000000,0.000000,0,1,0,0.000000,0
far_hit_control,741,0,0.000000,0.000000,0,2,0,0.000000,0
far_hit_control,741,0,0.000000,0.000000,0,3,0,0.000000,0
far_hit_control,741,0,0.000000,0.000000,1,0,0,0.000000,0
far_hit_control,741,0,0.000000,0.000000,1,1,0,0.000000,0
far_hit_control,741,0,0.000000,0.000000,1,2,0,0.000000,0
far_hit_control,741,0,0.000000,0.000000,1,3,0,0.000000,0
far_hit_control,741,0,0.000000,0.000000,2,0,0,0.000000,0
far_hit_control,741,0,0.000000,0.000000,2,1,0,0.000000,0
far_hit_control,741,0,0.000000,0.000000,2,2,0,0.000000,0
far_hit_control,741,0,0.000000,0.000000,2,3,0,0.000000,0
far_hit_control,741,0,0.000000,0.000000,3,0,0,0.000000,0
far_hit_control,741,0,0.000000,0.000000,3,1,0,0.000000,0
far_hit_control,741,0,0.000000,0.000000,3,2,0,0.000000,0
far_hit_control,741,0,0.000000,0.000000,3,3,0,0.000000,0
far_hit_control,505,1,0.830075,1.000000,0,0,1,0.415037,0
far_hit_control,505,1,0.830075,1.000000,0,1,0,0.000000,1
far_hit_control,505,1,0.830075,1.000000,0,2,1,0.830075,0
far_hit_control,505,1,0.830075,1.000000,0,3,1,0.207519,0
far_hit_control,505,1,0.830075,1.000000,1,0,1,0.415037,0
far_hit_control,505,1,0.830075,1.000000,1,1,0,0.000000,1
far_hit_control,505,1,0.830075,1.000000,1,2,1,0.415037,0
far_hit_control,505,1,0.830075,1.000000,1,3,1,0.415037,0
far_hit_control,505,1,0.830075,1.000000,2,0,0,0.000000,1
far_hit_control,505,1,0.830075,1.000000,2,1,0,0.000000,1
far_hit_control,505,1,0.830075,1.000000,2,2,0,0.000000,1
far_hit_control,505,1,0.830075,1.000000,2,3,1,0.415037,0
far_hit_control,505,1,0.830075,1.000000,3,0,1,0.830075,0
far_hit_control,505,1,0.830075,1.000000,3,1,1,0.830075,0
far_hit_control,505,1,0.830075,1.000000,3,2,0,0.000000,1
far_hit_control,505,1,0.830075,1.000000,3,3,0,0.000000,1
far_hit_control,131,0,0.000000,0.000000,0,0,0,0.000000,0
far_hit_control,131,0,0.000000,0.000000,0,1,0,0.000000,0
far_hit_control,131,0,0.000000,0.000000,0,2,0,0.000000,0
far_hit_control,131,0,0.000000,0.000000,0,3,0,0.000000,0
far_hit_control,131,0,0.000000,0.000000,1,0,0,0.000000,0
far_hit_control,131,0,0.000000,0.000000,1,1,0,0.000000,0
far_hit_control,131,0,0.000000,0.000000,1,2,0,0.000000,0
far_hit_control,131,0,0.000000,0.000000,1,3,0,0.000000,0
far_hit_control,131,0,0.000000,0.000000,2,0,0,0.000000,0
far_hit_control,131,0,0.000000,0.000000,2,1,0,0.000000,0
far_hit_control,131,0,0.000000,0.000000,2,2,0,0.000000,0
far_hit_control,131,0,0.000000,0.000000,2,3,0,0.000000,0
far_hit_control,131,0,0.000000,0.000000,3,0,0,0.000000,0
far_hit_control,131,0,0.000000,0.000000,3,1,0,0.000000,0
far_hit_control,131,0,0.000000,0.000000,3,2,0,0.000000,0
far_hit_control,131,0,0.000000,0.000000,3,3,0,0.000000,0
far_hit_control,993,0,0.000000,0.000000,0,0,0,0.000000,0
far_hit_control,993,0,0.000000,0.000000,0,1,0,0.000000,0
far_hit_control,993,0,0.000000,0.000000,0,2,0,0.000000,0
far_hit_control,993,0,0.000000,0.000000,0,3,0,0.000000,0
far_hit_control,993,0,0.000000,0.000000,1,0,1,0.415037,1
far_hit_control,993,0,0.000000,0.000000,1,1,1,0.830075,1
far_hit_control,993,0,0.000000,0.000000,1,2,0,0.000000,0
far_hit_control,993,0,0.000000,0.000000,1,3,1,0.830075,1
far_hit_control,993,0,0.000000,0.000000,2,0,0,0.000000,0
far_hit_control,993,0,0.000000,0.000000,2,1,0,0.000000,0
far_hit_control,993,0,0.000000,0.000000,2,2,0,0.000000,0
far_hit_control,993,0,0.000000,0.000000,2,3,0,0.000000,0
far_hit_control,993,0,0.000000,0.000000,3,0,0,0.000000,0
far_hit_control,993,0,0.000000,0.000000,3,1,0,0.000000,0
far_hit_control,993,0,0.000000,0.000000,3,2,0,0.000000,0
far_hit_control,993,0,0.000000,0.000000,3,3,0,0.000000,0
far_hit_control,784,0,0.000000,0.000000,0,0,0,0.000000,0
far_hit_control,784,0,0.000000,0.000000,0,1,0,0.000000,0
far_hit_control,784,0,0.000000,0.000000,0,2,0,0.000000,0
far_hit_control,784,0,0.000000,0.000000,0,3,0,0.000000,0
far_hit_control,784,0,0.000000,0.000000,1,0,0,0.000000,0
far_hit_control,784,0,0.000000,0.000000,1,1,0,0.000000,0
far_hit_control,784,0,0.000000,0.000000,1,2,0,0.000000,0
far_hit_control,784,0,0.000000,0.000000,1,3,0,0.000000,0
far_hit_control,784,0,0.000000,0.000000,2,0,0,0.000000,0
far_hit_control,784,0,0.000000,0.000000,2,1,0,0.000000,0
far_hit_control,784,0,0.000000,0.000000,2,2,0,0.000000,0
far_hit_control,784,0,0.000000,0.000000,2,3,0,0.000000,0
far_hit_control,784,0,0.000000,0.000000,3,0,0,0.000000,0
far_hit_control,784,0,0.000000,0.000000,3,1,0,0.000000,0
far_hit_control,784,0,0.000000,0.000000,3,2,0,0.000000,0
far_hit_control,784,0,0.000000,0.000000,3,3,0,0.000000,0
far_hit_control,85,0,0.000000,0.010000,0,0,0,0.000000,0
far_hit_control,85,0,0.000000,0.010000,0,1,0,0.000000,0
far_hit_control,85,0,0.000000,0.010000,0,2,0,0.000000,0
far_hit_control,85,0,0.000000,0.010000,0,3,0,0.000000,0
far_hit_control,85,0,0.000000,0.010000,1,0,0,0.000000,0
far_hit_control,85,0,0.000000,0.010000,1,1,0,0.000000,0
far_hit_control,85,0,0.000000,0.010000,1,2,0,0.000000,0
far_hit_control,85,0,0.000000,0.010000,1,3,0,0.000000,0
far_hit_control,85,0,0.000000,0.010000,2,0,0,0.000000,0
far_hit_control,85,0,0.000000,0.010000,2,1,0,0.000000,0
far_hit_control,85,0,0.000000,0.010000,2,2,0,0.000000,0
far_hit_control,85,0,0.000000,0.010000,2,3,0,0.000000,0
far_hit_control,85,0,0.000000,0.010000,3,0,0,0.000000,0
far_hit_control,85,0,0.000000,0.010000,3,1,0,0.000000,0
far_hit_control,85,0,0.000000,0.010000,3,2,0,0.000000,0
far_hit_control,85,0,0.000000,0.010000,3,3,0,0.000000,0
far_hit_control,613,1,0.830075,0.979146,0,0,1,2.000000,0
far_hit_control,613,1,0.830075,0.979146,0,1,0,0.000000,1
far_hit_control,613,1,0.830075,0.979146,0,2,1,2.000000,0
far_hit_control,613,1,0.830075,0.979146,0,3,1,1.000000,0
far_hit_control,613,1,0.830075,0.979146,1,0,0,0.000000,1
far_hit_control,613,1,0.830075,0.979146,1,1,1,2.000000,0
far_hit_control,613,1,0.830075,0.979146,1,2,1,0.500000,0
far_hit_control,613,1,0.830075,0.979146,1,3,1,2.000000,0
far_hit_control,613,1,0.830075,0.979146,2,0,1,0.415037,0
far_hit_control,613,1,0.830075,0.979146,2,1,1,0.415037,0
far_hit_control,613,1,0.830075,0.979146,2,2,1,0.415037,0
far_hit_control,613,1,0.830075,0.979146,2,3,0,0.000000,1
far_hit_control,613,1,0.830075,0.979146,3,0,1,0.415037,0
far_hit_control,613,1,0.830075,0.979146,3,1,1,0.103759,0
far_hit_control,613,1,0.830075,0.979146,3,2,1,0.830075,0
far_hit_control,613,1,0.830075,0.979146,3,3,1,0.830075,0
far_hit_control,818,0,0.000000,0.000000,0,0,0,0.000000,0
far_hit_control,818,0,0.000000,0.000000,0,1,0,0.000000,0
far_hit_control,818,0,0.000000,0.000000,0,2,0,0.000000,0
far_hit_control,818,0,0.000000,0.000000,0,3,0,0.000000,0
far_hit_control,818,0,0.000000,0.000000,1,0,0,0.000000,0
far_hit_control,818,0,0.000000,0.000000,1,1,0,0.000000,0
far_hit_control,818,0,0.000000,0.000000,1,2,0,0.000000,0
far_hit_control,818,0,0.000000,0.000000,1,3,0,0.000000,0
far_hit_control,818,0,0.000000,0.000000,2,0,1,0.830075,1
far_hit_control,818,0,0.000000,0.000000,2,1,1,0.830075,1
far_hit_control,818,0,0.000000,0.000000,2,2,0,0.000000,0
far_hit_control,818,0,0.000000,0.000000,2,3,0,0.000000,0
far_hit_control,818,0,0.000000,0.000000,3,0,0,0.000000,0
far_hit_control,818,0,0.000000,0.000000,3,1,0,0.000000,0
far_hit_control,818,0,0.000000,0.000000,3,2,0,0.000000,0
far_hit_control,818,0,0.000000,0.000000,3,3,0,0.000000,0
far_hit_control,27,0,0.000000,0.000000,0,0,0,0.000000,0
far_hit_control,27,0,0.000000,0.000000,0,1,0,0.000000,0
far_hit_control,27,0,0.000000,0.000000,0,2,0,0.000000,0
far_hit_control,27,0,0.000000,0.000000,0,3,0,0.000000,0
far_hit_control,27,0,0.000000,0.000000,1,0,0,0.000000,0
far_hit_control,27,0,0.000000,0.000000,1,1,0,0.000000,0
far_hit_control,27,0,0.000000,0.000000,1,2,0,0.000000,0
far_hit_control,27,0,0.000000,0.000000,1,3,0,0.000000,0
far_hit_control,27,0,0.000000,0.000000,2,0,0,0.000000,0
far_hit_control,27,0,0.000000,0.000000,2,1,0,0.000000,0
far_hit_control,27,0,0.000000,0.000000,2,2,0,0.000000,0
far_hit_control,27,0,0.000000,0.000000,2,3,0,0.000000,0
far_hit_control,27,0,0.000000,0.000000,3,0,0,0.000000,0
far_hit_control,27,0,0.000000,0.000000,3,1,0,0.000000,0
far_hit_control,27,0,0.000000,0.000000,3,2,0,0.000000,0
far_hit_control,27,0,0.000000,0.000000,3,3,0,0.000000,0
far_hit_control,948,1,0.415037,1.000000,0,0,1,0.830075,0
far_hit_control,948,1,0.415037,1.000000,0,1,1,0.830075,0
far_hit_control,948,1,0.415037,1.000000,0,2,1,0.415037,0
far_hit_control,948,1,0.415037,1.000000,0,3,1,0.830075,0
far_hit_control,948,1,0.415037,1.000000,1,0,1,0.830075,0
far_hit_control,948,1,0.415037,1.000000,1,1,1,0.830075,0
far_hit_control,948,1,0.415037,1.000000,1,2,0,0.000000,1
far_hit_control,948,1,0.415037,1.000000,1,3,0,0.000000,1
far_hit_control,948,1,0.415037,1.000000,2,0,1,0.830075,0
far_hit_control,948,1,0.415037,1.000000,2,1,1,0.415037,0
far_hit_control,948,1,0.415037,1.000000,2,2,1,0.830075,0
far_hit_control,948,1,0.415037,1.000000,2,3,1,0.415037,0
far_hit_control,948,1,0.415037,1.000000,3,0,1,2.000000,0
far_hit_control,948,1,0.415037,1.000000,3,1,0,0.000000,1
far_hit_control,948,1,0.415037,1.000000,3,2,1,2.000000,0
far_hit_control,948,1,0.415037,1.000000,3,3,0,0.000000,1
far_hit_control,305,1,0.830075,1.000000,0,0,1,0.830075,0
far_hit_control,305,1,0.830075,1.000000,0,1,0,0.000000,1
far_hit_control,305,1,0.830075,1.000000,0,2,1,0.830075,0
far_hit_control,305,1,0.830075,1.000000,0,3,1,0.830075,0
far_hit_control,305,1,0.830075,1.000000,1,0,1,2.000000,0
far_hit_control,305,1,0.830075,1.000000,1,1,1,2.000000,0
far_hit_control,305,1,0.830075,1.000000,1,2,0,0.000000,1
far_hit_control,305,1,0.830075,1.000000,1,3,0,0.000000,1
far_hit_control,305,1,0.830075,1.000000,2,0,1,0.830075,0
far_hit_control,305,1,0.830075,1.000000,2,1,1,0.830075,0
far_hit_control,305,1,0.830075,1.000000,2,2,1,0.415037,0
far_hit_control,305,1,0.830075,1.000000,2,3,1,0.830075,0
far_hit_control,305,1,0.830075,1.000000,3,0,0,0.000000,1
far_hit_control,305,1,0.830075,1.000000,3,1,1,1.000000,0
far_hit_control,305,1,0.830075,1.000000,3,2,1,2.000000,0
far_hit_control,305,1,0.830075,1.000000,3,3,1,3.000000,0
far_hit_control,213,0,0.000000,0.000000,0,0,0,0.000000,0
far_hit_control,213,0,0.000000,0.000000,0,1,0,0.000000,0
far_hit_control,213,0,0.000000,0.000000,0,2,0,0.000000,0
far_hit_control,213,0,0.000000,0.000000,0,3,0,0.000000,0
far_hit_control,213,0,0.000000,0.000000,1,0,1,0.415037,1
far_hit_control,213,0,0.000000,0.000000,1,1,1,0.830075,1
far_hit_control,213,0,0.000000,0.000000,1,2,1,0.830075,1
far_hit_control,213,0,0.000000,0.000000,1,3,1,0.830075,1
far_hit_control,213,0,0.000000,0.000000,2,0,0,0.000000,0
far_hit_control,213,0,0.000000,0.000000,2,1,0,0.000000,0
far_hit_control,213,0,0.000000,0.000000,2,2,0,0.000000,0
far_hit_control,213,0,0.000000,0.000000,2,3,0,0.000000,0
far_hit_control,213,0,0.000000,0.000000,3,0,0,0.000000,0
far_hit_control,213,0,0.000000,0.000000,3,1,0,0.000000,0
far_hit_control,213,0,0.000000,0.000000,3,2,0,0.000000,0
far_hit_control,213,0,0.000000,0.000000,3,3,0,0.000000,0
far_hit_control,865,0,0.000000,0.000000,0,0,1,0.415037,1
far_hit_control,865,0,0.000000,0.000000,0,1,0,0.000000,0
far_hit_control,865,0,0.000000,0.000000,0,2,0,0.000000,0
far_hit_control,865,0,0.000000,0.000000,0,3,0,0.000000,0
far_hit_control,865,0,0.000000,0.000000,1,0,0,0.000000,0
far_hit_control,865,0,0.000000,0.000000,1,1,0,0.000000,0
far_hit_control,865,0,0.000000,0.000000,1,2,1,0.830075,1
far_hit_control,865,0,0.000000,0.000000,1,3,0,0.000000,0
far_hit_control,865,0,0.000000,0.000000,2,0,0,0.000000,0
far_hit_control,865,0,0.000000,0.000000,2,1,1,0.830075,1
far_hit_control,865,0,0.000000,0.000000,2,2,0,0.000000,0
far_hit_control,865,0,0.000000,0.000000,2,3,1,0.830075,1
far_hit_control,865,0,0.000000,0.000000,3,0,0,0.000000,0
far_hit_control,865,0,0.000000,0.000000,3,1,0,0.000000,0
far_hit_control,865,0,0.000000,0.000000,3,2,0,0.000000,0
far_hit_control,865,0,0.000000,0.000000,3,3,0,0.000000,0
far_hit_control,312,0,0.000000,0.000000,0,0,0,0.000000,0
far_hit_control,312,0,0.000000,0.000000,0,1,0,0.000000,0
far_hit_control,312,0,0.000000,0.000000,0,2,0,0.000000,0
far_hit_control,312,0,0.000000,0.000000,0,3,0,0.000000,0
far_hit_control,312,0,0.000000,0.000000,1,0,0,0.000000,0
far_hit_control,312,0,0.000000,0.000000,1,1,0,0.000000,0
far_hit_control,312,0,0.000000,0.000000,1,2,0,0.000000,0
far_hit_control,312,0,0.000000,0.000000,1,3,0,0.000000,0
far_hit_control,312,0,0.000000,0.000000,2,0,0,0.000000,0
far_hit_control,312,0,0.000000,0.000000,2,1,0,0.000000,0
far_hit_control,312,0,0.000000,0.000000,2,2,0,0.000000,0
far_hit_control,312,0,0.000000,0.000000,2,3,0,0.000000,0
far_hit_control,312,0,0.000000,0.000000,3,0,0,0.000000,0
far_hit_control,312,0,0.000000,0.000000,3,1,0,0.000000,0
far_hit_control,312,0,0.000000,0.000000,3,2,0,0.000000,0
far_hit_control,312,0,0.000000,0.000000,3,3,0,0.000000,0
far_hit_control,164,0,0.000000,0.000000,0,0,0,0.000000,0
far_hit_control,164,0,0.000000,0.000000,0,1,0,0.000000,0
far_hit_control,164,0,0.000000,0.000000,0,2,0,0.000000,0
far_hit_control,164,0,0.000000,0.000000,0,3,0,0.000000,0
far_hit_control,164,0,0.000000,0.000000,1,0,0,0.000000,0
far_hit_control,164,0,0.000000,0.000000,1,1,0,0.000000,0
far_hit_control,164,0,0.000000,0.000000,1,2,0,0.000000,0
far_hit_control,164,0,0.000000,0.000000,1,3,0,0.000000,0
far_hit_control,164,0,0.000000,0.000000,2,0,0,0.000000,0
far_hit_control,164,0,0.000000,0.000000,2,1,0,0.000000,0
far_hit_control,164,0,0.000000,0.000000,2,2,0,0.000000,0
far_hit_control,164,0,0.000000,0.000000,2,3,0,0.000000,0
far_hit_control,164,0,0.000000,0.000000,3,0,0,0.000000,0
far_hit_control,164,0,0.000000,0.000000,3,1,0,0.000000,0
far_hit_control,164,0,0.000000,0.000000,3,2,0,0.000000,0
far_hit_control,164,0,0.000000,0.000000,3,3,0,0.000000,0
far_hit_control,946,0,0.000000,0.000000,0,0,0,0.000000,0
far_hit_control,946,0,0.000000,0.000000,0,1,0,0.000000,0
far_hit_control,946,0,0.000000,0.000000,0,2,0,0.000000,0
far_hit_control,946,0,0.000000,0.000000,0,3,0,0.000000,0
far_hit_control,946,0,0.000000,0.000000,1,0,0,0.000000,0
far_hit_control,946,0,0.000000,0.000000,1,1,0,0.000000,0
far_hit_control,946,0,0.000000,0.000000,1,2,0,0.000000,0
far_hit_control,946,0,0.000000,0.000000,1,3,0,0.000000,0
far_hit_control,946,0,0.000000,0.000000,2,0,0,0.000000,0
far_hit_control,946,0,0.000000,0.000000,2,1,0,0.000000,0
far_hit_control,946,0,0.000000,0.000000,2,2,0,0.000000,0
far_hit_control,946,0,0.000000,0.000000,2,3,0,0.000000,0
far_hit_control,946,0,0.000000,0.000000,3,0,0,0.000000,0
far_hit_control,946,0,0.000000,0.000000,3,1,0,0.000000,0
far_hit_control,946,0,0.000000,0.000000,3,2,0,0.000000,0
far_hit_control,946,0,0.000000,0.000000,3,3,0,0.000000,0
far_hit_control,942,0,0.000000,0.000000,0,0,0,0.000000,0
far_hit_control,942,0,0.000000,0.000000,0,1,0,0.000000,0
far_hit_control,942,0,0.000000,0.000000,0,2,0,0.000000,0
far_hit_control,942,0,0.000000,0.000000,0,3,0,0.000000,0
far_hit_control,942,0,0.000000,0.000000,1,0,0,0.000000,0
far_hit_control,942,0,0.000000,0.000000,1,1,0,0.000000,0
far_hit_control,942,0,0.000000,0.000000,1,2,0,0.000000,0
far_hit_control,942,0,0.000000,0.000000,1,3,0,0.000000,0
far_hit_control,942,0,0.000000,0.000000,2,0,0,0.000000,0
far_hit_control,942,0,0.000000,0.000000,2,1,0,0.000000,0
far_hit_control,942,0,0.000000,0.000000,2,2,0,0.000000,0
far_hit_control,942,0,0.000000,0.000000,2,3,0,0.000000,0
far_hit_control,942,0,0.000000,0.000000,3,0,0,0.000000,0
far_hit_control,942,0,0.000000,0.000000,3,1,0,0.000000,0
far_hit_control,942,0,0.000000,0.000000,3,2,0,0.000000,0
far_hit_control,942,0,0.000000,0.000000,3,3,0,0.000000,0
far_hit_control,295,0,0.000000,0.000000,0,0,0,0.000000,0
far_hit_control,295,0,0.000000,0.000000,0,1,0,0.000000,0
far_hit_control,295,0,0.000000,0.000000,0,2,0,0.000000,0
far_hit_control,295,0,0.000000,0.000000,0,3,0,0.000000,0
far_hit_control,295,0,0.000000,0.000000,1,0,0,0.000000,0
far_hit_control,295,0,0.000000,0.000000,1,1,0,0.000000,0
far_hit_control,295,0,0.000000,0.000000,1,2,0,0.000000,0
far_hit_control,295,0,0.000000,0.000000,1,3,0,0.000000,0
far_hit_control,295,0,0.000000,0.000000,2,0,0,0.000000,0
far_hit_control,295,0,0.000000,0.000000,2,1,0,0.000000,0
far_hit_control,295,0,0.000000,0.000000,2,2,1,0.830075,1
far_hit_control,295,0,0.000000,0.000000,2,3,0,0.000000,0
far_hit_control,295,0,0.000000,0.000000,3,0,0,0.000000,0
far_hit_control,295,0,0.000000,0.000000,3,1,0,0.000000,0
far_hit_control,295,0,0.000000,0.000000,3,2,0,0.000000,0
far_hit_control,295,0,0.000000,0.000000,3,3,0,0.000000,0
far_hit_control,659,0,0.000000,0.000000,0,0,0,0.000000,0
far_hit_control,659,0,0.000000,0.000000,0,1,0,0.000000,0
far_hit_control,659,0,0.000000,0.000000,0,2,0,0.000000,0
far_hit_control,659,0,0.000000,0.000000,0,3,0,0.000000,0
far_hit_control,659,0,0.000000,0.000000,1,0,0,0.000000,0
far_hit_control,659,0,0.000000,0.000000,1,1,0,0.000000,0
far_hit_control,659,0,0.000000,0.000000,1,2,0,0.000000,0
far_hit_control,659,0,0.000000,0.000000,1,3,0,0.000000,0
far_hit_control,659,0,0.000000,0.000000,2,0,1,0.415037,1
far_hit_control,659,0,0.000000,0.000000,2,1,1,0.830075,1
far_hit_control,659,0,0.000000,0.000000,2,2,1,0.830075,1
far_hit_control,659,0,0.000000,0.000000,2,3,1,0.415037,1
far_hit_control,659,0,0.000000,0.000000,3,0,1,0.830075,1
far_hit_control,659,0,0.000000,0.000000,3,1,0,0.000000,0
far_hit_control,659,0,0.000000,0.000000,3,2,1,0.830075,1
far_hit_control,659,0,0.000000,0.000000,3,3,0,0.000000,0
far_hit_control,667,0,0.000000,0.000000,0,0,0,0.000000,0
far_hit_control,667,0,0.000000,0.000000,0,1,0,0.000000,0
far_hit_control,667,0,0.000000,0.000000,0,2,0,0.000000,0
far_hit_control,667,0,0.000000,0.000000,0,3,0,0.000000,0
far_hit_control,667,0,0.000000,0.000000,1,0,0,0.000000,0
far_hit_control,667,0,0.000000,0.000000,1,1,0,0.000000,0
far_hit_control,667,0,0.000000,0.000000,1,2,0,0.000000,0
far_hit_control,667,0,0.000000,0.000000,1,3,0,0.000000,0
far_hit_control,667,0,0.000000,0.000000,2,0,0,0.000000,0
far_hit_control,667,0,0.000000,0.000000,2,1,0,0.000000,0
far_hit_control,667,0,0.000000,0.000000,2,2,0,0.000000,0
far_hit_control,667,0,0.000000,0.000000,2,3,0,0.000000,0
far_hit_control,667,0,0.000000,0.000000,3,0,0,0.000000,0
far_hit_control,667,0,0.000000,0.000000,3,1,0,0.000000,0
far_hit_control,667,0,0.000000,0.000000,3,2,0,0.000000,0
far_hit_control,667,0,0.000000,0.000000,3,3,0,0.000000,0
far_hit_control,951,0,0.000000,0.000000,0,0,0,0.000000,0
far_hit_control,951,0,0.000000,0.000000,0,1,0,0.000000,0
far_hit_control,951,0,0.000000,0.000000,0,2,0,0.000000,0
far_hit_control,951,0,0.000000,0.000000,0,3,0,0.000000,0
far_hit_control,951,0,0.000000,0.000000,1,0,0,0.000000,0
far_hit_control,951,0,0.000000,0.000000,1,1,0,0.000000,0
far_hit_control,951,0,0.000000,0.000000,1,2,0,0.000000,0
far_hit_control,951,0,0.000000,0.000000,1,3,0,0.000000,0
far_hit_control,951,0,0.000000,0.000000,2,0,0,0.000000,0
far_hit_control,951,0,0.000000,0.000000,2,1,0,0.000000,0
far_hit_control,951,0,0.000000,0.000000,2,2,0,0.000000,0
far_hit_control,951,0,0.000000,0.000000,2,3,0,0.000000,0
far_hit_control,951,0,0.000000,0.000000,3,0,0,0.000000,0
far_hit_control,951,0,0.000000,0.000000,3,1,0,0.000000,0
far_hit_control,951,0,0.000000,0.000000,3,2,0,0.000000,0
far_hit_control,951,0,0.000000,0.000000,3,3,0,0.000000,0
far_hit_control,708,0,0.000000,0.000000,0,0,0,0.000000,0
far_hit_control,708,0,0.000000,0.000000,0,1,0,0.000000,0
far_hit_control,708,0,0.000000,0.000000,0,2,0,0.000000,0
far_hit_control,708,0,0.000000,0.000000,0,3,0,0.000000,0
far_hit_control,708,0,0.000000,0.000000,1,0,0,0.000000,0
far_hit_control,708,0,0.000000,0.000000,1,1,0,0.000000,0
far_hit_control,708,0,0.000000,0.000000,1,2,0,0.000000,0
far_hit_control,708,0,0.000000,0.000000,1,3,0,0.000000,0
far_hit_control,708,0,0.000000,0.000000,2,0,0,0.000000,0
far_hit_control,708,0,0.000000,0.000000,2,1,0,0.000000,0
far_hit_control,708,0,0.000000,0.000000,2,2,0,0.000000,0
far_hit_control,708,0,0.000000,0.000000,2,3,0,0.000000,0
far_hit_control,708,0,0.000000,0.000000,3,0,0,0.000000,0
far_hit_control,708,0,0.000000,0.000000,3,1,0,0.000000,0
far_hit_control,708,0,0.000000,0.000000,3,2,0,0.000000,0
far_hit_control,708,0,0.000000,0.000000,3,3,0,0.000000,0
far_hit_control,66,1,0.830075,0.934333,0,0,0,0.000000,1
far_hit_control,66,1,0.830075,0.934333,0,1,0,0.000000,1
far_hit_control,66,1,0.830075,0.934333,0,2,1,0.830075,0
far_hit_control,66,1,0.830075,0.934333,0,3,1,0.415037,0
far_hit_control,66,1,0.830075,0.934333,1,0,0,0.000000,1
far_hit_control,66,1,0.830075,0.934333,1,1,0,0.000000,1
far_hit_control,66,1,0.830075,0.934333,1,2,1,0.415037,0
far_hit_control,66,1,0.830075,0.934333,1,3,1,0.830075,0
far_hit_control,66,1,0.830075,0.934333,2,0,1,0.830075,0
far_hit_control,66,1,0.830075,0.934333,2,1,1,0.830075,0
far_hit_control,66,1,0.830075,0.934333,2,2,1,0.830075,0
far_hit_control,66,1,0.830075,0.934333,2,3,1,0.830075,0
far_hit_control,66,1,0.830075,0.934333,3,0,1,0.415037,0
far_hit_control,66,1,0.830075,0.934333,3,1,1,0.415037,0
far_hit_control,66,1,0.830075,0.934333,3,2,0,0.000000,1
far_hit_control,66,1,0.830075,0.934333,3,3,1,0.415037,0
far_hit_control,914,0,0.000000,0.000000,0,0,0,0.000000,0
far_hit_control,914,0,0.000000,0.000000,0,1,0,0.000000,0
far_hit_control,914,0,0.000000,0.000000,0,2,0,0.000000,0
far_hit_control,914,0,0.000000,0.000000,0,3,0,0.000000,0
far_hit_control,914,0,0.000000,0.000000,1,0,0,0.000000,0
far_hit_control,914,0,0.000000,0.000000,1,1,0,0.000000,0
far_hit_control,914,0,0.000000,0.000000,1,2,0,0.000000,0
far_hit_control,914,0,0.000000,0.000000,1,3,0,0.000000,0
far_hit_control,914,0,0.000000,0.000000,2,0,0,0.000000,0
far_hit_control,914,0,0.000000,0.000000,2,1,0,0.000000,0
far_hit_control,914,0,0.000000,0.000000,2,2,0,0.000000,0
far_hit_control,914,0,0.000000,0.000000,2,3,0,0.000000,0
far_hit_control,914,0,0.000000,0.000000,3,0,0,0.000000,0
far_hit_control,914,0,0.000000,0.000000,3,1,0,0.000000,0
far_hit_control,914,0,0.000000,0.000000,3,2,0,0.000000,0
far_hit_control,914,0,0.000000,0.000000,3,3,0,0.000000,0
far_hit_control,482,0,0.000000,0.000000,0,0,0,0.000000,0
far_hit_control,482,0,0.000000,0.000000,0,1,0,0.000000,0
far_hit_control,482,0,0.000000,0.000000,0,2,0,0.000000,0
far_hit_control,482,0,0.000000,0.000000,0,3,0,0.000000,0
far_hit_control,482,0,0.000000,0.000000,1,0,0,0.000000,0
far_hit_control,482,0,0.000000,0.000000,1,1,0,0.000000,0
far_hit_control,482,0,0.000000,0.000000,1,2,0,0.000000,0
far_hit_control,482,0,0.000000,0.000000,1,3,0,0.000000,0
far_hit_control,482,0,0.000000,0.000000,2,0,0,0.000000,0
far_hit_control,482,0,0.000000,0.000000,2,1,0,0.000000,0
far_hit_control,482,0,0.000000,0.000000,2,2,0,0.000000,0
far_hit_control,482,0,0.000000,0.000000,2,3,0,0.000000,0
far_hit_control,482,0,0.000000,0.000000,3,0,0,0.000000,0
far_hit_control,482,0,0.000000,0.000000,3,1,0,0.000000,0
far_hit_control,482,0,0.000000,0.000000,3,2,0,0.000000,0
far_hit_control,482,0,0.000000,0.000000,3,3,0,0.000000,0
far_hit_control,275,0,0.000000,0.000000,0,0,0,0.000000,0
far_hit_control,275,0,0.000000,0.000000,0,1,0,0.000000,0
far_hit_control,275,0,0.000000,0.000000,0,2,0,0.000000,0
far_hit_control,275,0,0.000000,0.000000,0,3,0,0.000000,0
far_hit_control,275,0,0.000000,0.000000,1,0,0,0.000000,0
far_hit_control,275,0,0.000000,0.000000,1,1,0,0.000000,0
far_hit_control,275,0,0.000000,0.000000,1,2,0,0.000000,0
far_hit_control,275,0,0.000000,0.000000,1,3,0,0.000000,0
far_hit_control,275,0,0.000000,0.000000,2,0,0,0.000000,0
far_hit_control,275,0,0.000000,0.000000,2,1,0,0.000000,0
far_hit_control,275,0,0.000000,0.000000,2,2,0,0.000000,0
far_hit_control,275,0,0.000000,0.000000,2,3,0,0.000000,0
far_hit_control,275,0,0.000000,0.000000,3,0,0,0.000000,0
far_hit_control,275,0,0.000000,0.000000,3,1,0,0.000000,0
far_hit_control,275,0,0.000000,0.000000,3,2,0,0.000000,0
far_hit_control,275,0,0.000000,0.000000,3,3,0,0.000000,0
far_hit_control,820,0,0.000000,0.000000,0,0,0,0.000000,0
far_hit_control,820,0,0.000000,0.000000,0,1,0,0.000000,0
far_hit_control,820,0,0.000000,0.000000,0,2,0,0.000000,0
far_hit_control,820,0,0.000000,0.000000,0,3,0,0.000000,0
far_hit_control,820,0,0.000000,0.000000,1,0,0,0.000000,0
far_hit_control,820,0,0.000000,0.000000,1,1,0,0.000000,0
far_hit_control,820,0,0.000000,0.000000,1,2,0,0.000000,0
far_hit_control,820,0,0.000000,0.000000,1,3,0,0.000000,0
far_hit_control,820,0,0.000000,0.000000,2,0,1,0.830075,1
far_hit_control,820,0,0.000000,0.000000,2,1,1,0.830075,1
far_hit_control,820,0,0.000000,0.000000,2,2,1,0.830075,1
far_hit_control,820,0,0.000000,0.000000,2,3,1,0.830075,1
far_hit_control,820,0,0.000000,0.000000,3,0,0,0.000000,0
far_hit_control,820,0,0.000000,0.000000,3,1,0,0.000000,0
far_hit_control,820,0,0.000000,0.000000,3,2,0,0.000000,0
far_hit_control,820,0,0.000000,0.000000,3,3,0,0.000000,0
far_hit_control,779,0,0.000000,0.040000,0,0,0,0.000000,0
far_hit_control,779,0,0.000000,0.040000,0,1,0,0.000000,0
far_hit_control,779,0,0.000000,0.040000,0,2,0,0.000000,0
far_hit_control,779,0,0.000000,0.040000,0,3,0,0.000000,0
far_hit_control,779,0,0.000000,0.040000,1,0,0,0.000000,0
far_hit_control,779,0,0.000000,0.040000,1,1,0,0.000000,0
far_hit_control,779,0,0.000000,0.040000,1,2,0,0.000000,0
far_hit_control,779,0,0.000000,0.040000,1,3,0,0.000000,0
far_hit_control,779,0,0.000000,0.040000,2,0,0,0.000000,0
far_hit_control,779,0,0.000000,0.040000,2,1,0,0.000000,0
far_hit_control,779,0,0.000000,0.040000,2,2,0,0.000000,0
far_hit_control,779,0,0.000000,0.040000,2,3,0,0.000000,0
far_hit_control,779,0,0.000000,0.040000,3,0,0,0.000000,0
far_hit_control,779,0,0.000000,0.040000,3,1,0,0.000000,0
far_hit_control,779,0,0.000000,0.040000,3,2,0,0.000000,0
far_hit_control,779,0,0.000000,0.040000,3,3,0,0.000000,0
far_hit_control,887,0,0.000000,0.000000,0,0,0,0.000000,0
far_hit_control,887,0,0.000000,0.000000,0,1,0,0.000000,0
far_hit_control,887,0,0.000000,0.000000,0,2,0,0.000000,0
far_hit_control,887,0,0.000000,0.000000,0,3,0,0.000000,0
far_hit_control,887,0,0.000000,0.000000,1,0,0,0.000000,0
far_hit_control,887,0,0.000000,0.000000,1,1,0,0.000000,0
far_hit_control,887,0,0.000000,0.000000,1,2,0,0.000000,0
far_hit_control,887,0,0.000000,0.000000,1,3,0,0.000000,0
far_hit_control,887,0,0.000000,0.000000,2,0,0,0.000000,0
far_hit_control,887,0,0.000000,0.000000,2,1,0,0.000000,0
far_hit_control,887,0,0.000000,0.000000,2,2,0,0.000000,0
far_hit_control,887,0,0.000000,0.000000,2,3,0,0.000000,0
far_hit_control,887,0,0.000000,0.000000,3,0,0,0.000000,0
far_hit_control,887,0,0.000000,0.000000,3,1,0,0.000000,0
far_hit_control,887,0,0.000000,0.000000,3,2,0,0.000000,0
far_hit_control,887,0,0.000000,0.000000,3,3,0,0.000000,0
far_hit_control,814,0,0.000000,0.000000,0,0,0,0.000000,0
far_hit_control,814,0,0.000000,0.000000,0,1,0,0.000000,0
far_hit_control,814,0,0.000000,0.000000,0,2,0,0.000000,0
far_hit_control,814,0,0.000000,0.000000,0,3,0,0.000000,0
far_hit_control,814,0,0.000000,0.000000,1,0,0,0.000000,0
far_hit_control,814,0,0.000000,0.000000,1,1,0,0.000000,0
far_hit_control,814,0,0.000000,0.000000,1,2,0,0.000000,0
far_hit_control,814,0,0.000000,0.000000,1,3,0,0.000000,0
far_hit_control,814,0,0.000000,0.000000,2,0,0,0.000000,0
far_hit_control,814,0,0.000000,0.000000,2,1,0,0.000000,0
far_hit_control,814,0,0.000000,0.000000,2,2,0,0.000000,0
far_hit_control,814,0,0.000000,0.000000,2,3,0,0.000000,0
far_hit_control,814,0,0.000000,0.000000,3,0,0,0.000000,0
far_hit_control,814,0,0.000000,0.000000,3,1,0,0.000000,0
far_hit_control,814,0,0.000000,0.000000,3,2,0,0.000000,0
far_hit_control,814,0,0.000000,0.000000,3,3,0,0.000000,0
far_hit_control,713,1,0.415037,0.996905,0,0,1,1.000000,0
far_hit_control,713,1,0.415037,0.996905,0,1,0,0.000000,1
far_hit_control,713,1,0.415037,0.996905,0,2,1,0.830075,0
far_hit_control,713,1,0.415037,0.996905,0,3,1,0.415037,0
far_hit_control,713,1,0.415037,0.996905,1,0,1,0.415037,0
far_hit_control,713,1,0.415037,0.996905,1,1,1,0.830075,0
far_hit_control,713,1,0.415037,0.996905,1,2,1,0.415037,0
far_hit_control,713,1,0.415037,0.996905,1,3,0,0.000000,1
far_hit_control,713,1,0.415037,0.996905,2,0,1,0.415037,0
far_hit_control,713,1,0.415037,0.996905,2,1,1,0.830075,0
far_hit_control,713,1,0.415037,0.996905,2,2,0,0.000000,1
far_hit_control,713,1,0.415037,0.996905,2,3,0,0.000000,1
far_hit_control,713,1,0.415037,0.996905,3,0,1,0.415037,0
far_hit_control,713,1,0.415037,0.996905,3,1,1,0.830075,0
far_hit_control,713,1,0.415037,0.996905,3,2,0,0.000000,1
far_hit_control,713,1,0.415037,0.996905,3,3,1,0.415037,0
far_hit_control,293,0,0.000000,0.000000,0,0,0,0.000000,0
far_hit_control,293,0,0.000000,0.000000,0,1,0,0.000000,0
far_hit_control,293,0,0.000000,0.000000,0,2,0,0.000000,0
far_hit_control,293,0,0.000000,0.000000,0,3,0,0.000000,0
far_hit_control,293,0,0.000000,0.000000,1,0,0,0.000000,0
far_hit_control,293,0,0.000000,0.000000,1,1,0,0.000000,0
far_hit_control,293,0,0.000000,0.000000,1,2,0,0.000000,0
far_hit_control,293,0,0.000000,0.000000,1,3,0,0.000000,0
far_hit_control,293,0,0.000000,0.000000,2,0,0,0.000000,0
far_hit_control,293,0,0.000000,0.000000,2,1,0,0.000000,0
far_hit_control,293,0,0.000000,0.000000,2,2,0,0.000000,0
far_hit_control,293,0,0.000000,0.000000,2,3,0,0.000000,0
far_hit_control,293,0,0.000000,0.000000,3,0,0,0.000000,0
far_hit_control,293,0,0.000000,0.000000,3,1,0,0.000000,0
far_hit_control,293,0,0.000000,0.000000,3,2,0,0.000000,0
far_hit_control,293,0,0.000000,0.000000,3,3,0,0.000000,0
far_hit_control,777,0,0.000000,0.000000,0,0,0,0.000000,0
far_hit_control,777,0,0.000000,0.000000,0,1,0,0.000000,0
far_hit_control,777,0,0.000000,0.000000,0,2,0,0.000000,0
far_hit_control,777,0,0.000000,0.000000,0,3,0,0.000000,0
far_hit_control,777,0,0.000000,0.000000,1,0,0,0.000000,0
far_hit_control,777,0,0.000000,0.000000,1,1,0,0.000000,0
far_hit_control,777,0,0.000000,0.000000,1,2,0,0.000000,0
far_hit_control,777,0,0.000000,0.000000,1,3,0,0.000000,0
far_hit_control,777,0,0.000000,0.000000,2,0,0,0.000000,0
far_hit_control,777,0,0.000000,0.000000,2,1,0,0.000000,0
far_hit_control,777,0,0.000000,0.000000,2,2,0,0.000000,0
far_hit_control,777,0,0.000000,0.000000,2,3,0,0.000000,0
far_hit_control,777,0,0.000000,0.000000,3,0,1,0.830075,1
far_hit_control,777,0,0.000000,0.000000,3,1,1,0.415037,1
far_hit_control,777,0,0.000000,0.000000,3,2,1,0.830075,1
far_hit_control,777,0,0.000000,0.000000,3,3,1,0.415037,1
far_hit_control,506,0,0.000000,0.000000,0,0,0,0.000000,0
far_hit_control,506,0,0.000000,0.000000,0,1,0,0.000000,0
far_hit_control,506,0,0.000000,0.000000,0,2,0,0.000000,0
far_hit_control,506,0,0.000000,0.000000,0,3,0,0.000000,0
far_hit_control,506,0,0.000000,0.000000,1,0,0,0.000000,0
far_hit_control,506,0,0.000000,0.000000,1,1,0,0.000000,0
far_hit_control,506,0,0.000000,0.000000,1,2,0,0.000000,0
far_hit_control,506,0,0.000000,0.000000,1,3,0,0.000000,0
far_hit_control,506,0,0.000000,0.000000,2,0,0,0.000000,0
far_hit_control,506,0,0.000000,0.000000,2,1,0,0.000000,0
far_hit_control,506,0,0.000000,0.000000,2,2,0,0.000000,0
far_hit_control,506,0,0.000000,0.000000,2,3,0,0.000000,0
far_hit_control,506,0,0.000000,0.000000,3,0,1,0.415037,1
far_hit_control,506,0,0.000000,0.000000,3,1,0,0.000000,0
far_hit_control,506,0,0.000000,0.000000,3,2,1,0.415037,1
far_hit_control,506,0,0.000000,0.000000,3,3,1,0.830075,1
far_hit_control,890,0,0.000000,0.000000,0,0,0,0.000000,0
far_hit_control,890,0,0.000000,0.000000,0,1,0,0.000000,0
far_hit_control,890,0,0.000000,0.000000,0,2,0,0.000000,0
far_hit_control,890,0,0.000000,0.000000,0,3,0,0.000000,0
far_hit_control,890,0,0.000000,0.000000,1,0,0,0.000000,0
far_hit_control,890,0,0.000000,0.000000,1,1,0,0.000000,0
far_hit_control,890,0,0.000000,0.000000,1,2,0,0.000000,0
far_hit_control,890,0,0.000000,0.000000,1,3,0,0.000000,0
far_hit_control,890,0,0.000000,0.000000,2,0,0,0.000000,0
far_hit_control,890,0,0.000000,0.000000,2,1,0,0.000000,0
far_hit_control,890,0,0.000000,0.000000,2,2,0,0.000000,0
far_hit_control,890,0,0.000000,0.000000,2,3,0,0.000000,0
far_hit_control,890,0,0.000000,0.000000,3,0,0,0.000000,0
far_hit_control,890,0,0.000000,0.000000,3,1,0,0.000000,0
far_hit_control,890,0,0.000000,0.000000,3,2,0,0.000000,0
far_hit_control,890,0,0.000000,0.000000,3,3,0,0.000000,0
far_hit_control,153,0,0.000000,0.000000,0,0,0,0.000000,0
far_hit_control,153,0,0.000000,0.000000,0,1,1,0.415037,1
far_hit_control,153,0,0.000000,0.000000,0,2,0,0.000000,0
far_hit_control,153,0,0.000000,0.000000,0,3,0,0.000000,0
far_hit_control,153,0,0.000000,0.000000,1,0,0,0.000000,0
far_hit_control,153,0,0.000000,0.000000,1,1,0,0.000000,0
far_hit_control,153,0,0.000000,0.000000,1,2,0,0.000000,0
far_hit_control,153,0,0.000000,0.000000,1,3,0,0.000000,0
far_hit_control,153,0,0.000000,0.000000,2,0,0,0.000000,0
far_hit_control,153,0,0.000000,0.000000,2,1,0,0.000000,0
far_hit_control,153,0,0.000000,0.000000,2,2,0,0.000000,0
far_hit_control,153,0,0.000000,0.000000,2,3,0,0.000000,0
far_hit_control,153,0,0.000000,0.000000,3,0,0,0.000000,0
far_hit_control,153,0,0.000000,0.000000,3,1,0,0.000000,0
far_hit_control,153,0,0.000000,0.000000,3,2,1,0.830075,1
far_hit_control,153,0,0.000000,0.000000,3,3,1,1.000000,1
far_hit_control,906,1,0.415037,0.993750,0,0,1,0.830075,0
far_hit_control,906,1,0.415037,0.993750,0,1,1,0.415037,0
far_hit_control,906,1,0.415037,0.993750,0,2,1,0.415037,0
far_hit_control,906,1,0.415037,0.993750,0,3,1,0.415037,0
far_hit_control,906,1,0.415037,0.993750,1,0,0,0.000000,1
far_hit_control,906,1,0.415037,0.993750,1,1,1,2.000000,0
far_hit_control,906,1,0.415037,0.993750,1,2,0,0.000000,1
far_hit_control,906,1,0.415037,0.993750,1,3,1,2.000000,0
far_hit_control,906,1,0.415037,0.993750,2,0,1,0.415037,0
far_hit_control,906,1,0.415037,0.993750,2,1,0,0.000000,1
far_hit_control,906,1,0.415037,0.993750,2,2,1,0.830075,0
far_hit_control,906,1,0.415037,0.993750,2,3,0,0.000000,1
far_hit_control,906,1,0.415037,0.993750,3,0,1,0.415037,0
far_hit_control,906,1,0.415037,0.993750,3,1,1,2.000000,0
far_hit_control,906,1,0.415037,0.993750,3,2,0,0.000000,1
far_hit_control,906,1,0.415037,0.993750,3,3,1,2.000000,0
far_hit_control,298,0,0.000000,0.000000,0,0,0,0.000000,0
far_hit_control,298,0,0.000000,0.000000,0,1,0,0.000000,0
far_hit_control,298,0,0.000000,0.000000,0,2,0,0.000000,0
far_hit_control,298,0,0.000000,0.000000,0,3,0,0.000000,0
far_hit_control,298,0,0.000000,0.000000,1,0,0,0.000000,0
far_hit_control,298,0,0.000000,0.000000,1,1,0,0.000000,0
far_hit_control,298,0,0.000000,0.000000,1,2,0,0.000000,0
far_hit_control,298,0,0.000000,0.000000,1,3,0,0.000000,0
far_hit_control,298,0,0.000000,0.000000,2,0,0,0.000000,0
far_hit_control,298,0,0.000000,0.000000,2,1,0,0.000000,0
far_hit_control,298,0,0.000000,0.000000,2,2,0,0.000000,0
far_hit_control,298,0,0.000000,0.000000,2,3,0,0.000000,0
far_hit_control,298,0,0.000000,0.000000,3,0,0,0.000000,0
far_hit_control,298,0,0.000000,0.000000,3,1,0,0.000000,0
far_hit_control,298,0,0.000000,0.000000,3,2,0,0.000000,0
far_hit_control,298,0,0.000000,0.000000,3,3,0,0.000000,0
far_hit_control,167,1,0.500000,0.969512,0,0,1,2.000000,0
far_hit_control,167,1,0.500000,0.969512,0,1,1,2.000000,0
far_hit_control,167,1,0.500000,0.969512,0,2,1,2.000000,0
far_hit_control,167,1,0.500000,0.969512,0,3,1,2.000000,0
far_hit_control,167,1,0.500000,0.969512,1,0,1,1.000000,0
far_hit_control,167,1,0.500000,0.969512,1,1,1,1.000000,0
far_hit_control,167,1,0.500000,0.969512,1,2,1,1.000000,0
far_hit_control,167,1,0.500000,0.969512,1,3,1,1.000000,0
far_hit_control,167,1,0.500000,0.969512,2,0,1,0.500000,0
far_hit_control,167,1,0.500000,0.969512,2,1,1,0.500000,0
far_hit_control,167,1,0.500000,0.969512,2,2,1,0.500000,0
far_hit_control,167,1,0.500000,0.969512,2,3,1,0.500000,0
far_hit_control,167,1,0.500000,0.969512,3,0,1,0.500000,0
far_hit_control,167,1,0.500000,0.969512,3,1,1,0.500000,0
far_hit_control,167,1,0.500000,0.969512,3,2,1,0.500000,0
far_hit_control,167,1,0.500000,0.969512,3,3,1,0.500000,0
far_hit_control,770,1,0.830075,0.996905,0,0,1,0.415037,0
far_hit_control,770,1,0.830075,0.996905,0,1,0,0.000000,1
far_hit_control,770,1,0.830075,0.996905,0,2,1,0.415037,0
far_hit_control,770,1,0.830075,0.996905,0,3,1,0.415037,0
far_hit_control,770,1,0.830075,0.996905,1,0,1,0.415037,0
far_hit_control,770,1,0.830075,0.996905,1,1,1,0.830075,0
far_hit_control,770,1,0.830075,0.996905,1,2,0,0.000000,1
far_hit_control,770,1,0.830075,0.996905,1,3,1,0.830075,0
far_hit_control,770,1,0.830075,0.996905,2,0,1,0.830075,0
far_hit_control,770,1,0.830075,0.996905,2,1,0,0.000000,1
far_hit_control,770,1,0.830075,0.996905,2,2,1,0.830075,0
far_hit_control,770,1,0.830075,0.996905,2,3,0,0.000000,1
far_hit_control,770,1,0.830075,0.996905,3,0,0,0.000000,1
far_hit_control,770,1,0.830075,0.996905,3,1,0,0.000000,1
far_hit_control,770,1,0.830075,0.996905,3,2,1,0.830075,0
far_hit_control,770,1,0.830075,0.996905,3,3,1,0.415037,0
far_hit_control,334,1,0.830075,0.955387,0,0,1,0.830075,0
far_hit_control,334,1,0.830075,0.955387,0,1,1,0.830075,0
far_hit_control,334,1,0.830075,0.955387,0,2,1,0.415037,0
far_hit_control,334,1,0.830075,0.955387,0,3,1,0.415037,0
far_hit_control,334,1,0.830075,0.955387,1,0,1,0.830075,0
far_hit_control,334,1,0.830075,0.955387,1,1,0,0.000000,1
far_hit_control,334,1,0.830075,0.955387,1,2,1,0.830075,0
far_hit_control,334,1,0.830075,0.955387,1,3,1,0.415037,0
far_hit_control,334,1,0.830075,0.955387,2,0,0,0.000000,1
far_hit_control,334,1,0.830075,0.955387,2,1,0,0.000000,1
far_hit_control,334,1,0.830075,0.955387,2,2,1,0.415037,0
far_hit_control,334,1,0.830075,0.955387,2,3,1,0.415037,0
far_hit_control,334,1,0.830075,0.955387,3,0,0,0.000000,1
far_hit_control,334,1,0.830075,0.955387,3,1,0,0.000000,1
far_hit_control,334,1,0.830075,0.955387,3,2,1,1.000000,0
far_hit_control,334,1,0.830075,0.955387,3,3,1,2.000000,0
far_hit_control,600,0,0.000000,0.000000,0,0,0,0.000000,0
far_hit_control,600,0,0.000000,0.000000,0,1,0,0.000000,0
far_hit_control,600,0,0.000000,0.000000,0,2,1,0.830075,1
far_hit_control,600,0,0.000000,0.000000,0,3,1,1.000000,1
far_hit_control,600,0,0.000000,0.000000,1,0,0,0.000000,0
far_hit_control,600,0,0.000000,0.000000,1,1,0,0.000000,0
far_hit_control,600,0,0.000000,0.000000,1,2,0,0.000000,0
far_hit_control,600,0,0.000000,0.000000,1,3,0,0.000000,0
far_hit_control,600,0,0.000000,0.000000,2,0,0,0.000000,0
far_hit_control,600,0,0.000000,0.000000,2,1,0,0.000000,0
far_hit_control,600,0,0.000000,0.000000,2,2,0,0.000000,0
far_hit_control,600,0,0.000000,0.000000,2,3,0,0.000000,0
far_hit_control,600,0,0.000000,0.000000,3,0,0,0.000000,0
far_hit_control,600,0,0.000000,0.000000,3,1,1,1.000000,1
far_hit_control,600,0,0.000000,0.000000,3,2,0,0.000000,0
far_hit_control,600,0,0.000000,0.000000,3,3,0,0.000000,0
far_hit_control,988,0,0.000000,0.002500,0,0,0,0.000000,0
far_hit_control,988,0,0.000000,0.002500,0,1,0,0.000000,0
far_hit_control,988,0,0.000000,0.002500,0,2,0,0.000000,0
far_hit_control,988,0,0.000000,0.002500,0,3,0,0.000000,0
far_hit_control,988,0,0.000000,0.002500,1,0,0,0.000000,0
far_hit_control,988,0,0.000000,0.002500,1,1,0,0.000000,0
far_hit_control,988,0,0.000000,0.002500,1,2,0,0.000000,0
far_hit_control,988,0,0.000000,0.002500,1,3,0,0.000000,0
far_hit_control,988,0,0.000000,0.002500,2,0,0,0.000000,0
far_hit_control,988,0,0.000000,0.002500,2,1,0,0.000000,0
far_hit_control,988,0,0.000000,0.002500,2,2,0,0.000000,0
far_hit_control,988,0,0.000000,0.002500,2,3,0,0.000000,0
far_hit_control,988,0,0.000000,0.002500,3,0,0,0.000000,0
far_hit_control,988,0,0.000000,0.002500,3,1,0,0.000000,0
far_hit_control,988,0,0.000000,0.002500,3,2,0,0.000000,0
far_hit_control,988,0,0.000000,0.002500,3,3,0,0.000000,0
far_hit_control,338,0,0.000000,0.000000,0,0,0,0.000000,0
far_hit_control,338,0,0.000000,0.000000,0,1,0,0.000000,0
far_hit_control,338,0,0.000000,0.000000,0,2,0,0.000000,0
far_hit_control,338,0,0.000000,0.000000,0,3,0,0.000000,0
far_hit_control,338,0,0.000000,0.000000,1,0,0,0.000000,0
far_hit_control,338,0,0.000000,0.000000,1,1,0,0.000000,0
far_hit_control,338,0,0.000000,0.000000,1,2,0,0.000000,0
far_hit_control,338,0,0.000000,0.000000,1,3,0,0.000000,0
far_hit_control,338,0,0.000000,0.000000,2,0,0,0.000000,0
far_hit_control,338,0,0.000000,0.000000,2,1,0,0.000000,0
far_hit_control,338,0,0.000000,0.000000,2,2,0,0.000000,0
far_hit_control,338,0,0.000000,0.000000,2,3,0,0.000000,0
far_hit_control,338,0,0.000000,0.000000,3,0,0,0.000000,0
far_hit_control,338,0,0.000000,0.000000,3,1,0,0.000000,0
far_hit_control,338,0,0.000000,0.000000,3,2,0,0.000000,0
far_hit_control,338,0,0.000000,0.000000,3,3,0,0.000000,0
far_hit_control,935,0,0.000000,0.002500,0,0,0,0.000000,0
far_hit_control,935,0,0.000000,0.002500,0,1,0,0.000000,0
far_hit_control,935,0,0.000000,0.002500,0,2,0,0.000000,0
far_hit_control,935,0,0.000000,0.002500,0,3,0,0.000000,0
far_hit_control,935,0,0.000000,0.002500,1,0,0,0.000000,0
far_hit_control,935,0,0.000000,0.002500,1,1,0,0.000000,0
far_hit_control,935,0,0.000000,0.002500,1,2,0,0.000000,0
far_hit_control,935,0,0.000000,0.002500,1,3,0,0.000000,0
far_hit_control,935,0,0.000000,0.002500,2,0,1,0.415037,1
far_hit_control,935,0,0.000000,0.002500,2,1,1,0.415037,1
far_hit_control,935,0,0.000000,0.002500,2,2,1,0.415037,1
far_hit_control,935,0,0.000000,0.002500,2,3,1,0.415037,1
far_hit_control,935,0,0.000000,0.002500,3,0,0,0.000000,0
far_hit_control,935,0,0.000000,0.002500,3,1,0,0.000000,0
far_hit_control,935,0,0.000000,0.002500,3,2,0,0.000000,0
far_hit_control,935,0,0.000000,0.002500,3,3,0,0.000000,0
far_hit_control,864,1,0.830075,0.993647,0,0,0,0.000000,1
far_hit_control,864,1,0.830075,0.993647,0,1,0,0.000000,1
far_hit_control,864,1,0.830075,0.993647,0,2,1,0.830075,0
far_hit_control,864,1,0.830075,0.993647,0,3,1,0.415037,0
far_hit_control,864,1,0.830075,0.993647,1,0,0,0.000000,1
far_hit_control,864,1,0.830075,0.993647,1,1,1,2.000000,0
far_hit_control,864,1,0.830075,0.993647,1,2,0,0.000000,1
far_hit_control,864,1,0.830075,0.993647,1,3,1,2.000000,0
far_hit_control,864,1,0.830075,0.993647,2,0,1,0.830075,0
far_hit_control,864,1,0.830075,0.993647,2,1,1,0.830075,0
far_hit_control,864,1,0.830075,0.993647,2,2,1,0.830075,0
far_hit_control,864,1,0.830075,0.993647,2,3,1,0.830075,0
far_hit_control,864,1,0.830075,0.993647,3,0,1,1.000000,0
far_hit_control,864,1,0.830075,0.993647,3,1,1,2.000000,0
far_hit_control,864,1,0.830075,0.993647,3,2,0,0.000000,1
far_hit_control,864,1,0.830075,0.993647,3,3,1,2.000000,0
far_hit_control,207,0,0.000000,0.000000,0,0,0,0.000000,0
far_hit_control,207,0,0.000000,0.000000,0,1,0,0.000000,0
far_hit_control,207,0,0.000000,0.000000,0,2,0,0.000000,0
far_hit_control,207,0,0.000000,0.000000,0,3,0,0.000000,0
far_hit_control,207,0,0.000000,0.000000,1,0,0,0.000000,0
far_hit_control,207,0,0.000000,0.000000,1,1,0,0.000000,0
far_hit_control,207,0,0.000000,0.000000,1,2,1,0.830075,1
far_hit_control,207,0,0.000000,0.000000,1,3,1,0.415037,1
far_hit_control,207,0,0.000000,0.000000,2,0,0,0.000000,0
far_hit_control,207,0,0.000000,0.000000,2,1,0,0.000000,0
far_hit_control,207,0,0.000000,0.000000,2,2,0,0.000000,0
far_hit_control,207,0,0.000000,0.000000,2,3,0,0.000000,0
far_hit_control,207,0,0.000000,0.000000,3,0,0,0.000000,0
far_hit_control,207,0,0.000000,0.000000,3,1,0,0.000000,0
far_hit_control,207,0,0.000000,0.000000,3,2,0,0.000000,0
far_hit_control,207,0,0.000000,0.000000,3,3,0,0.000000,0
far_hit_control,329,0,0.000000,0.000000,0,0,0,0.000000,0
far_hit_control,329,0,0.000000,0.000000,0,1,0,0.000000,0
far_hit_control,329,0,0.000000,0.000000,0,2,0,0.000000,0
far_hit_control,329,0,0.000000,0.000000,0,3,0,0.000000,0
far_hit_control,329,0,0.000000,0.000000,1,0,0,0.000000,0
far_hit_control,329,0,0.000000,0.000000,1,1,0,0.000000,0
far_hit_control,329,0,0.000000,0.000000,1,2,0,0.000000,0
far_hit_control,329,0,0.000000,0.000000,1,3,0,0.000000,0
far_hit_control,329,0,0.000000,0.000000,2,0,1,0.830075,1
far_hit_control,329,0,0.000000,0.000000,2,1,0,0.000000,0
far_hit_control,329,0,0.000000,0.000000,2,2,1,0.830075,1
far_hit_control,329,0,0.000000,0.000000,2,3,1,0.830075,1
far_hit_control,329,0,0.000000,0.000000,3,0,1,0.830075,1
far_hit_control,329,0,0.000000,0.000000,3,1,0,0.000000,0
far_hit_control,329,0,0.000000,0.000000,3,2,1,0.830075,1
far_hit_control,329,0,0.000000,0.000000,3,3,0,0.000000,0
far_hit_control,447,0,0.000000,0.062500,0,0,0,0.000000,0
far_hit_control,447,0,0.000000,0.062500,0,1,0,0.000000,0
far_hit_control,447,0,0.000000,0.062500,0,2,0,0.000000,0
far_hit_control,447,0,0.000000,0.062500,0,3,0,0.000000,0
far_hit_control,447,0,0.000000,0.062500,1,0,1,2.000000,1
far_hit_control,447,0,0.000000,0.062500,1,1,1,0.415037,1
far_hit_control,447,0,0.000000,0.062500,1,2,1,0.415037,1
far_hit_control,447,0,0.000000,0.062500,1,3,0,0.000000,0
far_hit_control,447,0,0.000000,0.062500,2,0,0,0.000000,0
far_hit_control,447,0,0.000000,0.062500,2,1,0,0.000000,0
far_hit_control,447,0,0.000000,0.062500,2,2,0,0.000000,0
far_hit_control,447,0,0.000000,0.062500,2,3,0,0.000000,0
far_hit_control,447,0,0.000000,0.062500,3,0,1,0.415037,1
far_hit_control,447,0,0.000000,0.062500,3,1,1,0.415037,1
far_hit_control,447,0,0.000000,0.062500,3,2,0,0.000000,0
far_hit_control,447,0,0.000000,0.062500,3,3,0,0.000000,0
far_hit_control,200,0,0.000000,0.081250,0,0,0,0.000000,0
far_hit_control,200,0,0.000000,0.081250,0,1,1,0.276692,1
far_hit_control,200,0,0.000000,0.081250,0,2,0,0.000000,0
far_hit_control,200,0,0.000000,0.081250,0,3,0,0.000000,0
far_hit_control,200,0,0.000000,0.081250,1,0,0,0.000000,0
far_hit_control,200,0,0.000000,0.081250,1,1,0,0.000000,0
far_hit_control,200,0,0.000000,0.081250,1,2,0,0.000000,0
far_hit_control,200,0,0.000000,0.081250,1,3,0,0.000000,0
far_hit_control,200,0,0.000000,0.081250,2,0,0,0.000000,0
far_hit_control,200,0,0.000000,0.081250,2,1,1,0.830075,1
far_hit_control,200,0,0.000000,0.081250,2,2,0,0.000000,0
far_hit_control,200,0,0.000000,0.081250,2,3,0,0.000000,0
far_hit_control,200,0,0.000000,0.081250,3,0,0,0.000000,0
far_hit_control,200,0,0.000000,0.081250,3,1,1,2.000000,1
far_hit_control,200,0,0.000000,0.081250,3,2,0,0.000000,0
far_hit_control,200,0,0.000000,0.081250,3,3,1,1.000000,1
far_hit_control,475,0,0.000000,0.000000,0,0,0,0.000000,0
far_hit_control,475,0,0.000000,0.000000,0,1,0,0.000000,0
far_hit_control,475,0,0.000000,0.000000,0,2,0,0.000000,0
far_hit_control,475,0,0.000000,0.000000,0,3,0,0.000000,0
far_hit_control,475,0,0.000000,0.000000,1,0,0,0.000000,0
far_hit_control,475,0,0.000000,0.000000,1,1,0,0.000000,0
far_hit_control,475,0,0.000000,0.000000,1,2,0,0.000000,0
far_hit_control,475,0,0.000000,0.000000,1,3,0,0.000000,0
far_hit_control,475,0,0.000000,0.000000,2,0,1,0.415037,1
far_hit_control,475,0,0.000000,0.000000,2,1,1,0.415037,1
far_hit_control,475,0,0.000000,0.000000,2,2,1,0.830075,1
far_hit_control,475,0,0.000000,0.000000,2,3,1,0.830075,1
far_hit_control,475,0,0.000000,0.000000,3,0,0,0.000000,0
far_hit_control,475,0,0.000000,0.000000,3,1,0,0.000000,0
far_hit_control,475,0,0.000000,0.000000,3,2,0,0.000000,0
far_hit_control,475,0,0.000000,0.000000,3,3,0,0.000000,0
far_hit_control,968,0,0.000000,0.000000,0,0,0,0.000000,0
far_hit_control,968,0,0.000000,0.000000,0,1,0,0.000000,0
far_hit_control,968,0,0.000000,0.000000,0,2,0,0.000000,0
far_hit_control,968,0,0.000000,0.000000,0,3,0,0.000000,0
far_hit_control,968,0,0.000000,0.000000,1,0,1,0.415037,1
far_hit_control,968,0,0.000000,0.000000,1,1,1,0.415037,1
far_hit_control,968,0,0.000000,0.000000,1,2,1,0.830075,1
far_hit_control,968,0,0.000000,0.000000,1,3,1,0.830075,1
far_hit_control,968,0,0.000000,0.000000,2,0,1,0.415037,1
far_hit_control,968,0,0.000000,0.000000,2,1,0,0.000000,0
far_hit_control,968,0,0.000000,0.000000,2,2,1,0.415037,1
far_hit_control,968,0,0.000000,0.000000,2,3,1,0.415037,1
far_hit_control,968,0,0.000000,0.000000,3,0,0,0.000000,0
far_hit_control,968,0,0.000000,0.000000,3,1,0,0.000000,0
far_hit_control,968,0,0.000000,0.000000,3,2,0,0.000000,0
far_hit_control,968,0,0.000000,0.000000,3,3,0,0.000000,0
far_hit_control,816,0,0.000000,0.002500,0,0,0,0.000000,0
far_hit_control,816,0,0.000000,0.002500,0,1,0,0.000000,0
far_hit_control,816,0,0.000000,0.002500,0,2,0,0.000000,0
far_hit_control,816,0,0.000000,0.002500,0,3,0,0.000000,0
far_hit_control,816,0,0.000000,0.002500,1,0,0,0.000000,0
far_hit_control,816,0,0.000000,0.002500,1,1,0,0.000000,0
far_hit_control,816,0,0.000000,0.002500,1,2,0,0.000000,0
far_hit_control,816,0,0.000000,0.002500,1,3,0,0.000000,0
far_hit_control,816,0,0.000000,0.002500,2,0,0,0.000000,0
far_hit_control,816,0,0.000000,0.002500,2,1,0,0.000000,0
far_hit_control,816,0,0.000000,0.002500,2,2,0,0.000000,0
far_hit_control,816,0,0.000000,0.002500,2,3,0,0.000000,0
far_hit_control,816,0,0.000000,0.002500,3,0,1,0.830075,1
far_hit_control,816,0,0.000000,0.002500,3,1,1,0.415037,1
far_hit_control,816,0,0.000000,0.002500,3,2,1,0.830075,1
far_hit_control,816,0,0.000000,0.002500,3,3,1,2.000000,1
far_hit_control,714,0,0.000000,0.000000,0,0,0,0.000000,0
far_hit_control,714,0,0.000000,0.000000,0,1,0,0.000000,0
far_hit_control,714,0,0.000000,0.000000,0,2,0,0.000000,0
far_hit_control,714,0,0.000000,0.000000,0,3,0,0.000000,0
far_hit_control,714,0,0.000000,0.000000,1,0,0,0.000000,0
far_hit_control,714,0,0.000000,0.000000,1,1,0,0.000000,0
far_hit_control,714,0,0.000000,0.000000,1,2,0,0.000000,0
far_hit_control,714,0,0.000000,0.000000,1,3,0,0.000000,0
far_hit_control,714,0,0.000000,0.000000,2,0,0,0.000000,0
far_hit_control,714,0,0.000000,0.000000,2,1,0,0.000000,0
far_hit_control,714,0,0.000000,0.000000,2,2,0,0.000000,0
far_hit_control,714,0,0.000000,0.000000,2,3,0,0.000000,0
far_hit_control,714,0,0.000000,0.000000,3,0,0,0.000000,0
far_hit_control,714,0,0.000000,0.000000,3,1,0,0.000000,0
far_hit_control,714,0,0.000000,0.000000,3,2,0,0.000000,0
far_hit_control,714,0,0.000000,0.000000,3,3,0,0.000000,0
far_hit_control,509,1,2.000000,0.969494,0,0,1,0.415037,0
far_hit_control,509,1,2.000000,0.969494,0,1,1,0.415037,0
far_hit_control,509,1,2.000000,0.969494,0,2,1,0.830075,0
far_hit_control,509,1,2.000000,0.969494,0,3,1,2.000000,0
far_hit_control,509,1,2.000000,0.969494,1,0,1,2.000000,0
far_hit_control,509,1,2.000000,0.969494,1,1,0,0.000000,1
far_hit_control,509,1,2.000000,0.969494,1,2,1,2.000000,0
far_hit_control,509,1,2.000000,0.969494,1,3,0,0.000000,1
far_hit_control,509,1,2.000000,0.969494,2,0,1,0.830075,0
far_hit_control,509,1,2.000000,0.969494,2,1,0,0.000000,1
far_hit_control,509,1,2.000000,0.969494,2,2,1,0.830075,0
far_hit_control,509,1,2.000000,0.969494,2,3,0,0.000000,1
far_hit_control,509,1,2.000000,0.969494,3,0,1,0.830075,0
far_hit_control,509,1,2.000000,0.969494,3,1,0,0.000000,1
far_hit_control,509,1,2.000000,0.969494,3,2,1,0.830075,0
far_hit_control,509,1,2.000000,0.969494,3,3,0,0.000000,1
far_hit_control,142,0,0.000000,0.002500,0,0,0,0.000000,0
far_hit_control,142,0,0.000000,0.002500,0,1,0,0.000000,0
far_hit_control,142,0,0.000000,0.002500,0,2,0,0.000000,0
far_hit_control,142,0,0.000000,0.002500,0,3,0,0.000000,0
far_hit_control,142,0,0.000000,0.002500,1,0,0,0.000000,0
far_hit_control,142,0,0.000000,0.002500,1,1,0,0.000000,0
far_hit_control,142,0,0.000000,0.002500,1,2,0,0.000000,0
far_hit_control,142,0,0.000000,0.002500,1,3,0,0.000000,0
far_hit_control,142,0,0.000000,0.002500,2,0,0,0.000000,0
far_hit_control,142,0,0.000000,0.002500,2,1,0,0.000000,0
far_hit_control,142,0,0.000000,0.002500,2,2,0,0.000000,0
far_hit_control,142,0,0.000000,0.002500,2,3,0,0.000000,0
far_hit_control,142,0,0.000000,0.002500,3,0,0,0.000000,0
far_hit_control,142,0,0.000000,0.002500,3,1,0,0.000000,0
far_hit_control,142,0,0.000000,0.002500,3,2,0,0.000000,0
far_hit_control,142,0,0.000000,0.002500,3,3,0,0.000000,0
far_hit_control,80,0,0.000000,0.000000,0,0,0,0.000000,0
far_hit_control,80,0,0.000000,0.000000,0,1,0,0.000000,0
far_hit_control,80,0,0.000000,0.000000,0,2,0,0.000000,0
far_hit_control,80,0,0.000000,0.000000,0,3,0,0.000000,0
far_hit_control,80,0,0.000000,0.000000,1,0,0,0.000000,0
far_hit_control,80,0,0.000000,0.000000,1,1,0,0.000000,0
far_hit_control,80,0,0.000000,0.000000,1,2,1,0.415037,1
far_hit_control,80,0,0.000000,0.000000,1,3,1,0.415037,1
far_hit_control,80,0,0.000000,0.000000,2,0,0,0.000000,0
far_hit_control,80,0,0.000000,0.000000,2,1,0,0.000000,0
far_hit_control,80,0,0.000000,0.000000,2,2,0,0.000000,0
far_hit_control,80,0,0.000000,0.000000,2,3,0,0.000000,0
far_hit_control,80,0,0.000000,0.000000,3,0,0,0.000000,0
far_hit_control,80,0,0.000000,0.000000,3,1,0,0.000000,0
far_hit_control,80,0,0.000000,0.000000,3,2,0,0.000000,0
far_hit_control,80,0,0.000000,0.000000,3,3,0,0.000000,0
far_hit_control,867,1,1.000000,0.998875,0,0,0,0.000000,1
far_hit_control,867,1,1.000000,0.998875,0,1,1,1.000000,0
far_hit_control,867,1,1.000000,0.998875,0,2,1,2.000000,0
far_hit_control,867,1,1.000000,0.998875,0,3,1,2.000000,0
far_hit_control,867,1,1.000000,0.998875,1,0,0,0.000000,1
far_hit_control,867,1,1.000000,0.998875,1,1,1,1.000000,0
far_hit_control,867,1,1.000000,0.998875,1,2,1,1.000000,0
far_hit_control,867,1,1.000000,0.998875,1,3,1,2.000000,0
far_hit_control,867,1,1.000000,0.998875,2,0,1,0.830075,0
far_hit_control,867,1,1.000000,0.998875,2,1,1,4.000000,0
far_hit_control,867,1,1.000000,0.998875,2,2,1,0.415037,0
far_hit_control,867,1,1.000000,0.998875,2,3,1,0.415037,0
far_hit_control,867,1,1.000000,0.998875,3,0,0,0.000000,1
far_hit_control,867,1,1.000000,0.998875,3,1,0,0.000000,1
far_hit_control,867,1,1.000000,0.998875,3,2,1,1.000000,0
far_hit_control,867,1,1.000000,0.998875,3,3,1,1.000000,0
far_hit_control,973,0,0.000000,0.000000,0,0,0,0.000000,0
far_hit_control,973,0,0.000000,0.000000,0,1,0,0.000000,0
far_hit_control,973,0,0.000000,0.000000,0,2,0,0.000000,0
far_hit_control,973,0,0.000000,0.000000,0,3,0,0.000000,0
far_hit_control,973,0,0.000000,0.000000,1,0,0,0.000000,0
far_hit_control,973,0,0.000000,0.000000,1,1,0,0.000000,0
far_hit_control,973,0,0.000000,0.000000,1,2,0,0.000000,0
far_hit_control,973,0,0.000000,0.000000,1,3,0,0.000000,0
far_hit_control,973,0,0.000000,0.000000,2,0,0,0.000000,0
far_hit_control,973,0,0.000000,0.000000,2,1,0,0.000000,0
far_hit_control,973,0,0.000000,0.000000,2,2,0,0.000000,0
far_hit_control,973,0,0.000000,0.000000,2,3,0,0.000000,0
far_hit_control,973,0,0.000000,0.000000,3,0,0,0.000000,0
far_hit_control,973,0,0.000000,0.000000,3,1,0,0.000000,0
far_hit_control,973,0,0.000000,0.000000,3,2,0,0.000000,0
far_hit_control,973,0,0.000000,0.000000,3,3,0,0.000000,0
far_hit_control,261,0,0.000000,0.000000,0,0,0,0.000000,0
far_hit_control,261,0,0.000000,0.000000,0,1,0,0.000000,0
far_hit_control,261,0,0.000000,0.000000,0,2,0,0.000000,0
far_hit_control,261,0,0.000000,0.000000,0,3,0,0.000000,0
far_hit_control,261,0,0.000000,0.000000,1,0,1,0.415037,1
far_hit_control,261,0,0.000000,0.000000,1,1,1,0.415037,1
far_hit_control,261,0,0.000000,0.000000,1,2,1,0.415037,1
far_hit_control,261,0,0.000000,0.000000,1,3,1,0.207519,1
far_hit_control,261,0,0.000000,0.000000,2,0,0,0.000000,0
far_hit_control,261,0,0.000000,0.000000,2,1,0,0.000000,0
far_hit_control,261,0,0.000000,0.000000,2,2,0,0.000000,0
far_hit_control,261,0,0.000000,0.000000,2,3,0,0.000000,0
far_hit_control,261,0,0.000000,0.000000,3,0,0,0.000000,0
far_hit_control,261,0,0.000000,0.000000,3,1,0,0.000000,0
far_hit_control,261,0,0.000000,0.000000,3,2,0,0.000000,0
far_hit_control,261,0,0.000000,0.000000,3,3,0,0.000000,0
far_hit_control,309,0,0.000000,0.000000,0,0,0,0.000000,0
far_hit_control,309,0,0.000000,0.000000,0,1,0,0.000000,0
far_hit_control,309,0,0.000000,0.000000,0,2,0,0.000000,0
far_hit_control,309,0,0.000000,0.000000,0,3,0,0.000000,0
far_hit_control,309,0,0.000000,0.000000,1,0,0,0.000000,0
far_hit_control,309,0,0.000000,0.000000,1,1,0,0.000000,0
far_hit_control,309,0,0.000000,0.000000,1,2,0,0.000000,0
far_hit_control,309,0,0.000000,0.000000,1,3,0,0.000000,0
far_hit_control,309,0,0.000000,0.000000,2,0,0,0.000000,0
far_hit_control,309,0,0.000000,0.000000,2,1,0,0.000000,0
far_hit_control,309,0,0.000000,0.000000,2,2,0,0.000000,0
far_hit_control,309,0,0.000000,0.000000,2,3,0,0.000000,0
far_hit_control,309,0,0.000000,0.000000,3,0,0,0.000000,0
far_hit_control,309,0,0.000000,0.000000,3,1,0,0.000000,0
far_hit_control,309,0,0.000000,0.000000,3,2,0,0.000000,0
far_hit_control,309,0,0.000000,0.000000,3,3,0,0.000000,0
far_hit_control,721,0,0.000000,0.000000,0,0,0,0.000000,0
far_hit_control,721,0,0.000000,0.000000,0,1,0,0.000000,0
far_hit_control,721,0,0.000000,0.000000,0,2,0,0.000000,0
far_hit_control,721,0,0.000000,0.000000,0,3,0,0.000000,0
far_hit_control,721,0,0.000000,0.000000,1,0,1,0.830075,1
far_hit_control,721,0,0.000000,0.000000,1,1,0,0.000000,0
far_hit_control,721,0,0.000000,0.000000,1,2,0,0.000000,0
far_hit_control,721,0,0.000000,0.000000,1,3,0,0.000000,0
far_hit_control,721,0,0.000000,0.000000,2,0,0,0.000000,0
far_hit_control,721,0,0.000000,0.000000,2,1,0,0.000000,0
far_hit_control,721,0,0.000000,0.000000,2,2,0,0.000000,0
far_hit_control,721,0,0.000000,0.000000,2,3,0,0.000000,0
far_hit_control,721,0,0.000000,0.000000,3,0,0,0.000000,0
far_hit_control,721,0,0.000000,0.000000,3,1,0,0.000000,0
far_hit_control,721,0,0.000000,0.000000,3,2,0,0.000000,0
far_hit_control,721,0,0.000000,0.000000,3,3,0,0.000000,0
far_hit_control,953,0,0.000000,0.000000,0,0,0,0.000000,0
far_hit_control,953,0,0.000000,0.000000,0,1,0,0.000000,0
far_hit_control,953,0,0.000000,0.000000,0,2,0,0.000000,0
far_hit_control,953,0,0.000000,0.000000,0,3,0,0.000000,0
far_hit_control,953,0,0.000000,0.000000,1,0,0,0.000000,0
far_hit_control,953,0,0.000000,0.000000,1,1,0,0.000000,0
far_hit_control,953,0,0.000000,0.000000,1,2,0,0.000000,0
far_hit_control,953,0,0.000000,0.000000,1,3,0,0.000000,0
far_hit_control,953,0,0.000000,0.000000,2,0,0,0.000000,0
far_hit_control,953,0,0.000000,0.000000,2,1,0,0.000000,0
far_hit_control,953,0,0.000000,0.000000,2,2,0,0.000000,0
far_hit_control,953,0,0.000000,0.000000,2,3,0,0.000000,0
far_hit_control,953,0,0.000000,0.000000,3,0,0,0.000000,0
far_hit_control,953,0,0.000000,0.000000,3,1,0,0.000000,0
far_hit_control,953,0,0.000000,0.000000,3,2,0,0.000000,0
far_hit_control,953,0,0.000000,0.000000,3,3,0,0.000000,0
far_hit_control,446,0,0.000000,0.000000,0,0,1,0.207519,1
far_hit_control,446,0,0.000000,0.000000,0,1,1,0.207519,1
far_hit_control,446,0,0.000000,0.000000,0,2,1,0.207519,1
far_hit_control,446,0,0.000000,0.000000,0,3,1,0.830075,1
far_hit_control,446,0,0.000000,0.000000,1,0,0,0.000000,0
far_hit_control,446,0,0.000000,0.000000,1,1,0,0.000000,0
far_hit_control,446,0,0.000000,0.000000,1,2,0,0.000000,0
far_hit_control,446,0,0.000000,0.000000,1,3,0,0.000000,0
far_hit_control,446,0,0.000000,0.000000,2,0,0,0.000000,0
far_hit_control,446,0,0.000000,0.000000,2,1,0,0.000000,0
far_hit_control,446,0,0.000000,0.000000,2,2,0,0.000000,0
far_hit_control,446,0,0.000000,0.000000,2,3,0,0.000000,0
far_hit_control,446,0,0.000000,0.000000,3,0,0,0.000000,0
far_hit_control,446,0,0.000000,0.000000,3,1,0,0.000000,0
far_hit_control,446,0,0.000000,0.000000,3,2,0,0.000000,0
far_hit_control,446,0,0.000000,0.000000,3,3,0,0.000000,0
far_hit_control,81,0,0.000000,0.000000,0,0,0,0.000000,0
far_hit_control,81,0,0.000000,0.000000,0,1,0,0.000000,0
far_hit_control,81,0,0.000000,0.000000,0,2,0,0.000000,0
far_hit_control,81,0,0.000000,0.000000,0,3,0,0.000000,0
far_hit_control,81,0,0.000000,0.000000,1,0,0,0.000000,0
far_hit_control,81,0,0.000000,0.000000,1,1,0,0.000000,0
far_hit_control,81,0,0.000000,0.000000,1,2,0,0.000000,0
far_hit_control,81,0,0.000000,0.000000,1,3,0,0.000000,0
far_hit_control,81,0,0.000000,0.000000,2,0,0,0.000000,0
far_hit_control,81,0,0.000000,0.000000,2,1,0,0.000000,0
far_hit_control,81,0,0.000000,0.000000,2,2,0,0.000000,0
far_hit_control,81,0,0.000000,0.000000,2,3,0,0.000000,0
far_hit_control,81,0,0.000000,0.000000,3,0,0,0.000000,0
far_hit_control,81,0,0.000000,0.000000,3,1,0,0.000000,0
far_hit_control,81,0,0.000000,0.000000,3,2,0,0.000000,0
far_hit_control,81,0,0.000000,0.000000,3,3,0,0.000000,0
far_hit_control,662,0,0.000000,0.000000,0,0,0,0.000000,0
far_hit_control,662,0,0.000000,0.000000,0,1,0,0.000000,0
far_hit_control,662,0,0.000000,0.000000,0,2,0,0.000000,0
far_hit_control,662,0,0.000000,0.000000,0,3,0,0.000000,0
far_hit_control,662,0,0.000000,0.000000,1,0,0,0.000000,0
far_hit_control,662,0,0.000000,0.000000,1,1,0,0.000000,0
far_hit_control,662,0,0.000000,0.000000,1,2,0,0.000000,0
far_hit_control,662,0,0.000000,0.000000,1,3,0,0.000000,0
far_hit_control,662,0,0.000000,0.000000,2,0,0,0.000000,0
far_hit_control,662,0,0.000000,0.000000,2,1,0,0.000000,0
far_hit_control,662,0,0.000000,0.000000,2,2,0,0.000000,0
far_hit_control,662,0,0.000000,0.000000,2,3,0,0.000000,0
far_hit_control,662,0,0.000000,0.000000,3,0,0,0.000000,0
far_hit_control,662,0,0.000000,0.000000,3,1,0,0.000000,0
far_hit_control,662,0,0.000000,0.000000,3,2,0,0.000000,0
far_hit_control,662,0,0.000000,0.000000,3,3,0,0.000000,0
far_hit_control,873,0,0.000000,0.020000,0,0,1,0.207519,1
far_hit_control,873,0,0.000000,0.020000,0,1,1,0.830075,1
far_hit_control,873,0,0.000000,0.020000,0,2,0,0.000000,0
far_hit_control,873,0,0.000000,0.020000,0,3,0,0.000000,0
far_hit_control,873,0,0.000000,0.020000,1,0,0,0.000000,0
far_hit_control,873,0,0.000000,0.020000,1,1,0,0.000000,0
far_hit_control,873,0,0.000000,0.020000,1,2,1,0.207519,1
far_hit_control,873,0,0.000000,0.020000,1,3,0,0.000000,0
far_hit_control,873,0,0.000000,0.020000,2,0,0,0.000000,0
far_hit_control,873,0,0.000000,0.020000,2,1,0,0.000000,0
far_hit_control,873,0,0.000000,0.020000,2,2,1,0.830075,1
far_hit_control,873,0,0.000000,0.020000,2,3,0,0.000000,0
far_hit_control,873,0,0.000000,0.020000,3,0,0,0.000000,0
far_hit_control,873,0,0.000000,0.020000,3,1,0,0.000000,0
far_hit_control,873,0,0.000000,0.020000,3,2,1,0.415037,1
far_hit_control,873,0,0.000000,0.020000,3,3,0,0.000000,0
far_hit_control,921,1,0.415037,0.998000,0,0,0,0.000000,1
far_hit_control,921,1,0.415037,0.998000,0,1,1,0.415037,0
far_hit_control,921,1,0.415037,0.998000,0,2,0,0.000000,1
far_hit_control,921,1,0.415037,0.998000,0,3,0,0.000000,1
far_hit_control,921,1,0.415037,0.998000,1,0,0,0.000000,1
far_hit_control,921,1,0.415037,0.998000,1,1,1,0.415037,0
far_hit_control,921,1,0.415037,0.998000,1,2,0,0.000000,1
far_hit_control,921,1,0.415037,0.998000,1,3,1,0.415037,0
far_hit_control,921,1,0.415037,0.998000,2,0,1,0.830075,0
far_hit_control,921,1,0.415037,0.998000,2,1,1,0.415037,0
far_hit_control,921,1,0.415037,0.998000,2,2,1,0.830075,0
far_hit_control,921,1,0.415037,0.998000,2,3,1,0.830075,0
far_hit_control,921,1,0.415037,0.998000,3,0,1,0.415037,0
far_hit_control,921,1,0.415037,0.998000,3,1,1,0.415037,0
far_hit_control,921,1,0.415037,0.998000,3,2,0,0.000000,1
far_hit_control,921,1,0.415037,0.998000,3,3,1,0.415037,0
far_hit_control,45,1,1.000000,0.990000,0,0,1,0.830075,0
far_hit_control,45,1,1.000000,0.990000,0,1,1,2.000000,0
far_hit_control,45,1,1.000000,0.990000,0,2,1,0.830075,0
far_hit_control,45,1,1.000000,0.990000,0,3,1,0.415037,0
far_hit_control,45,1,1.000000,0.990000,1,0,0,0.000000,1
far_hit_control,45,1,1.000000,0.990000,1,1,0,0.000000,1
far_hit_control,45,1,1.000000,0.990000,1,2,1,0.415037,0
far_hit_control,45,1,1.000000,0.990000,1,3,1,0.415037,0
far_hit_control,45,1,1.000000,0.990000,2,0,0,0.000000,1
far_hit_control,45,1,1.000000,0.990000,2,1,1,0.500000,0
far_hit_control,45,1,1.000000,0.990000,2,2,0,0.000000,1
far_hit_control,45,1,1.000000,0.990000,2,3,1,1.000000,0
far_hit_control,45,1,1.000000,0.990000,3,0,1,0.415037,0
far_hit_control,45,1,1.000000,0.990000,3,1,1,0.830075,0
far_hit_control,45,1,1.000000,0.990000,3,2,1,0.830075,0
far_hit_control,45,1,1.000000,0.990000,3,3,1,0.415037,0
far_hit_control,373,0,0.000000,0.005000,0,0,0,0.000000,0
far_hit_control,373,0,0.000000,0.005000,0,1,0,0.000000,0
far_hit_control,373,0,0.000000,0.005000,0,2,0,0.000000,0
far_hit_control,373,0,0.000000,0.005000,0,3,0,0.000000,0
far_hit_control,373,0,0.000000,0.005000,1,0,0,0.000000,0
far_hit_control,373,0,0.000000,0.005000,1,1,0,0.000000,0
far_hit_control,373,0,0.000000,0.005000,1,2,0,0.000000,0
far_hit_control,373,0,0.000000,0.005000,1,3,0,0.000000,0
far_hit_control,373,0,0.000000,0.005000,2,0,1,2.000000,1
far_hit_control,373,0,0.000000,0.005000,2,1,1,2.000000,1
far_hit_control,373,0,0.000000,0.005000,2,2,1,2.000000,1
far_hit_control,373,0,0.000000,0.005000,2,3,1,2.000000,1
far_hit_control,373,0,0.000000,0.005000,3,0,1,1.000000,1
far_hit_control,373,0,0.000000,0.005000,3,1,1,1.000000,1
far_hit_control,373,0,0.000000,0.005000,3,2,1,1.000000,1
far_hit_control,373,0,0.000000,0.005000,3,3,1,1.000000,1
far_hit_control,587,0,0.000000,0.000000,0,0,1,0.415037,1
far_hit_control,587,0,0.000000,0.000000,0,1,0,0.000000,0
far_hit_control,587,0,0.000000,0.000000,0,2,0,0.000000,0
far_hit_control,587,0,0.000000,0.000000,0,3,0,0.000000,0
far_hit_control,587,0,0.000000,0.000000,1,0,0,0.000000,0
far_hit_control,587,0,0.000000,0.000000,1,1,0,0.000000,0
far_hit_control,587,0,0.000000,0.000000,1,2,0,0.000000,0
far_hit_control,587,0,0.000000,0.000000,1,3,0,0.000000,0
far_hit_control,587,0,0.000000,0.000000,2,0,1,0.415037,1
far_hit_control,587,0,0.000000,0.000000,2,1,0,0.000000,0
far_hit_control,587,0,0.000000,0.000000,2,2,1,0.415037,1
far_hit_control,587,0,0.000000,0.000000,2,3,0,0.000000,0
far_hit_control,587,0,0.000000,0.000000,3,0,0,0.000000,0
far_hit_control,587,0,0.000000,0.000000,3,1,0,0.000000,0
far_hit_control,587,0,0.000000,0.000000,3,2,1,0.415037,1
far_hit_control,587,0,0.000000,0.000000,3,3,0,0.000000,0
far_hit_control,330,0,0.000000,0.000000,0,0,1,0.830075,1
far_hit_control,330,0,0.000000,0.000000,0,1,1,1.000000,1
far_hit_control,330,0,0.000000,0.000000,0,2,1,0.830075,1
far_hit_control,330,0,0.000000,0.000000,0,3,1,0.830075,1
far_hit_control,330,0,0.000000,0.000000,1,0,0,0.000000,0
far_hit_control,330,0,0.000000,0.000000,1,1,0,0.000000,0
far_hit_control,330,0,0.000000,0.000000,1,2,0,0.000000,0
far_hit_control,330,0,0.000000,0.000000,1,3,0,0.000000,0
far_hit_control,330,0,0.000000,0.000000,2,0,0,0.000000,0
far_hit_control,330,0,0.000000,0.000000,2,1,0,0.000000,0
far_hit_control,330,0,0.000000,0.000000,2,2,0,0.000000,0
far_hit_control,330,0,0.000000,0.000000,2,3,0,0.000000,0
far_hit_control,330,0,0.000000,0.000000,3,0,0,0.000000,0
far_hit_control,330,0,0.000000,0.000000,3,1,0,0.000000,0
far_hit_control,330,0,0.000000,0.000000,3,2,0,0.000000,0
far_hit_control,330,0,0.000000,0.000000,3,3,0,0.000000,0
far_hit_control,554,0,0.000000,0.000000,0,0,0,0.000000,0
far_hit_control,554,0,0.000000,0.000000,0,1,0,0.000000,0
far_hit_control,554,0,0.000000,0.000000,0,2,0,0.000000,0
far_hit_control,554,0,0.000000,0.000000,0,3,0,0.000000,0
far_hit_control,554,0,0.000000,0.000000,1,0,0,0.000000,0
far_hit_control,554,0,0.000000,0.000000,1,1,0,0.000000,0
far_hit_control,554,0,0.000000,0.000000,1,2,0,0.000000,0
far_hit_control,554,0,0.000000,0.000000,1,3,0,0.000000,0
far_hit_control,554,0,0.000000,0.000000,2,0,0,0.000000,0
far_hit_control,554,0,0.000000,0.000000,2,1,0,0.000000,0
far_hit_control,554,0,0.000000,0.000000,2,2,0,0.000000,0
far_hit_control,554,0,0.000000,0.000000,2,3,0,0.000000,0
far_hit_control,554,0,0.000000,0.000000,3,0,1,0.415037,1
far_hit_control,554,0,0.000000,0.000000,3,1,1,0.415037,1
far_hit_control,554,0,0.000000,0.000000,3,2,1,0.415037,1
far_hit_control,554,0,0.000000,0.000000,3,3,1,0.415037,1
far_hit_control,776,0,0.000000,0.000000,0,0,0,0.000000,0
far_hit_control,776,0,0.000000,0.000000,0,1,0,0.000000,0
far_hit_control,776,0,0.000000,0.000000,0,2,0,0.000000,0
far_hit_control,776,0,0.000000,0.000000,0,3,0,0.000000,0
far_hit_control,776,0,0.000000,0.000000,1,0,1,0.500000,1
far_hit_control,776,0,0.000000,0.000000,1,1,1,0.415037,1
far_hit_control,776,0,0.000000,0.000000,1,2,1,0.207519,1
far_hit_control,776,0,0.000000,0.000000,1,3,1,0.415037,1
far_hit_control,776,0,0.000000,0.000000,2,0,0,0.000000,0
far_hit_control,776,0,0.000000,0.000000,2,1,0,0.000000,0
far_hit_control,776,0,0.000000,0.000000,2,2,0,0.000000,0
far_hit_control,776,0,0.000000,0.000000,2,3,0,0.000000,0
far_hit_control,776,0,0.000000,0.000000,3,0,0,0.000000,0
far_hit_control,776,0,0.000000,0.000000,3,1,0,0.000000,0
far_hit_control,776,0,0.000000,0.000000,3,2,0,0.000000,0
far_hit_control,776,0,0.000000,0.000000,3,3,0,0.000000,0
far_hit_control,14,0,0.000000,0.000000,0,0,0,0.000000,0
far_hit_control,14,0,0.000000,0.000000,0,1,0,0.000000,0
far_hit_control,14,0,0.000000,0.000000,0,2,0,0.000000,0
far_hit_control,14,0,0.000000,0.000000,0,3,0,0.000000,0
far_hit_control,14,0,0.000000,0.000000,1,0,0,0.000000,0
far_hit_control,14,0,0.000000,0.000000,1,1,1,0.830075,1
far_hit_control,14,0,0.000000,0.000000,1,2,0,0.000000,0
far_hit_control,14,0,0.000000,0.000000,1,3,1,0.830075,1
far_hit_control,14,0,0.000000,0.000000,2,0,0,0.000000,0
far_hit_control,14,0,0.000000,0.000000,2,1,0,0.000000,0
far_hit_control,14,0,0.000000,0.000000,2,2,0,0.000000,0
far_hit_control,14,0,0.000000,0.000000,2,3,0,0.000000,0
far_hit_control,14,0,0.000000,0.000000,3,0,0,0.000000,0
far_hit_control,14,0,0.000000,0.000000,3,1,0,0.000000,0
far_hit_control,14,0,0.000000,0.000000,3,2,0,0.000000,0
far_hit_control,14,0,0.000000,0.000000,3,3,0,0.000000,0
