group,seed_idx,seed_triadic,seed_phi,seed_p,node,bit,neigh_triadic,neigh_phi,flipped
near_residual,279,0,0.000000,0.721319,0,0,0,0.000000,0
near_residual,279,0,0.000000,0.721319,0,1,1,0.830075,1
near_residual,279,0,0.000000,0.721319,0,2,1,0.830075,1
near_residual,279,0,0.000000,0.721319,0,3,1,0.830075,1
near_residual,279,0,0.000000,0.721319,1,0,0,0.000000,0
near_residual,279,0,0.000000,0.721319,1,1,1,0.830075,1
near_residual,279,0,0.000000,0.721319,1,2,1,0.830075,1
near_residual,279,0,0.000000,0.721319,1,3,1,0.830075,1
near_residual,279,0,0.000000,0.721319,2,0,1,0.830075,1
near_residual,279,0,0.000000,0.721319,2,1,1,0.415037,1
near_residual,279,0,0.000000,0.721319,2,2,1,0.415037,1
near_residual,279,0,0.000000,0.721319,2,3,0,0.000000,0
near_residual,295,1,0.830075,0.359993,0,0,0,0.000000,1
near_residual,295,1,0.830075,0.359993,0,1,1,1.000000,0
near_residual,295,1,0.830075,0.359993,0,2,1,0.415037,0
near_residual,295,1,0.830075,0.359993,0,3,1,0.830075,0
near_residual,295,1,0.830075,0.359993,1,0,1,0.830075,0
near_residual,295,1,0.830075,0.359993,1,1,0,0.000000,1
near_residual,295,1,0.830075,0.359993,1,2,1,0.830075,0
near_residual,295,1,0.830075,0.359993,1,3,1,0.830075,0
near_residual,295,1,0.830075,0.359993,2,0,1,0.830075,0
near_residual,295,1,0.830075,0.359993,2,1,1,0.415037,0
near_residual,295,1,0.830075,0.359993,2,2,0,0.000000,1
near_residual,295,1,0.830075,0.359993,2,3,0,0.000000,1
near_residual,317,1,0.415037,0.456329,0,0,0,0.000000,1
near_residual,317,1,0.415037,0.456329,0,1,0,0.000000,1
near_residual,317,1,0.415037,0.456329,0,2,1,2.000000,0
near_residual,317,1,0.415037,0.456329,0,3,1,0.415037,0
near_residual,317,1,0.415037,0.456329,1,0,1,0.830075,0
near_residual,317,1,0.415037,0.456329,1,1,1,0.830075,0
near_residual,317,1,0.415037,0.456329,1,2,1,0.830075,0
near_residual,317,1,0.415037,0.456329,1,3,0,0.000000,1
near_residual,317,1,0.415037,0.456329,2,0,0,0.000000,1
near_residual,317,1,0.415037,0.456329,2,1,0,0.000000,1
near_residual,317,1,0.415037,0.456329,2,2,1,0.415037,0
near_residual,317,1,0.415037,0.456329,2,3,1,0.415037,0
near_residual,369,0,0.000000,0.721319,0,0,0,0.000000,0
near_residual,369,0,0.000000,0.721319,0,1,1,0.830075,1
near_residual,369,0,0.000000,0.721319,0,2,1,0.830075,1
near_residual,369,0,0.000000,0.721319,0,3,1,0.830075,1
near_residual,369,0,0.000000,0.721319,1,0,1,0.830075,1
near_residual,369,0,0.000000,0.721319,1,1,1,0.415037,1
near_residual,369,0,0.000000,0.721319,1,2,1,0.415037,1
near_residual,369,0,0.000000,0.721319,1,3,0,0.000000,0
near_residual,369,0,0.000000,0.721319,2,0,0,0.000000,0
near_residual,369,0,0.000000,0.721319,2,1,1,0.830075,1
near_residual,369,0,0.000000,0.721319,2,2,1,0.830075,1
near_residual,369,0,0.000000,0.721319,2,3,1,0.830075,1
near_residual,370,1,0.830075,0.359993,0,0,0,0.000000,1
near_residual,370,1,0.830075,0.359993,0,1,1,0.415037,0
near_residual,370,1,0.830075,0.359993,0,2,1,1.000000,0
near_residual,370,1,0.830075,0.359993,0,3,1,0.830075,0
near_residual,370,1,0.830075,0.359993,1,0,1,0.830075,0
near_residual,370,1,0.830075,0.359993,1,1,1,0.415037,0
near_residual,370,1,0.830075,0.359993,1,2,0,0.000000,1
near_residual,370,1,0.830075,0.359993,1,3,0,0.000000,1
near_residual,370,1,0.830075,0.359993,2,0,1,0.830075,0
near_residual,370,1,0.830075,0.359993,2,1,0,0.000000,1
near_residual,370,1,0.830075,0.359993,2,2,1,0.830075,0
near_residual,370,1,0.830075,0.359993,2,3,1,0.830075,0
near_residual,375,0,0.000000,0.721319,0,0,0,0.000000,0
near_residual,375,0,0.000000,0.721319,0,1,1,0.415037,1
near_residual,375,0,0.000000,0.721319,0,2,1,0.415037,1
near_residual,375,0,0.000000,0.721319,0,3,1,0.830075,1
near_residual,375,0,0.000000,0.721319,1,0,1,0.830075,1
near_residual,375,0,0.000000,0.721319,1,1,1,0.830075,1
near_residual,375,0,0.000000,0.721319,1,2,1,0.830075,1
near_residual,375,0,0.000000,0.721319,1,3,0,0.000000,0
near_residual,375,0,0.000000,0.721319,2,0,1,0.830075,1
near_residual,375,0,0.000000,0.721319,2,1,1,0.830075,1
near_residual,375,0,0.000000,0.721319,2,2,1,0.830075,1
near_residual,375,0,0.000000,0.721319,2,3,0,0.000000,0
near_residual,378,1,0.830075,0.456329,0,0,0,0.000000,1
near_residual,378,1,0.830075,0.456329,0,1,0,0.000000,1
near_residual,378,1,0.830075,0.456329,0,2,1,2.000000,0
near_residual,378,1,0.830075,0.456329,0,3,1,2.000000,0
near_residual,378,1,0.830075,0.456329,1,0,1,2.000000,0
near_residual,378,1,0.830075,0.456329,1,1,0,0.000000,1
near_residual,378,1,0.830075,0.456329,1,2,1,0.415037,0
near_residual,378,1,0.830075,0.456329,1,3,0,0.000000,1
near_residual,378,1,0.830075,0.456329,2,0,0,0.000000,1
near_residual,378,1,0.830075,0.456329,2,1,0,0.000000,1
near_residual,378,1,0.830075,0.456329,2,2,0,0.000000,1
near_residual,378,1,0.830075,0.456329,2,3,1,0.830075,0
near_residual,380,1,0.830075,0.456329,0,0,0,0.000000,1
near_residual,380,1,0.830075,0.456329,0,1,1,0.415037,0
near_residual,380,1,0.830075,0.456329,0,2,0,0.000000,1
near_residual,380,1,0.830075,0.456329,0,3,1,2.000000,0
near_residual,380,1,0.830075,0.456329,1,0,1,2.000000,0
near_residual,380,1,0.830075,0.456329,1,1,1,2.000000,0
near_residual,380,1,0.830075,0.456329,1,2,0,0.000000,1
near_residual,380,1,0.830075,0.456329,1,3,0,0.000000,1
near_residual,380,1,0.830075,0.456329,2,0,1,0.830075,0
near_residual,380,1,0.830075,0.456329,2,1,0,0.000000,1
near_residual,380,1,0.830075,0.456329,2,2,0,0.000000,1
near_residual,380,1,0.830075,0.456329,2,3,0,0.000000,1
near_residual,381,1,0.830075,0.359993,0,0,0,0.000000,1
near_residual,381,1,0.830075,0.359993,0,1,0,0.000000,1
near_residual,381,1,0.830075,0.359993,0,2,1,0.415037,0
near_residual,381,1,0.830075,0.359993,0,3,1,0.830075,0
near_residual,381,1,0.830075,0.359993,1,0,1,0.830075,0
near_residual,381,1,0.830075,0.359993,1,1,1,1.000000,0
near_residual,381,1,0.830075,0.359993,1,2,1,0.415037,0
near_residual,381,1,0.830075,0.359993,1,3,0,0.000000,1
near_residual,381,1,0.830075,0.359993,2,0,1,0.830075,0
near_residual,381,1,0.830075,0.359993,2,1,0,0.000000,1
near_residual,381,1,0.830075,0.359993,2,2,1,0.830075,0
near_residual,381,1,0.830075,0.359993,2,3,1,0.830075,0
near_residual,423,1,0.830075,0.456329,0,0,0,0.000000,1
near_residual,423,1,0.830075,0.456329,0,1,1,2.000000,0
near_residual,423,1,0.830075,0.456329,0,2,0,0.000000,1
near_residual,423,1,0.830075,0.456329,0,3,1,2.000000,0
near_residual,423,1,0.830075,0.456329,1,0,0,0.000000,1
near_residual,423,1,0.830075,0.456329,1,1,0,0.000000,1
near_residual,423,1,0.830075,0.456329,1,2,0,0.000000,1
near_residual,423,1,0.830075,0.456329,1,3,1,0.830075,0
near_residual,423,1,0.830075,0.456329,2,0,1,2.000000,0
near_residual,423,1,0.830075,0.456329,2,1,0,0.000000,1
near_residual,423,1,0.830075,0.456329,2,2,1,0.415037,0
near_residual,423,1,0.830075,0.456329,2,3,0,0.000000,1
near_residual,429,1,0.415037,0.456329,0,0,0,0.000000,1
near_residual,429,1,0.415037,0.456329,0,1,1,0.415037,0
near_residual,429,1,0.415037,0.456329,0,2,0,0.000000,1
near_residual,429,1,0.415037,0.456329,0,3,1,0.415037,0
near_residual,429,1,0.415037,0.456329,1,0,0,0.000000,1
near_residual,429,1,0.415037,0.456329,1,1,1,0.830075,0
near_residual,429,1,0.415037,0.456329,1,2,1,0.830075,0
near_residual,429,1,0.415037,0.456329,1,3,1,0.830075,0
near_residual,429,1,0.415037,0.456329,2,0,1,2.000000,0
near_residual,429,1,0.415037,0.456329,2,1,0,0.000000,1
near_residual,429,1,0.415037,0.456329,2,2,1,0.415037,0
near_residual,429,1,0.415037,0.456329,2,3,0,0.000000,1
near_residual,455,1,0.830075,0.456329,0,0,0,0.000000,1
near_residual,455,1,0.830075,0.456329,0,1,0,0.000000,1
near_residual,455,1,0.830075,0.456329,0,2,1,0.415037,0
near_residual,455,1,0.830075,0.456329,0,3,1,2.000000,0
near_residual,455,1,0.830075,0.456329,1,0,1,0.830075,0
near_residual,455,1,0.830075,0.456329,1,1,0,0.000000,1
near_residual,455,1,0.830075,0.456329,1,2,0,0.000000,1
near_residual,455,1,0.830075,0.456329,1,3,0,0.000000,1
near_residual,455,1,0.830075,0.456329,2,0,1,2.000000,0
near_residual,455,1,0.830075,0.456329,2,1,1,2.000000,0
near_residual,455,1,0.830075,0.456329,2,2,0,0.000000,1
near_residual,455,1,0.830075,0.456329,2,3,0,0.000000,1
near_residual,467,1,0.415037,0.456329,0,0,0,0.000000,1
near_residual,467,1,0.415037,0.456329,0,1,1,2.000000,0
near_residual,467,1,0.415037,0.456329,0,2,0,0.000000,1
near_residual,467,1,0.415037,0.456329,0,3,1,0.415037,0
near_residual,467,1,0.415037,0.456329,1,0,0,0.000000,1
near_residual,467,1,0.415037,0.456329,1,1,0,0.000000,1
near_residual,467,1,0.415037,0.456329,1,2,1,0.415037,0
near_residual,467,1,0.415037,0.456329,1,3,1,0.415037,0
near_residual,467,1,0.415037,0.456329,2,0,1,0.830075,0
near_residual,467,1,0.415037,0.456329,2,1,1,0.830075,0
near_residual,467,1,0.415037,0.456329,2,2,1,0.830075,0
near_residual,467,1,0.415037,0.456329,2,3,0,0.000000,1
near_residual,471,1,0.830075,0.359993,0,0,0,0.000000,1
near_residual,471,1,0.830075,0.359993,0,1,1,0.415037,0
near_residual,471,1,0.830075,0.359993,0,2,0,0.000000,1
near_residual,471,1,0.830075,0.359993,0,3,1,0.830075,0
near_residual,471,1,0.830075,0.359993,1,0,1,0.830075,0
near_residual,471,1,0.830075,0.359993,1,1,0,0.000000,1
near_residual,471,1,0.830075,0.359993,1,2,1,0.830075,0
near_residual,471,1,0.830075,0.359993,1,3,1,0.830075,0
near_residual,471,1,0.830075,0.359993,2,0,1,0.830075,0
near_residual,471,1,0.830075,0.359993,2,1,1,1.000000,0
near_residual,471,1,0.830075,0.359993,2,2,1,0.415037,0
near_residual,471,1,0.830075,0.359993,2,3,0,0.000000,1
near_residual,474,1,0.415037,0.456329,0,0,0,0.000000,1
near_residual,474,1,0.415037,0.456329,0,1,0,0.000000,1
near_residual,474,1,0.415037,0.456329,0,2,1,0.415037,0
near_residual,474,1,0.415037,0.456329,0,3,1,0.415037,0
near_residual,474,1,0.415037,0.456329,1,0,1,2.000000,0
near_residual,474,1,0.415037,0.456329,1,1,0,0.000000,1
near_residual,474,1,0.415037,0.456329,1,2,1,0.415037,0
near_residual,474,1,0.415037,0.456329,1,3,0,0.000000,1
near_residual,474,1,0.415037,0.456329,2,0,0,0.000000,1
near_residual,474,1,0.415037,0.456329,2,1,1,0.830075,0
near_residual,474,1,0.415037,0.456329,2,2,1,0.830075,0
near_residual,474,1,0.415037,0.456329,2,3,1,0.830075,0
near_residual,478,1,0.830075,0.359993,0,0,0,0.000000,1
near_residual,478,1,0.830075,0.359993,0,1,1,0.830075,0
near_residual,478,1,0.830075,0.359993,0,2,1,0.830075,0
near_residual,478,1,0.830075,0.359993,0,3,1,0.830075,0
near_residual,478,1,0.830075,0.359993,1,0,1,0.415037,0
near_residual,478,1,0.830075,0.359993,1,1,0,0.000000,1
near_residual,478,1,0.830075,0.359993,1,2,1,0.830075,0
near_residual,478,1,0.830075,0.359993,1,3,0,0.000000,1
near_residual,478,1,0.830075,0.359993,2,0,0,0.000000,1
near_residual,478,1,0.830075,0.359993,2,1,1,1.000000,0
near_residual,478,1,0.830075,0.359993,2,2,1,0.415037,0
near_residual,478,1,0.830075,0.359993,2,3,1,0.830075,0
near_residual,493,1,0.830075,0.359993,0,0,0,0.000000,1
near_residual,493,1,0.830075,0.359993,0,1,1,0.830075,0
near_residual,493,1,0.830075,0.359993,0,2,1,0.830075,0
near_residual,493,1,0.830075,0.359993,0,3,1,0.830075,0
near_residual,493,1,0.830075,0.359993,1,0,0,0.000000,1
near_residual,493,1,0.830075,0.359993,1,1,1,1.000000,0
near_residual,493,1,0.830075,0.359993,1,2,1,0.415037,0
near_residual,493,1,0.830075,0.359993,1,3,1,0.830075,0
near_residual,493,1,0.830075,0.359993,2,0,1,0.415037,0
near_residual,493,1,0.830075,0.359993,2,1,0,0.000000,1
near_residual,493,1,0.830075,0.359993,2,2,1,0.830075,0
near_residual,493,1,0.830075,0.359993,2,3,0,0.000000,1
near_residual,533,0,0.000000,0.541429,0,0,0,0.000000,0
near_residual,533,0,0.000000,0.541429,0,1,0,0.000000,0
near_residual,533,0,0.000000,0.541429,0,2,1,0.415037,1
near_residual,533,0,0.000000,0.541429,0,3,1,0.415037,1
near_residual,533,0,0.000000,0.541429,1,0,0,0.000000,0
near_residual,533,0,0.000000,0.541429,1,1,1,2.000000,1
near_residual,533,0,0.000000,0.541429,1,2,0,0.000000,0
near_residual,533,0,0.000000,0.541429,1,3,1,0.415037,1
near_residual,533,0,0.000000,0.541429,2,0,1,0.830075,1
near_residual,533,0,0.000000,0.541429,2,1,1,0.830075,1
near_residual,533,0,0.000000,0.541429,2,2,1,0.830075,1
near_residual,533,0,0.000000,0.541429,2,3,0,0.000000,0
near_residual,535,1,0.830075,0.359993,0,0,1,0.830075,0
near_residual,535,1,0.830075,0.359993,0,1,0,0.000000,1
near_residual,535,1,0.830075,0.359993,0,2,1,0.830075,0
near_residual,535,1,0.830075,0.359993,0,3,1,0.830075,0
near_residual,535,1,0.830075,0.359993,1,0,0,0.000000,1
near_residual,535,1,0.830075,0.359993,1,1,1,1.000000,0
near_residual,535,1,0.830075,0.359993,1,2,1,0.415037,0
near_residual,535,1,0.830075,0.359993,1,3,1,0.830075,0
near_residual,535,1,0.830075,0.359993,2,0,1,0.830075,0
near_residual,535,1,0.830075,0.359993,2,1,0,0.000000,1
near_residual,535,1,0.830075,0.359993,2,2,1,0.415037,0
near_residual,535,1,0.830075,0.359993,2,3,0,0.000000,1
near_residual,554,1,0.415037,0.456329,0,0,0,0.000000,1
near_residual,554,1,0.415037,0.456329,0,1,0,0.000000,1
near_residual,554,1,0.415037,0.456329,0,2,1,0.415037,0
near_residual,554,1,0.415037,0.456329,0,3,1,0.415037,0
near_residual,554,1,0.415037,0.456329,1,0,1,2.000000,0
near_residual,554,1,0.415037,0.456329,1,1,0,0.000000,1
near_residual,554,1,0.415037,0.456329,1,2,1,0.415037,0
near_residual,554,1,0.415037,0.456329,1,3,0,0.000000,1
near_residual,554,1,0.415037,0.456329,2,0,1,0.830075,0
near_residual,554,1,0.415037,0.456329,2,1,1,0.830075,0
near_residual,554,1,0.415037,0.456329,2,2,0,0.000000,1
near_residual,554,1,0.415037,0.456329,2,3,1,0.830075,0
near_residual,555,1,0.830075,0.359993,0,0,1,0.830075,0
near_residual,555,1,0.830075,0.359993,0,1,0,0.000000,1
near_residual,555,1,0.830075,0.359993,0,2,1,0.830075,0
near_residual,555,1,0.830075,0.359993,0,3,1,0.830075,0
near_residual,555,1,0.830075,0.359993,1,0,1,0.415037,0
near_residual,555,1,0.830075,0.359993,1,1,0,0.000000,1
near_residual,555,1,0.830075,0.359993,1,2,1,0.830075,0
near_residual,555,1,0.830075,0.359993,1,3,0,0.000000,1
near_residual,555,1,0.830075,0.359993,2,0,1,0.415037,0
near_residual,555,1,0.830075,0.359993,2,1,1,0.830075,0
near_residual,555,1,0.830075,0.359993,2,2,0,0.000000,1
near_residual,555,1,0.830075,0.359993,2,3,1,1.000000,0
near_residual,556,1,0.415037,0.456329,0,0,1,2.000000,0
near_residual,556,1,0.415037,0.456329,0,1,0,0.000000,1
near_residual,556,1,0.415037,0.456329,0,2,1,0.415037,0
near_residual,556,1,0.415037,0.456329,0,3,0,0.000000,1
near_residual,556,1,0.415037,0.456329,1,0,0,0.000000,1
near_residual,556,1,0.415037,0.456329,1,1,0,0.000000,1
near_residual,556,1,0.415037,0.456329,1,2,1,0.415037,0
near_residual,556,1,0.415037,0.456329,1,3,1,0.415037,0
near_residual,556,1,0.415037,0.456329,2,0,1,0.830075,0
near_residual,556,1,0.415037,0.456329,2,1,0,0.000000,1
near_residual,556,1,0.415037,0.456329,2,2,1,0.830075,0
near_residual,556,1,0.415037,0.456329,2,3,1,0.830075,0
near_residual,557,1,0.830075,0.359993,0,0,1,0.415037,0
near_residual,557,1,0.830075,0.359993,0,1,0,0.000000,1
near_residual,557,1,0.830075,0.359993,0,2,1,0.830075,0
near_residual,557,1,0.830075,0.359993,0,3,0,0.000000,1
near_residual,557,1,0.830075,0.359993,1,0,1,0.830075,0
near_residual,557,1,0.830075,0.359993,1,1,0,0.000000,1
near_residual,557,1,0.830075,0.359993,1,2,1,0.830075,0
near_residual,557,1,0.830075,0.359993,1,3,1,0.830075,0
near_residual,557,1,0.830075,0.359993,2,0,1,0.415037,0
near_residual,557,1,0.830075,0.359993,2,1,0,0.000000,1
near_residual,557,1,0.830075,0.359993,2,2,1,0.830075,0
near_residual,557,1,0.830075,0.359993,2,3,1,1.000000,0
near_residual,562,0,0.000000,0.541429,0,0,0,0.000000,0
near_residual,562,0,0.000000,0.541429,0,1,0,0.000000,0
near_residual,562,0,0.000000,0.541429,0,2,1,2.000000,1
near_residual,562,0,0.000000,0.541429,0,3,1,0.415037,1
near_residual,562,0,0.000000,0.541429,1,0,1,0.830075,1
near_residual,562,0,0.000000,0.541429,1,1,1,0.830075,1
near_residual,562,0,0.000000,0.541429,1,2,0,0.000000,0
near_residual,562,0,0.000000,0.541429,1,3,0,0.000000,0
near_residual,562,0,0.000000,0.541429,2,0,0,0.000000,0
near_residual,562,0,0.000000,0.541429,2,1,0,0.000000,0
near_residual,562,0,0.000000,0.541429,2,2,1,2.000000,1
near_residual,562,0,0.000000,0.541429,2,3,1,2.000000,1
near_residual,573,1,0.830075,0.456329,0,0,0,0.000000,1
near_residual,573,1,0.830075,0.456329,0,1,0,0.000000,1
near_residual,573,1,0.830075,0.456329,0,2,1,2.000000,0
near_residual,573,1,0.830075,0.456329,0,3,1,0.415037,0
near_residual,573,1,0.830075,0.456329,1,0,1,0.830075,0
near_residual,573,1,0.830075,0.456329,1,1,0,0.000000,1
near_residual,573,1,0.830075,0.456329,1,2,0,0.000000,1
near_residual,573,1,0.830075,0.456329,1,3,0,0.000000,1
near_residual,573,1,0.830075,0.456329,2,0,0,0.000000,1
near_residual,573,1,0.830075,0.456329,2,1,0,0.000000,1
near_residual,573,1,0.830075,0.456329,2,2,1,2.000000,0
near_residual,573,1,0.830075,0.456329,2,3,1,2.000000,0
near_residual,581,0,0.000000,0.541429,0,0,0,0.000000,0
near_residual,581,0,0.000000,0.541429,0,1,0,0.000000,0
near_residual,581,0,0.000000,0.541429,0,2,1,2.000000,1
near_residual,581,0,0.000000,0.541429,0,3,1,2.000000,1
near_residual,581,0,0.000000,0.541429,1,0,0,0.000000,0
near_residual,581,0,0.000000,0.541429,1,1,1,2.000000,1
near_residual,581,0,0.000000,0.541429,1,2,0,0.000000,0
near_residual,581,0,0.000000,0.541429,1,3,1,0.415037,1
near_residual,581,0,0.000000,0.541429,2,0,1,0.830075,1
near_residual,581,0,0.000000,0.541429,2,1,0,0.000000,0
near_residual,581,0,0.000000,0.541429,2,2,1,0.830075,1
near_residual,581,0,0.000000,0.541429,2,3,0,0.000000,0
near_residual,599,1,0.415037,0.456329,0,0,1,0.415037,0
near_residual,599,1,0.415037,0.456329,0,1,0,0.000000,1
near_residual,599,1,0.415037,0.456329,0,2,1,0.415037,0
near_residual,599,1,0.415037,0.456329,0,3,0,0.000000,1
near_residual,599,1,0.415037,0.456329,1,0,0,0.000000,1
near_residual,599,1,0.415037,0.456329,1,1,1,0.830075,0
near_residual,599,1,0.415037,0.456329,1,2,1,0.830075,0
near_residual,599,1,0.415037,0.456329,1,3,1,0.830075,0
near_residual,599,1,0.415037,0.456329,2,0,1,0.415037,0
near_residual,599,1,0.415037,0.456329,2,1,0,0.000000,1
near_residual,599,1,0.415037,0.456329,2,2,1,2.000000,0
near_residual,599,1,0.415037,0.456329,2,3,0,0.000000,1
near_residual,605,1,0.830075,0.456329,0,0,1,2.000000,0
near_residual,605,1,0.830075,0.456329,0,1,0,0.000000,1
near_residual,605,1,0.830075,0.456329,0,2,1,2.000000,0
near_residual,605,1,0.830075,0.456329,0,3,0,0.000000,1
near_residual,605,1,0.830075,0.456329,1,0,0,0.000000,1
near_residual,605,1,0.830075,0.456329,1,1,0,0.000000,1
near_residual,605,1,0.830075,0.456329,1,2,0,0.000000,1
near_residual,605,1,0.830075,0.456329,1,3,1,0.830075,0
near_residual,605,1,0.830075,0.456329,2,0,1,0.415037,0
near_residual,605,1,0.830075,0.456329,2,1,0,0.000000,1
near_residual,605,1,0.830075,0.456329,2,2,1,2.000000,0
near_residual,605,1,0.830075,0.456329,2,3,0,0.000000,1
near_residual,627,0,0.000000,0.541429,0,0,1,0.415037,1
near_residual,627,0,0.000000,0.541429,0,1,0,0.000000,0
near_residual,627,0,0.000000,0.541429,0,2,1,2.000000,1
near_residual,627,0,0.000000,0.541429,0,3,0,0.000000,0
near_residual,627,0,0.000000,0.541429,1,0,1,2.000000,1
near_residual,627,0,0.000000,0.541429,1,1,1,2.000000,1
near_residual,627,0,0.000000,0.541429,1,2,0,0.000000,0
near_residual,627,0,0.000000,0.541429,1,3,0,0.000000,0
near_residual,627,0,0.000000,0.541429,2,0,0,0.000000,0
near_residual,627,0,0.000000,0.541429,2,1,0,0.000000,0
near_residual,627,0,0.000000,0.541429,2,2,1,0.830075,1
near_residual,627,0,0.000000,0.541429,2,3,1,0.830075,1
near_residual,643,1,0.830075,0.456329,0,0,1,0.415037,0
near_residual,643,1,0.830075,0.456329,0,1,0,0.000000,1
near_residual,643,1,0.830075,0.456329,0,2,1,2.000000,0
near_residual,643,1,0.830075,0.456329,0,3,0,0.000000,1
near_residual,643,1,0.830075,0.456329,1,0,1,2.000000,0
near_residual,643,1,0.830075,0.456329,1,1,1,2.000000,0
near_residual,643,1,0.830075,0.456329,1,2,0,0.000000,1
near_residual,643,1,0.830075,0.456329,1,3,0,0.000000,1
near_residual,643,1,0.830075,0.456329,2,0,0,0.000000,1
near_residual,643,1,0.830075,0.456329,2,1,0,0.000000,1
near_residual,643,1,0.830075,0.456329,2,2,1,0.830075,0
near_residual,643,1,0.830075,0.456329,2,3,0,0.000000,1
near_residual,647,1,0.830075,0.359993,0,0,0,0.000000,1
near_residual,647,1,0.830075,0.359993,0,1,0,0.000000,1
near_residual,647,1,0.830075,0.359993,0,2,1,0.830075,0
near_residual,647,1,0.830075,0.359993,0,3,1,0.415037,0
near_residual,647,1,0.830075,0.359993,1,0,1,0.830075,0
near_residual,647,1,0.830075,0.359993,1,1,1,1.000000,0
near_residual,647,1,0.830075,0.359993,1,2,1,0.415037,0
near_residual,647,1,0.830075,0.359993,1,3,0,0.000000,1
near_residual,647,1,0.830075,0.359993,2,0,1,0.830075,0
near_residual,647,1,0.830075,0.359993,2,1,1,0.830075,0
near_residual,647,1,0.830075,0.359993,2,2,1,0.830075,0
near_residual,647,1,0.830075,0.359993,2,3,0,0.000000,1
near_residual,648,1,0.830075,0.359993,0,0,1,0.415037,0
near_residual,648,1,0.830075,0.359993,0,1,0,0.000000,1
near_residual,648,1,0.830075,0.359993,0,2,1,0.830075,0
near_residual,648,1,0.830075,0.359993,0,3,1,1.000000,0
near_residual,648,1,0.830075,0.359993,1,0,1,0.830075,0
near_residual,648,1,0.830075,0.359993,1,1,1,0.415037,0
near_residual,648,1,0.830075,0.359993,1,2,0,0.000000,1
near_residual,648,1,0.830075,0.359993,1,3,0,0.000000,1
near_residual,648,1,0.830075,0.359993,2,0,1,0.830075,0
near_residual,648,1,0.830075,0.359993,2,1,1,0.830075,0
near_residual,648,1,0.830075,0.359993,2,2,1,0.830075,0
near_residual,648,1,0.830075,0.359993,2,3,0,0.000000,1
near_residual,650,1,0.830075,0.456329,0,0,0,0.000000,1
near_residual,650,1,0.830075,0.456329,0,1,0,0.000000,1
near_residual,650,1,0.830075,0.456329,0,2,1,2.000000,0
near_residual,650,1,0.830075,0.456329,0,3,1,2.000000,0
near_residual,650,1,0.830075,0.456329,1,0,1,2.000000,0
near_residual,650,1,0.830075,0.456329,1,1,0,0.000000,1
near_residual,650,1,0.830075,0.456329,1,2,1,0.415037,0
near_residual,650,1,0.830075,0.456329,1,3,0,0.000000,1
near_residual,650,1,0.830075,0.456329,2,0,0,0.000000,1
near_residual,650,1,0.830075,0.456329,2,1,1,0.830075,0
near_residual,650,1,0.830075,0.456329,2,2,0,0.000000,1
near_residual,650,1,0.830075,0.456329,2,3,0,0.000000,1
near_residual,683,0,0.000000,0.541429,0,0,1,0.415037,1
near_residual,683,0,0.000000,0.541429,0,1,0,0.000000,0
near_residual,683,0,0.000000,0.541429,0,2,1,0.415037,1
near_residual,683,0,0.000000,0.541429,0,3,0,0.000000,0
near_residual,683,0,0.000000,0.541429,1,0,1,0.830075,1
near_residual,683,0,0.000000,0.541429,1,1,0,0.000000,0
near_residual,683,0,0.000000,0.541429,1,2,1,0.830075,1
near_residual,683,0,0.000000,0.541429,1,3,1,0.830075,1
near_residual,683,0,0.000000,0.541429,2,0,0,0.000000,0
near_residual,683,0,0.000000,0.541429,2,1,1,0.415037,1
near_residual,683,0,0.000000,0.541429,2,2,0,0.000000,0
near_residual,683,0,0.000000,0.541429,2,3,1,2.000000,1
near_residual,686,0,0.000000,0.541429,0,0,1,2.000000,1
near_residual,686,0,0.000000,0.541429,0,1,0,0.000000,0
near_residual,686,0,0.000000,0.541429,0,2,1,2.000000,1
near_residual,686,0,0.000000,0.541429,0,3,0,0.000000,0
near_residual,686,0,0.000000,0.541429,1,0,1,0.830075,1
near_residual,686,0,0.000000,0.541429,1,1,0,0.000000,0
near_residual,686,0,0.000000,0.541429,1,2,1,0.830075,1
near_residual,686,0,0.000000,0.541429,1,3,0,0.000000,0
near_residual,686,0,0.000000,0.541429,2,0,0,0.000000,0
near_residual,686,0,0.000000,0.541429,2,1,1,0.415037,1
near_residual,686,0,0.000000,0.541429,2,2,0,0.000000,0
near_residual,686,0,0.000000,0.541429,2,3,1,2.000000,1
near_residual,711,1,0.415037,0.456329,0,0,0,0.000000,1
near_residual,711,1,0.415037,0.456329,0,1,0,0.000000,1
near_residual,711,1,0.415037,0.456329,0,2,1,0.415037,0
near_residual,711,1,0.415037,0.456329,0,3,1,2.000000,0
near_residual,711,1,0.415037,0.456329,1,0,1,0.830075,0
near_residual,711,1,0.415037,0.456329,1,1,1,0.830075,0
near_residual,711,1,0.415037,0.456329,1,2,1,0.830075,0
near_residual,711,1,0.415037,0.456329,1,3,0,0.000000,1
near_residual,711,1,0.415037,0.456329,2,0,1,0.415037,0
near_residual,711,1,0.415037,0.456329,2,1,1,0.415037,0
near_residual,711,1,0.415037,0.456329,2,2,0,0.000000,1
near_residual,711,1,0.415037,0.456329,2,3,0,0.000000,1
near_residual,712,0,0.000000,0.541429,0,0,0,0.000000,0
near_residual,712,0,0.000000,0.541429,0,1,0,0.000000,0
near_residual,712,0,0.000000,0.541429,0,2,1,0.415037,1
near_residual,712,0,0.000000,0.541429,0,3,1,2.000000,1
near_residual,712,0,0.000000,0.541429,1,0,1,0.830075,1
near_residual,712,0,0.000000,0.541429,1,1,1,0.830075,1
near_residual,712,0,0.000000,0.541429,1,2,1,0.830075,1
near_residual,712,0,0.000000,0.541429,1,3,0,0.000000,0
near_residual,712,0,0.000000,0.541429,2,0,1,0.415037,1
near_residual,712,0,0.000000,0.541429,2,1,1,0.415037,1
near_residual,712,0,0.000000,0.541429,2,2,0,0.000000,0
near_residual,712,0,0.000000,0.541429,2,3,0,0.000000,0
near_residual,732,0,0.000000,0.541429,0,0,1,2.000000,1
near_residual,732,0,0.000000,0.541429,0,1,0,0.000000,0
near_residual,732,0,0.000000,0.541429,0,2,1,0.415037,1
near_residual,732,0,0.000000,0.541429,0,3,0,0.000000,0
near_residual,732,0,0.000000,0.541429,1,0,0,0.000000,0
near_residual,732,0,0.000000,0.541429,1,1,0,0.000000,0
near_residual,732,0,0.000000,0.541429,1,2,1,0.415037,1
near_residual,732,0,0.000000,0.541429,1,3,1,0.415037,1
near_residual,732,0,0.000000,0.541429,2,0,1,0.830075,1
near_residual,732,0,0.000000,0.541429,2,1,0,0.000000,0
near_residual,732,0,0.000000,0.541429,2,2,1,0.830075,1
near_residual,732,0,0.000000,0.541429,2,3,1,0.830075,1
near_residual,733,1,0.830075,0.359993,0,0,1,1.000000,0
near_residual,733,1,0.830075,0.359993,0,1,0,0.000000,1
near_residual,733,1,0.830075,0.359993,0,2,1,0.830075,0
near_residual,733,1,0.830075,0.359993,0,3,1,0.415037,0
near_residual,733,1,0.830075,0.359993,1,0,1,0.830075,0
near_residual,733,1,0.830075,0.359993,1,1,0,0.000000,1
near_residual,733,1,0.830075,0.359993,1,2,1,0.830075,0
near_residual,733,1,0.830075,0.359993,1,3,1,0.830075,0
near_residual,733,1,0.830075,0.359993,2,0,0,0.000000,1
near_residual,733,1,0.830075,0.359993,2,1,0,0.000000,1
near_residual,733,1,0.830075,0.359993,2,2,1,0.830075,0
near_residual,733,1,0.830075,0.359993,2,3,1,0.415037,0
near_residual,788,0,0.000000,0.541429,0,0,1,0.830075,1
near_residual,788,0,0.000000,0.541429,0,1,1,0.830075,1
near_residual,788,0,0.000000,0.541429,0,2,1,0.830075,1
near_residual,788,0,0.000000,0.541429,0,3,0,0.000000,0
near_residual,788,0,0.000000,0.541429,1,0,0,0.000000,0
near_residual,788,0,0.000000,0.541429,1,1,0,0.000000,0
near_residual,788,0,0.000000,0.541429,1,2,1,2.000000,1
near_residual,788,0,0.000000,0.541429,1,3,1,0.415037,1
near_residual,788,0,0.000000,0.541429,2,0,0,0.000000,0
near_residual,788,0,0.000000,0.541429,2,1,1,0.415037,1
near_residual,788,0,0.000000,0.541429,2,2,0,0.000000,0
near_residual,788,0,0.000000,0.541429,2,3,1,0.415037,1
near_residual,795,1,0.415037,0.456329,0,0,1,0.830075,0
near_residual,795,1,0.415037,0.456329,0,1,1,0.830075,0
near_residual,795,1,0.415037,0.456329,0,2,1,0.830075,0
near_residual,795,1,0.415037,0.456329,0,3,0,0.000000,1
near_residual,795,1,0.415037,0.456329,1,0,0,0.000000,1
near_residual,795,1,0.415037,0.456329,1,1,0,0.000000,1
near_residual,795,1,0.415037,0.456329,1,2,1,2.000000,0
near_residual,795,1,0.415037,0.456329,1,3,1,0.415037,0
near_residual,795,1,0.415037,0.456329,2,0,0,0.000000,1
near_residual,795,1,0.415037,0.456329,2,1,1,0.415037,0
near_residual,795,1,0.415037,0.456329,2,2,0,0.000000,1
near_residual,795,1,0.415037,0.456329,2,3,1,0.415037,0
near_residual,804,0,0.000000,0.541429,0,0,1,0.830075,1
near_residual,804,0,0.000000,0.541429,0,1,1,0.830075,1
near_residual,804,0,0.000000,0.541429,0,2,0,0.000000,0
near_residual,804,0,0.000000,0.541429,0,3,0,0.000000,0
near_residual,804,0,0.000000,0.541429,1,0,0,0.000000,0
near_residual,804,0,0.000000,0.541429,1,1,0,0.000000,0
near_residual,804,0,0.000000,0.541429,1,2,1,2.000000,1
near_residual,804,0,0.000000,0.541429,1,3,1,0.415037,1
near_residual,804,0,0.000000,0.541429,2,0,0,0.000000,0
near_residual,804,0,0.000000,0.541429,2,1,1,2.000000,1
near_residual,804,0,0.000000,0.541429,2,2,0,0.000000,0
near_residual,804,0,0.000000,0.541429,2,3,1,2.000000,1
near_residual,811,1,0.830075,0.456329,0,0,1,0.830075,0
near_residual,811,1,0.830075,0.456329,0,1,0,0.000000,1
near_residual,811,1,0.830075,0.456329,0,2,0,0.000000,1
near_residual,811,1,0.830075,0.456329,0,3,0,0.000000,1
near_residual,811,1,0.830075,0.456329,1,0,0,0.000000,1
near_residual,811,1,0.830075,0.456329,1,1,0,0.000000,1
near_residual,811,1,0.830075,0.456329,1,2,1,2.000000,0
near_residual,811,1,0.830075,0.456329,1,3,1,0.415037,0
near_residual,811,1,0.830075,0.456329,2,0,0,0.000000,1
near_residual,811,1,0.830075,0.456329,2,1,1,2.000000,0
near_residual,811,1,0.830075,0.456329,2,2,0,0.000000,1
near_residual,811,1,0.830075,0.456329,2,3,1,2.000000,0
near_residual,839,0,0.000000,0.541429,0,0,0,0.000000,0
near_residual,839,0,0.000000,0.541429,0,1,0,0.000000,0
near_residual,839,0,0.000000,0.541429,0,2,1,0.830075,1
near_residual,839,0,0.000000,0.541429,0,3,1,0.830075,1
near_residual,839,0,0.000000,0.541429,1,0,1,0.415037,1
near_residual,839,0,0.000000,0.541429,1,1,1,2.000000,1
near_residual,839,0,0.000000,0.541429,1,2,0,0.000000,0
near_residual,839,0,0.000000,0.541429,1,3,0,0.000000,0
near_residual,839,0,0.000000,0.541429,2,0,1,2.000000,1
near_residual,839,0,0.000000,0.541429,2,1,0,0.000000,0
near_residual,839,0,0.000000,0.541429,2,2,1,2.000000,1
near_residual,839,0,0.000000,0.541429,2,3,0,0.000000,0
near_residual,840,1,0.830075,0.456329,0,0,0,0.000000,1
near_residual,840,1,0.830075,0.456329,0,1,0,0.000000,1
near_residual,840,1,0.830075,0.456329,0,2,1,0.830075,0
near_residual,840,1,0.830075,0.456329,0,3,0,0.000000,1
near_residual,840,1,0.830075,0.456329,1,0,1,0.415037,0
near_residual,840,1,0.830075,0.456329,1,1,1,2.000000,0
near_residual,840,1,0.830075,0.456329,1,2,0,0.000000,1
near_residual,840,1,0.830075,0.456329,1,3,0,0.000000,1
near_residual,840,1,0.830075,0.456329,2,0,1,2.000000,0
near_residual,840,1,0.830075,0.456329,2,1,0,0.000000,1
near_residual,840,1,0.830075,0.456329,2,2,1,2.000000,0
near_residual,840,1,0.830075,0.456329,2,3,0,0.000000,1
near_residual,882,1,0.415037,0.456329,0,0,0,0.000000,1
near_residual,882,1,0.415037,0.456329,0,1,1,0.830075,0
near_residual,882,1,0.415037,0.456329,0,2,1,0.830075,0
near_residual,882,1,0.415037,0.456329,0,3,1,0.830075,0
near_residual,882,1,0.415037,0.456329,1,0,1,0.415037,0
near_residual,882,1,0.415037,0.456329,1,1,1,2.000000,0
near_residual,882,1,0.415037,0.456329,1,2,0,0.000000,1
near_residual,882,1,0.415037,0.456329,1,3,0,0.000000,1
near_residual,882,1,0.415037,0.456329,2,0,1,0.415037,0
near_residual,882,1,0.415037,0.456329,2,1,0,0.000000,1
near_residual,882,1,0.415037,0.456329,2,2,1,0.415037,0
near_residual,882,1,0.415037,0.456329,2,3,0,0.000000,1
near_residual,893,0,0.000000,0.541429,0,0,0,0.000000,0
near_residual,893,0,0.000000,0.541429,0,1,1,0.830075,1
near_residual,893,0,0.000000,0.541429,0,2,1,0.830075,1
near_residual,893,0,0.000000,0.541429,0,3,1,0.830075,1
near_residual,893,0,0.000000,0.541429,1,0,1,0.415037,1
near_residual,893,0,0.000000,0.541429,1,1,1,2.000000,1
near_residual,893,0,0.000000,0.541429,1,2,0,0.000000,0
near_residual,893,0,0.000000,0.541429,1,3,0,0.000000,0
near_residual,893,0,0.000000,0.541429,2,0,1,0.415037,1
near_residual,893,0,0.000000,0.541429,2,1,0,0.000000,0
near_residual,893,0,0.000000,0.541429,2,2,1,0.415037,1
near_residual,893,0,0.000000,0.541429,2,3,0,0.000000,0
near_residual,903,0,0.000000,0.541429,0,0,1,0.830075,1
near_residual,903,0,0.000000,0.541429,0,1,0,0.000000,0
near_residual,903,0,0.000000,0.541429,0,2,1,0.830075,1
near_residual,903,0,0.000000,0.541429,0,3,1,0.830075,1
near_residual,903,0,0.000000,0.541429,1,0,1,0.415037,1
near_residual,903,0,0.000000,0.541429,1,1,1,2.000000,1
near_residual,903,0,0.000000,0.541429,1,2,0,0.000000,0
near_residual,903,0,0.000000,0.541429,1,3,0,0.000000,0
near_residual,903,0,0.000000,0.541429,2,0,1,0.415037,1
near_residual,903,0,0.000000,0.541429,2,1,0,0.000000,0
near_residual,903,0,0.000000,0.541429,2,2,1,0.415037,1
near_residual,903,0,0.000000,0.541429,2,3,0,0.000000,0
near_residual,904,1,0.415037,0.456329,0,0,1,0.830075,0
near_residual,904,1,0.415037,0.456329,0,1,0,0.000000,1
near_residual,904,1,0.415037,0.456329,0,2,1,0.830075,0
near_residual,904,1,0.415037,0.456329,0,3,1,0.830075,0
near_residual,904,1,0.415037,0.456329,1,0,1,0.415037,0
near_residual,904,1,0.415037,0.456329,1,1,1,2.000000,0
near_residual,904,1,0.415037,0.456329,1,2,0,0.000000,1
near_residual,904,1,0.415037,0.456329,1,3,0,0.000000,1
near_residual,904,1,0.415037,0.456329,2,0,1,0.415037,0
near_residual,904,1,0.415037,0.456329,2,1,0,0.000000,1
near_residual,904,1,0.415037,0.456329,2,2,1,0.415037,0
near_residual,904,1,0.415037,0.456329,2,3,0,0.000000,1
near_residual,946,1,0.830075,0.456329,0,0,0,0.000000,1
near_residual,946,1,0.830075,0.456329,0,1,0,0.000000,1
near_residual,946,1,0.830075,0.456329,0,2,0,0.000000,1
near_residual,946,1,0.830075,0.456329,0,3,1,0.830075,0
near_residual,946,1,0.830075,0.456329,1,0,1,0.415037,0
near_residual,946,1,0.830075,0.456329,1,1,1,2.000000,0
near_residual,946,1,0.830075,0.456329,1,2,0,0.000000,1
near_residual,946,1,0.830075,0.456329,1,3,0,0.000000,1
near_residual,946,1,0.830075,0.456329,2,0,1,2.000000,0
near_residual,946,1,0.830075,0.456329,2,1,0,0.000000,1
near_residual,946,1,0.830075,0.456329,2,2,1,2.000000,0
near_residual,946,1,0.830075,0.456329,2,3,0,0.000000,1
near_residual,957,0,0.000000,0.541429,0,0,0,0.000000,0
near_residual,957,0,0.000000,0.541429,0,1,0,0.000000,0
near_residual,957,0,0.000000,0.541429,0,2,1,0.830075,1
near_residual,957,0,0.000000,0.541429,0,3,1,0.830075,1
near_residual,957,0,0.000000,0.541429,1,0,1,0.415037,1
near_residual,957,0,0.000000,0.541429,1,1,1,2.000000,1
near_residual,957,0,0.000000,0.541429,1,2,0,0.000000,0
near_residual,957,0,0.000000,0.541429,1,3,0,0.000000,0
near_residual,957,0,0.000000,0.541429,2,0,1,2.000000,1
near_residual,957,0,0.000000,0.541429,2,1,0,0.000000,0
near_residual,957,0,0.000000,0.541429,2,2,1,2.000000,1
near_residual,957,0,0.000000,0.541429,2,3,0,0.000000,0
near_residual,977,0,0.000000,0.541429,0,0,1,0.830075,1
near_residual,977,0,0.000000,0.541429,0,1,1,0.830075,1
near_residual,977,0,0.000000,0.541429,0,2,0,0.000000,0
near_residual,977,0,0.000000,0.541429,0,3,0,0.000000,0
near_residual,977,0,0.000000,0.541429,1,0,0,0.000000,0
near_residual,977,0,0.000000,0.541429,1,1,0,0.000000,0
near_residual,977,0,0.000000,0.541429,1,2,1,2.000000,1
near_residual,977,0,0.000000,0.541429,1,3,1,0.415037,1
near_residual,977,0,0.000000,0.541429,2,0,0,0.000000,0
near_residual,977,0,0.000000,0.541429,2,1,1,2.000000,1
near_residual,977,0,0.000000,0.541429,2,2,0,0.000000,0
near_residual,977,0,0.000000,0.541429,2,3,1,2.000000,1
near_residual,993,0,0.000000,0.541429,0,0,1,0.830075,1
near_residual,993,0,0.000000,0.541429,0,1,1,0.830075,1
near_residual,993,0,0.000000,0.541429,0,2,0,0.000000,0
near_residual,993,0,0.000000,0.541429,0,3,1,0.830075,1
near_residual,993,0,0.000000,0.541429,1,0,0,0.000000,0
near_residual,993,0,0.000000,0.541429,1,1,0,0.000000,0
near_residual,993,0,0.000000,0.541429,1,2,1,2.000000,1
near_residual,993,0,0.000000,0.541429,1,3,1,0.415037,1
near_residual,993,0,0.000000,0.541429,2,0,0,0.000000,0
near_residual,993,0,0.000000,0.541429,2,1,1,0.415037,1
near_residual,993,0,0.000000,0.541429,2,2,0,0.000000,0
near_residual,993,0,0.000000,0.541429,2,3,1,0.415037,1
near_residual,1059,0,0.000000,0.541429,0,0,0,0.000000,0
near_residual,1059,0,0.000000,0.541429,0,1,1,2.000000,1
near_residual,1059,0,0.000000,0.541429,0,2,0,0.000000,0
near_residual,1059,0,0.000000,0.541429,0,3,1,0.415037,1
near_residual,1059,0,0.000000,0.541429,1,0,0,0.000000,0
near_residual,1059,0,0.000000,0.541429,1,1,0,0.000000,0
near_residual,1059,0,0.000000,0.541429,1,2,1,2.000000,1
near_residual,1059,0,0.000000,0.541429,1,3,1,2.000000,1
near_residual,1059,0,0.000000,0.541429,2,0,1,0.830075,1
near_residual,1059,0,0.000000,0.541429,2,1,1,0.830075,1
near_residual,1059,0,0.000000,0.541429,2,2,0,0.000000,0
near_residual,1059,0,0.000000,0.541429,2,3,0,0.000000,0
near_residual,1079,0,0.000000,0.541429,0,0,1,0.415037,1
near_residual,1079,0,0.000000,0.541429,0,1,1,2.000000,1
near_residual,1079,0,0.000000,0.541429,0,2,0,0.000000,0
near_residual,1079,0,0.000000,0.541429,0,3,0,0.000000,0
near_residual,1079,0,0.000000,0.541429,1,0,0,0.000000,0
near_residual,1079,0,0.000000,0.541429,1,1,0,0.000000,0
near_residual,1079,0,0.000000,0.541429,1,2,1,0.830075,1
near_residual,1079,0,0.000000,0.541429,1,3,1,0.830075,1
near_residual,1079,0,0.000000,0.541429,2,0,1,2.000000,1
near_residual,1079,0,0.000000,0.541429,2,1,1,2.000000,1
near_residual,1079,0,0.000000,0.541429,2,2,0,0.000000,0
near_residual,1079,0,0.000000,0.541429,2,3,0,0.000000,0
near_residual,1105,0,0.000000,0.541429,0,0,0,0.000000,0
near_residual,1105,0,0.000000,0.541429,0,1,1,0.415037,1
near_residual,1105,0,0.000000,0.541429,0,2,0,0.000000,0
near_residual,1105,0,0.000000,0.541429,0,3,1,0.415037,1
near_residual,1105,0,0.000000,0.541429,1,0,1,0.830075,1
near_residual,1105,0,0.000000,0.541429,1,1,1,0.830075,1
near_residual,1105,0,0.000000,0.541429,1,2,1,0.830075,1
near_residual,1105,0,0.000000,0.541429,1,3,0,0.000000,0
near_residual,1105,0,0.000000,0.541429,2,0,0,0.000000,0
near_residual,1105,0,0.000000,0.541429,2,1,1,2.000000,1
near_residual,1105,0,0.000000,0.541429,2,2,0,0.000000,0
near_residual,1105,0,0.000000,0.541429,2,3,1,0.415037,1
near_residual,1108,0,0.000000,0.541429,0,0,0,0.000000,0
near_residual,1108,0,0.000000,0.541429,0,1,1,2.000000,1
near_residual,1108,0,0.000000,0.541429,0,2,0,0.000000,0
near_residual,1108,0,0.000000,0.541429,0,3,1,2.000000,1
near_residual,1108,0,0.000000,0.541429,1,0,1,0.830075,1
near_residual,1108,0,0.000000,0.541429,1,1,0,0.000000,0
near_residual,1108,0,0.000000,0.541429,1,2,1,0.830075,1
near_residual,1108,0,0.000000,0.541429,1,3,0,0.000000,0
near_residual,1108,0,0.000000,0.541429,2,0,0,0.000000,0
near_residual,1108,0,0.000000,0.541429,2,1,1,2.000000,1
near_residual,1108,0,0.000000,0.541429,2,2,0,0.000000,0
near_residual,1108,0,0.000000,0.541429,2,3,1,0.415037,1
near_residual,1137,1,0.830075,0.438901,0,0,1,0.830075,0
near_residual,1137,1,0.830075,0.438901,0,1,1,0.830075,0
near_residual,1137,1,0.830075,0.438901,0,2,0,0.000000,1
near_residual,1137,1,0.830075,0.438901,0,3,1,0.830075,0
near_residual,1137,1,0.830075,0.438901,1,0,1,0.830075,0
near_residual,1137,1,0.830075,0.438901,1,1,0,0.000000,1
near_residual,1137,1,0.830075,0.438901,1,2,1,0.415037,0
near_residual,1137,1,0.830075,0.438901,1,3,0,0.000000,1
near_residual,1137,1,0.830075,0.438901,2,0,0,0.000000,1
near_residual,1137,1,0.830075,0.438901,2,1,1,1.000000,0
near_residual,1137,1,0.830075,0.438901,2,2,1,0.415037,0
near_residual,1137,1,0.830075,0.438901,2,3,1,0.830075,0
near_residual,1144,1,0.830075,0.438901,0,0,0,0.000000,1
near_residual,1144,1,0.830075,0.438901,0,1,1,0.830075,0
near_residual,1144,1,0.830075,0.438901,0,2,0,0.000000,1
near_residual,1144,1,0.830075,0.438901,0,3,1,0.415037,0
near_residual,1144,1,0.830075,0.438901,1,0,1,0.830075,0
near_residual,1144,1,0.830075,0.438901,1,1,1,0.830075,0
near_residual,1144,1,0.830075,0.438901,1,2,1,0.830075,0
near_residual,1144,1,0.830075,0.438901,1,3,0,0.000000,1
near_residual,1144,1,0.830075,0.438901,2,0,1,0.830075,0
near_residual,1144,1,0.830075,0.438901,2,1,1,1.000000,0
near_residual,1144,1,0.830075,0.438901,2,2,1,0.415037,0
near_residual,1144,1,0.830075,0.438901,2,3,0,0.000000,1
near_residual,1160,1,0.830075,0.438901,0,0,1,0.415037,0
near_residual,1160,1,0.830075,0.438901,0,1,1,0.830075,0
near_residual,1160,1,0.830075,0.438901,0,2,0,0.000000,1
near_residual,1160,1,0.830075,0.438901,0,3,1,1.000000,0
near_residual,1160,1,0.830075,0.438901,1,0,1,0.830075,0
near_residual,1160,1,0.830075,0.438901,1,1,1,0.830075,0
near_residual,1160,1,0.830075,0.438901,1,2,1,0.830075,0
near_residual,1160,1,0.830075,0.438901,1,3,0,0.000000,1
near_residual,1160,1,0.830075,0.438901,2,0,1,0.830075,0
near_residual,1160,1,0.830075,0.438901,2,1,1,0.415037,0
near_residual,1160,1,0.830075,0.438901,2,2,0,0.000000,1
near_residual,1160,1,0.830075,0.438901,2,3,0,0.000000,1
near_residual,1164,0,0.000000,0.541429,0,0,0,0.000000,0
near_residual,1164,0,0.000000,0.541429,0,1,1,0.415037,1
near_residual,1164,0,0.000000,0.541429,0,2,0,0.000000,0
near_residual,1164,0,0.000000,0.541429,0,3,1,2.000000,1
near_residual,1164,0,0.000000,0.541429,1,0,1,0.415037,1
near_residual,1164,0,0.000000,0.541429,1,1,1,0.415037,1
near_residual,1164,0,0.000000,0.541429,1,2,0,0.000000,0
near_residual,1164,0,0.000000,0.541429,1,3,0,0.000000,0
near_residual,1164,0,0.000000,0.541429,2,0,1,0.830075,1
near_residual,1164,0,0.000000,0.541429,2,1,1,0.830075,1
near_residual,1164,0,0.000000,0.541429,2,2,1,0.830075,1
near_residual,1164,0,0.000000,0.541429,2,3,0,0.000000,0
near_residual,1202,1,0.830075,0.438901,0,0,1,0.830075,0
near_residual,1202,1,0.830075,0.438901,0,1,1,0.830075,0
near_residual,1202,1,0.830075,0.438901,0,2,0,0.000000,1
near_residual,1202,1,0.830075,0.438901,0,3,1,0.830075,0
near_residual,1202,1,0.830075,0.438901,1,0,1,0.415037,0
near_residual,1202,1,0.830075,0.438901,1,1,1,0.830075,0
near_residual,1202,1,0.830075,0.438901,1,2,0,0.000000,1
near_residual,1202,1,0.830075,0.438901,1,3,1,1.000000,0
near_residual,1202,1,0.830075,0.438901,2,0,1,0.415037,0
near_residual,1202,1,0.830075,0.438901,2,1,0,0.000000,1
near_residual,1202,1,0.830075,0.438901,2,2,1,0.830075,0
near_residual,1202,1,0.830075,0.438901,2,3,0,0.000000,1
near_residual,1210,0,0.000000,0.541429,0,0,1,0.415037,1
near_residual,1210,0,0.000000,0.541429,0,1,1,0.415037,1
near_residual,1210,0,0.000000,0.541429,0,2,0,0.000000,0
near_residual,1210,0,0.000000,0.541429,0,3,0,0.000000,0
near_residual,1210,0,0.000000,0.541429,1,0,0,0.000000,0
near_residual,1210,0,0.000000,0.541429,1,1,1,0.415037,1
near_residual,1210,0,0.000000,0.541429,1,2,0,0.000000,0
near_residual,1210,0,0.000000,0.541429,1,3,1,2.000000,1
near_residual,1210,0,0.000000,0.541429,2,0,1,0.830075,1
near_residual,1210,0,0.000000,0.541429,2,1,0,0.000000,0
near_residual,1210,0,0.000000,0.541429,2,2,1,0.830075,1
near_residual,1210,0,0.000000,0.541429,2,3,1,0.830075,1
near_residual,1229,0,0.000000,0.541429,0,0,1,2.000000,1
near_residual,1229,0,0.000000,0.541429,0,1,1,0.415037,1
near_residual,1229,0,0.000000,0.541429,0,2,0,0.000000,0
near_residual,1229,0,0.000000,0.541429,0,3,0,0.000000,0
near_residual,1229,0,0.000000,0.541429,1,0,1,0.830075,1
near_residual,1229,0,0.000000,0.541429,1,1,0,0.000000,0
near_residual,1229,0,0.000000,0.541429,1,2,1,0.830075,1
near_residual,1229,0,0.000000,0.541429,1,3,1,0.830075,1
near_residual,1229,0,0.000000,0.541429,2,0,0,0.000000,0
near_residual,1229,0,0.000000,0.541429,2,1,0,0.000000,0
near_residual,1229,0,0.000000,0.541429,2,2,1,0.415037,1
near_residual,1229,0,0.000000,0.541429,2,3,1,0.415037,1
near_residual,1234,1,0.830075,0.438901,0,0,1,0.415037,0
near_residual,1234,1,0.830075,0.438901,0,1,1,0.830075,0
near_residual,1234,1,0.830075,0.438901,0,2,0,0.000000,1
near_residual,1234,1,0.830075,0.438901,0,3,0,0.000000,1
near_residual,1234,1,0.830075,0.438901,1,0,1,0.415037,0
near_residual,1234,1,0.830075,0.438901,1,1,0,0.000000,1
near_residual,1234,1,0.830075,0.438901,1,2,1,0.830075,0
near_residual,1234,1,0.830075,0.438901,1,3,1,1.000000,0
near_residual,1234,1,0.830075,0.438901,2,0,1,0.830075,0
near_residual,1234,1,0.830075,0.438901,2,1,0,0.000000,1
near_residual,1234,1,0.830075,0.438901,2,2,1,0.830075,0
near_residual,1234,1,0.830075,0.438901,2,3,1,0.830075,0
near_residual,1245,1,0.830075,0.438901,0,0,1,1.000000,0
near_residual,1245,1,0.830075,0.438901,0,1,1,0.830075,0
near_residual,1245,1,0.830075,0.438901,0,2,0,0.000000,1
near_residual,1245,1,0.830075,0.438901,0,3,1,0.415037,0
near_residual,1245,1,0.830075,0.438901,1,0,0,0.000000,1
near_residual,1245,1,0.830075,0.438901,1,1,0,0.000000,1
near_residual,1245,1,0.830075,0.438901,1,2,1,0.830075,0
near_residual,1245,1,0.830075,0.438901,1,3,1,0.415037,0
near_residual,1245,1,0.830075,0.438901,2,0,1,0.830075,0
near_residual,1245,1,0.830075,0.438901,2,1,0,0.000000,1
near_residual,1245,1,0.830075,0.438901,2,2,1,0.830075,0
near_residual,1245,1,0.830075,0.438901,2,3,1,0.830075,0
near_residual,1258,0,0.000000,0.541429,0,0,1,2.000000,1
near_residual,1258,0,0.000000,0.541429,0,1,1,2.000000,1
near_residual,1258,0,0.000000,0.541429,0,2,0,0.000000,0
near_residual,1258,0,0.000000,0.541429,0,3,0,0.000000,0
near_residual,1258,0,0.000000,0.541429,1,0,0,0.000000,0
near_residual,1258,0,0.000000,0.541429,1,1,1,0.415037,1
near_residual,1258,0,0.000000,0.541429,1,2,0,0.000000,0
near_residual,1258,0,0.000000,0.541429,1,3,1,2.000000,1
near_residual,1258,0,0.000000,0.541429,2,0,1,0.830075,1
near_residual,1258,0,0.000000,0.541429,2,1,0,0.000000,0
near_residual,1258,0,0.000000,0.541429,2,2,1,0.830075,1
near_residual,1258,0,0.000000,0.541429,2,3,0,0.000000,0
near_residual,1309,0,0.000000,0.541429,0,0,1,0.830075,1
near_residual,1309,0,0.000000,0.541429,0,1,0,0.000000,0
near_residual,1309,0,0.000000,0.541429,0,2,1,0.830075,1
near_residual,1309,0,0.000000,0.541429,0,3,0,0.000000,0
near_residual,1309,0,0.000000,0.541429,1,0,0,0.000000,0
near_residual,1309,0,0.000000,0.541429,1,1,1,2.000000,1
near_residual,1309,0,0.000000,0.541429,1,2,0,0.000000,0
near_residual,1309,0,0.000000,0.541429,1,3,1,2.000000,1
near_residual,1309,0,0.000000,0.541429,2,0,0,0.000000,0
near_residual,1309,0,0.000000,0.541429,2,1,0,0.000000,0
near_residual,1309,0,0.000000,0.541429,2,2,1,2.000000,1
near_residual,1309,0,0.000000,0.541429,2,3,1,0.415037,1
near_residual,1310,0,0.000000,0.541429,0,0,1,0.830075,1
near_residual,1310,0,0.000000,0.541429,0,1,0,0.000000,0
near_residual,1310,0,0.000000,0.541429,0,2,1,0.830075,1
near_residual,1310,0,0.000000,0.541429,0,3,1,0.830075,1
near_residual,1310,0,0.000000,0.541429,1,0,0,0.000000,0
near_residual,1310,0,0.000000,0.541429,1,1,1,0.415037,1
near_residual,1310,0,0.000000,0.541429,1,2,0,0.000000,0
near_residual,1310,0,0.000000,0.541429,1,3,1,0.415037,1
near_residual,1310,0,0.000000,0.541429,2,0,0,0.000000,0
near_residual,1310,0,0.000000,0.541429,2,1,0,0.000000,0
near_residual,1310,0,0.000000,0.541429,2,2,1,2.000000,1
near_residual,1310,0,0.000000,0.541429,2,3,1,0.415037,1
near_residual,1345,0,0.000000,0.541429,0,0,1,0.830075,1
near_residual,1345,0,0.000000,0.541429,0,1,1,0.830075,1
near_residual,1345,0,0.000000,0.541429,0,2,1,0.830075,1
near_residual,1345,0,0.000000,0.541429,0,3,0,0.000000,0
near_residual,1345,0,0.000000,0.541429,1,0,0,0.000000,0
near_residual,1345,0,0.000000,0.541429,1,1,1,0.415037,1
near_residual,1345,0,0.000000,0.541429,1,2,0,0.000000,0
near_residual,1345,0,0.000000,0.541429,1,3,1,0.415037,1
near_residual,1345,0,0.000000,0.541429,2,0,0,0.000000,0
near_residual,1345,0,0.000000,0.541429,2,1,0,0.000000,0
near_residual,1345,0,0.000000,0.541429,2,2,1,2.000000,1
near_residual,1345,0,0.000000,0.541429,2,3,1,0.415037,1
near_residual,1346,0,0.000000,0.541429,0,0,1,0.830075,1
near_residual,1346,0,0.000000,0.541429,0,1,0,0.000000,0
near_residual,1346,0,0.000000,0.541429,0,2,1,0.830075,1
near_residual,1346,0,0.000000,0.541429,0,3,0,0.000000,0
near_residual,1346,0,0.000000,0.541429,1,0,0,0.000000,0
near_residual,1346,0,0.000000,0.541429,1,1,1,2.000000,1
near_residual,1346,0,0.000000,0.541429,1,2,0,0.000000,0
near_residual,1346,0,0.000000,0.541429,1,3,1,2.000000,1
near_residual,1346,0,0.000000,0.541429,2,0,0,0.000000,0
near_residual,1346,0,0.000000,0.541429,2,1,0,0.000000,0
near_residual,1346,0,0.000000,0.541429,2,2,1,2.000000,1
near_residual,1346,0,0.000000,0.541429,2,3,1,0.415037,1
near_residual,1396,0,0.000000,0.541429,0,0,0,0.000000,0
near_residual,1396,0,0.000000,0.541429,0,1,1,0.830075,1
near_residual,1396,0,0.000000,0.541429,0,2,0,0.000000,0
near_residual,1396,0,0.000000,0.541429,0,3,1,0.830075,1
near_residual,1396,0,0.000000,0.541429,1,0,1,2.000000,1
near_residual,1396,0,0.000000,0.541429,1,1,0,0.000000,0
near_residual,1396,0,0.000000,0.541429,1,2,1,2.000000,1
near_residual,1396,0,0.000000,0.541429,1,3,0,0.000000,0
near_residual,1396,0,0.000000,0.541429,2,0,1,0.415037,1
near_residual,1396,0,0.000000,0.541429,2,1,1,2.000000,1
near_residual,1396,0,0.000000,0.541429,2,2,0,0.000000,0
near_residual,1396,0,0.000000,0.541429,2,3,0,0.000000,0
near_residual,1400,0,0.000000,0.541429,0,0,1,0.830075,1
near_residual,1400,0,0.000000,0.541429,0,1,1,0.830075,1
near_residual,1400,0,0.000000,0.541429,0,2,0,0.000000,0
near_residual,1400,0,0.000000,0.541429,0,3,1,0.830075,1
near_residual,1400,0,0.000000,0.541429,1,0,1,0.415037,1
near_residual,1400,0,0.000000,0.541429,1,1,0,0.000000,0
near_residual,1400,0,0.000000,0.541429,1,2,1,0.415037,1
near_residual,1400,0,0.000000,0.541429,1,3,0,0.000000,0
near_residual,1400,0,0.000000,0.541429,2,0,1,0.415037,1
near_residual,1400,0,0.000000,0.541429,2,1,1,2.000000,1
near_residual,1400,0,0.000000,0.541429,2,2,0,0.000000,0
near_residual,1400,0,0.000000,0.541429,2,3,0,0.000000,0
near_residual,1495,0,0.000000,0.512214,0,0,0,0.000000,0
near_residual,1495,0,0.000000,0.512214,0,1,1,0.830075,1
near_residual,1495,0,0.000000,0.512214,0,2,1,0.830075,1
near_residual,1495,0,0.000000,0.512214,0,3,1,0.830075,1
near_residual,1495,0,0.000000,0.512214,1,0,1,0.415037,1
near_residual,1495,0,0.000000,0.512214,1,1,0,0.000000,0
near_residual,1495,0,0.000000,0.512214,1,2,1,0.415037,1
near_residual,1495,0,0.000000,0.512214,1,3,0,0.000000,0
near_residual,1495,0,0.000000,0.512214,2,0,1,0.415037,1
near_residual,1495,0,0.000000,0.512214,2,1,1,2.000000,1
near_residual,1495,0,0.000000,0.512214,2,2,0,0.000000,0
near_residual,1495,0,0.000000,0.512214,2,3,0,0.000000,0
near_residual,1499,0,0.000000,0.512214,0,0,0,0.000000,0
near_residual,1499,0,0.000000,0.512214,0,1,1,0.830075,1
near_residual,1499,0,0.000000,0.512214,0,2,0,0.000000,0
near_residual,1499,0,0.000000,0.512214,0,3,1,0.830075,1
near_residual,1499,0,0.000000,0.512214,1,0,1,2.000000,1
near_residual,1499,0,0.000000,0.512214,1,1,0,0.000000,0
near_residual,1499,0,0.000000,0.512214,1,2,1,2.000000,1
near_residual,1499,0,0.000000,0.512214,1,3,0,0.000000,0
near_residual,1499,0,0.000000,0.512214,2,0,1,0.415037,1
near_residual,1499,0,0.000000,0.512214,2,1,1,2.000000,1
near_residual,1499,0,0.000000,0.512214,2,2,0,0.000000,0
near_residual,1499,0,0.000000,0.512214,2,3,0,0.000000,0
near_residual,1812,1,0.830075,0.398069,0,0,1,0.830075,0
near_residual,1812,1,0.830075,0.398069,0,1,1,0.415037,0
near_residual,1812,1,0.830075,0.398069,0,2,0,0.000000,1
near_residual,1812,1,0.830075,0.398069,0,3,0,0.000000,1
near_residual,1812,1,0.830075,0.398069,1,0,0,0.000000,1
near_residual,1812,1,0.830075,0.398069,1,1,1,0.415037,0
near_residual,1812,1,0.830075,0.398069,1,2,1,1.000000,0
near_residual,1812,1,0.830075,0.398069,1,3,1,0.830075,0
near_residual,1812,1,0.830075,0.398069,2,0,1,0.830075,0
near_residual,1812,1,0.830075,0.398069,2,1,1,0.830075,0
near_residual,1812,1,0.830075,0.398069,2,2,0,0.000000,1
near_residual,1812,1,0.830075,0.398069,2,3,1,0.830075,0
near_residual,1819,1,0.830075,0.398069,0,0,1,0.830075,0
near_residual,1819,1,0.830075,0.398069,0,1,1,1.000000,0
near_residual,1819,1,0.830075,0.398069,0,2,1,0.415037,0
near_residual,1819,1,0.830075,0.398069,0,3,0,0.000000,1
near_residual,1819,1,0.830075,0.398069,1,0,0,0.000000,1
near_residual,1819,1,0.830075,0.398069,1,1,0,0.000000,1
near_residual,1819,1,0.830075,0.398069,1,2,1,0.415037,0
near_residual,1819,1,0.830075,0.398069,1,3,1,0.830075,0
near_residual,1819,1,0.830075,0.398069,2,0,1,0.830075,0
near_residual,1819,1,0.830075,0.398069,2,1,1,0.830075,0
near_residual,1819,1,0.830075,0.398069,2,2,0,0.000000,1
near_residual,1819,1,0.830075,0.398069,2,3,1,0.830075,0
near_residual,1829,0,0.000000,0.512214,0,0,1,2.000000,1
near_residual,1829,0,0.000000,0.512214,0,1,1,2.000000,1
near_residual,1829,0,0.000000,0.512214,0,2,0,0.000000,0
near_residual,1829,0,0.000000,0.512214,0,3,0,0.000000,0
near_residual,1829,0,0.000000,0.512214,1,0,1,0.415037,1
near_residual,1829,0,0.000000,0.512214,1,1,0,0.000000,0
near_residual,1829,0,0.000000,0.512214,1,2,1,2.000000,1
near_residual,1829,0,0.000000,0.512214,1,3,0,0.000000,0
near_residual,1829,0,0.000000,0.512214,2,0,0,0.000000,0
near_residual,1829,0,0.000000,0.512214,2,1,1,0.830075,1
near_residual,1829,0,0.000000,0.512214,2,2,0,0.000000,0
near_residual,1829,0,0.000000,0.512214,2,3,1,0.830075,1
near_residual,1851,0,0.000000,0.512214,0,0,1,0.415037,1
near_residual,1851,0,0.000000,0.512214,0,1,1,2.000000,1
near_residual,1851,0,0.000000,0.512214,0,2,0,0.000000,0
near_residual,1851,0,0.000000,0.512214,0,3,0,0.000000,0
near_residual,1851,0,0.000000,0.512214,1,0,0,0.000000,0
near_residual,1851,0,0.000000,0.512214,1,1,1,0.830075,1
near_residual,1851,0,0.000000,0.512214,1,2,1,0.830075,1
near_residual,1851,0,0.000000,0.512214,1,3,1,0.830075,1
near_residual,1851,0,0.000000,0.512214,2,0,1,0.415037,1
near_residual,1851,0,0.000000,0.512214,2,1,1,0.415037,1
near_residual,1851,0,0.000000,0.512214,2,2,0,0.000000,0
near_residual,1851,0,0.000000,0.512214,2,3,0,0.000000,0
near_residual,1857,1,0.830075,0.398069,0,0,1,0.830075,0
near_residual,1857,1,0.830075,0.398069,0,1,0,0.000000,1
near_residual,1857,1,0.830075,0.398069,0,2,1,0.415037,0
near_residual,1857,1,0.830075,0.398069,0,3,0,0.000000,1
near_residual,1857,1,0.830075,0.398069,1,0,1,0.830075,0
near_residual,1857,1,0.830075,0.398069,1,1,1,0.830075,0
near_residual,1857,1,0.830075,0.398069,1,2,0,0.000000,1
near_residual,1857,1,0.830075,0.398069,1,3,1,0.830075,0
near_residual,1857,1,0.830075,0.398069,2,0,0,0.000000,1
near_residual,1857,1,0.830075,0.398069,2,1,1,0.415037,0
near_residual,1857,1,0.830075,0.398069,2,2,1,1.000000,0
near_residual,1857,1,0.830075,0.398069,2,3,1,0.830075,0
near_residual,1864,1,0.830075,0.398069,0,0,1,0.830075,0
near_residual,1864,1,0.830075,0.398069,0,1,1,0.830075,0
near_residual,1864,1,0.830075,0.398069,0,2,1,0.830075,0
near_residual,1864,1,0.830075,0.398069,0,3,0,0.000000,1
near_residual,1864,1,0.830075,0.398069,1,0,0,0.000000,1
near_residual,1864,1,0.830075,0.398069,1,1,1,0.830075,0
near_residual,1864,1,0.830075,0.398069,1,2,0,0.000000,1
near_residual,1864,1,0.830075,0.398069,1,3,1,0.415037,0
near_residual,1864,1,0.830075,0.398069,2,0,1,0.830075,0
near_residual,1864,1,0.830075,0.398069,2,1,1,0.415037,0
near_residual,1864,1,0.830075,0.398069,2,2,1,1.000000,0
near_residual,1864,1,0.830075,0.398069,2,3,0,0.000000,1
near_residual,1874,0,0.000000,0.512214,0,0,1,2.000000,1
near_residual,1874,0,0.000000,0.512214,0,1,0,0.000000,0
near_residual,1874,0,0.000000,0.512214,0,2,1,2.000000,1
near_residual,1874,0,0.000000,0.512214,0,3,0,0.000000,0
near_residual,1874,0,0.000000,0.512214,1,0,0,0.000000,0
near_residual,1874,0,0.000000,0.512214,1,1,1,0.830075,1
near_residual,1874,0,0.000000,0.512214,1,2,0,0.000000,0
near_residual,1874,0,0.000000,0.512214,1,3,1,0.830075,1
near_residual,1874,0,0.000000,0.512214,2,0,1,0.415037,1
near_residual,1874,0,0.000000,0.512214,2,1,0,0.000000,0
near_residual,1874,0,0.000000,0.512214,2,2,1,2.000000,1
near_residual,1874,0,0.000000,0.512214,2,3,0,0.000000,0
near_residual,1880,0,0.000000,0.512214,0,0,1,0.415037,1
near_residual,1880,0,0.000000,0.512214,0,1,0,0.000000,0
near_residual,1880,0,0.000000,0.512214,0,2,1,0.415037,1
near_residual,1880,0,0.000000,0.512214,0,3,0,0.000000,0
near_residual,1880,0,0.000000,0.512214,1,0,1,0.830075,1
near_residual,1880,0,0.000000,0.512214,1,1,1,0.830075,1
near_residual,1880,0,0.000000,0.512214,1,2,0,0.000000,0
near_residual,1880,0,0.000000,0.512214,1,3,1,0.830075,1
near_residual,1880,0,0.000000,0.512214,2,0,1,0.415037,1
near_residual,1880,0,0.000000,0.512214,2,1,0,0.000000,0
near_residual,1880,0,0.000000,0.512214,2,2,1,2.000000,1
near_residual,1880,0,0.000000,0.512214,2,3,0,0.000000,0
near_residual,1924,1,0.830075,0.398069,0,0,1,0.830075,0
near_residual,1924,1,0.830075,0.398069,0,1,1,0.830075,0
near_residual,1924,1,0.830075,0.398069,0,2,1,0.830075,0
near_residual,1924,1,0.830075,0.398069,0,3,0,0.000000,1
near_residual,1924,1,0.830075,0.398069,1,0,1,0.830075,0
near_residual,1924,1,0.830075,0.398069,1,1,1,0.415037,0
near_residual,1924,1,0.830075,0.398069,1,2,1,1.000000,0
near_residual,1924,1,0.830075,0.398069,1,3,0,0.000000,1
near_residual,1924,1,0.830075,0.398069,2,0,0,0.000000,1
near_residual,1924,1,0.830075,0.398069,2,1,1,0.830075,0
near_residual,1924,1,0.830075,0.398069,2,2,0,0.000000,1
near_residual,1924,1,0.830075,0.398069,2,3,1,0.415037,0
near_residual,1925,0,0.000000,0.512214,0,0,1,0.415037,1
near_residual,1925,0,0.000000,0.512214,0,1,1,0.415037,1
near_residual,1925,0,0.000000,0.512214,0,2,0,0.000000,0
near_residual,1925,0,0.000000,0.512214,0,3,0,0.000000,0
near_residual,1925,0,0.000000,0.512214,1,0,1,0.415037,1
near_residual,1925,0,0.000000,0.512214,1,1,0,0.000000,0
near_residual,1925,0,0.000000,0.512214,1,2,1,2.000000,1
near_residual,1925,0,0.000000,0.512214,1,3,0,0.000000,0
near_residual,1925,0,0.000000,0.512214,2,0,1,0.830075,1
near_residual,1925,0,0.000000,0.512214,2,1,1,0.830075,1
near_residual,1925,0,0.000000,0.512214,2,2,0,0.000000,0
near_residual,1925,0,0.000000,0.512214,2,3,1,0.830075,1
near_residual,1969,1,0.830075,0.398069,0,0,1,0.830075,0
near_residual,1969,1,0.830075,0.398069,0,1,1,0.415037,0
near_residual,1969,1,0.830075,0.398069,0,2,1,1.000000,0
near_residual,1969,1,0.830075,0.398069,0,3,0,0.000000,1
near_residual,1969,1,0.830075,0.398069,1,0,1,0.830075,0
near_residual,1969,1,0.830075,0.398069,1,1,1,0.830075,0
near_residual,1969,1,0.830075,0.398069,1,2,0,0.000000,1
near_residual,1969,1,0.830075,0.398069,1,3,1,0.830075,0
near_residual,1969,1,0.830075,0.398069,2,0,0,0.000000,1
near_residual,1969,1,0.830075,0.398069,2,1,0,0.000000,1
near_residual,1969,1,0.830075,0.398069,2,2,1,0.415037,0
near_residual,1969,1,0.830075,0.398069,2,3,1,0.830075,0
near_residual,1971,0,0.000000,0.512214,0,0,1,0.415037,1
near_residual,1971,0,0.000000,0.512214,0,1,0,0.000000,0
near_residual,1971,0,0.000000,0.512214,0,2,1,2.000000,1
near_residual,1971,0,0.000000,0.512214,0,3,0,0.000000,0
near_residual,1971,0,0.000000,0.512214,1,0,1,0.415037,1
near_residual,1971,0,0.000000,0.512214,1,1,1,0.415037,1
near_residual,1971,0,0.000000,0.512214,1,2,0,0.000000,0
near_residual,1971,0,0.000000,0.512214,1,3,0,0.000000,0
near_residual,1971,0,0.000000,0.512214,2,0,0,0.000000,0
near_residual,1971,0,0.000000,0.512214,2,1,1,0.830075,1
near_residual,1971,0,0.000000,0.512214,2,2,1,0.830075,1
near_residual,1971,0,0.000000,0.512214,2,3,1,0.830075,1
near_residual,1998,0,0.000000,0.512214,0,0,1,2.000000,1
near_residual,1998,0,0.000000,0.512214,0,1,1,0.415037,1
near_residual,1998,0,0.000000,0.512214,0,2,0,0.000000,0
near_residual,1998,0,0.000000,0.512214,0,3,0,0.000000,0
near_residual,1998,0,0.000000,0.512214,1,0,0,0.000000,0
near_residual,1998,0,0.000000,0.512214,1,1,0,0.000000,0
near_residual,1998,0,0.000000,0.512214,1,2,1,0.830075,1
near_residual,1998,0,0.000000,0.512214,1,3,1,0.830075,1
near_residual,1998,0,0.000000,0.512214,2,0,0,0.000000,0
near_residual,1998,0,0.000000,0.512214,2,1,0,0.000000,0
near_residual,1998,0,0.000000,0.512214,2,2,1,2.000000,1
near_residual,1998,0,0.000000,0.512214,2,3,1,2.000000,1
near_residual,2028,0,0.000000,0.512214,0,0,1,2.000000,1
near_residual,2028,0,0.000000,0.512214,0,1,0,0.000000,0
near_residual,2028,0,0.000000,0.512214,0,2,1,0.415037,1
near_residual,2028,0,0.000000,0.512214,0,3,0,0.000000,0
near_residual,2028,0,0.000000,0.512214,1,0,0,0.000000,0
near_residual,2028,0,0.000000,0.512214,1,1,0,0.000000,0
near_residual,2028,0,0.000000,0.512214,1,2,1,2.000000,1
near_residual,2028,0,0.000000,0.512214,1,3,1,2.000000,1
near_residual,2028,0,0.000000,0.512214,2,0,0,0.000000,0
near_residual,2028,0,0.000000,0.512214,2,1,0,0.000000,0
near_residual,2028,0,0.000000,0.512214,2,2,1,0.830075,1
near_residual,2028,0,0.000000,0.512214,2,3,1,0.830075,1
near_residual,2074,0,0.000000,0.512214,0,0,1,2.000000,1
near_residual,2074,0,0.000000,0.512214,0,1,1,2.000000,1
near_residual,2074,0,0.000000,0.512214,0,2,0,0.000000,0
near_residual,2074,0,0.000000,0.512214,0,3,0,0.000000,0
near_residual,2074,0,0.000000,0.512214,1,0,0,0.000000,0
near_residual,2074,0,0.000000,0.512214,1,1,1,0.415037,1
near_residual,2074,0,0.000000,0.512214,1,2,0,0.000000,0
near_residual,2074,0,0.000000,0.512214,1,3,1,2.000000,1
near_residual,2074,0,0.000000,0.512214,2,0,1,0.830075,1
near_residual,2074,0,0.000000,0.512214,2,1,0,0.000000,0
near_residual,2074,0,0.000000,0.512214,2,2,1,0.830075,1
near_residual,2074,0,0.000000,0.512214,2,3,0,0.000000,0
near_residual,2087,1,0.830075,0.398069,0,0,1,0.830075,0
near_residual,2087,1,0.830075,0.398069,0,1,1,1.000000,0
near_residual,2087,1,0.830075,0.398069,0,2,1,0.415037,0
near_residual,2087,1,0.830075,0.398069,0,3,0,0.000000,1
near_residual,2087,1,0.830075,0.398069,1,0,0,0.000000,1
near_residual,2087,1,0.830075,0.398069,1,1,0,0.000000,1
near_residual,2087,1,0.830075,0.398069,1,2,1,0.830075,0
near_residual,2087,1,0.830075,0.398069,1,3,1,0.415037,0
near_residual,2087,1,0.830075,0.398069,2,0,1,0.830075,0
near_residual,2087,1,0.830075,0.398069,2,1,1,0.830075,0
near_residual,2087,1,0.830075,0.398069,2,2,1,0.830075,0
near_residual,2087,1,0.830075,0.398069,2,3,0,0.000000,1
near_residual,2088,1,0.830075,0.398069,0,0,1,0.830075,0
near_residual,2088,1,0.830075,0.398069,0,1,1,0.415037,0
near_residual,2088,1,0.830075,0.398069,0,2,0,0.000000,1
near_residual,2088,1,0.830075,0.398069,0,3,0,0.000000,1
near_residual,2088,1,0.830075,0.398069,1,0,1,0.415037,0
near_residual,2088,1,0.830075,0.398069,1,1,0,0.000000,1
near_residual,2088,1,0.830075,0.398069,1,2,1,0.830075,0
near_residual,2088,1,0.830075,0.398069,1,3,1,1.000000,0
near_residual,2088,1,0.830075,0.398069,2,0,1,0.830075,0
near_residual,2088,1,0.830075,0.398069,2,1,1,0.830075,0
near_residual,2088,1,0.830075,0.398069,2,2,1,0.830075,0
near_residual,2088,1,0.830075,0.398069,2,3,0,0.000000,1
near_residual,2103,0,0.000000,0.512214,0,0,1,0.415037,1
near_residual,2103,0,0.000000,0.512214,0,1,1,2.000000,1
near_residual,2103,0,0.000000,0.512214,0,2,0,0.000000,0
near_residual,2103,0,0.000000,0.512214,0,3,0,0.000000,0
near_residual,2103,0,0.000000,0.512214,1,0,1,0.830075,1
near_residual,2103,0,0.000000,0.512214,1,1,0,0.000000,0
near_residual,2103,0,0.000000,0.512214,1,2,1,0.830075,1
near_residual,2103,0,0.000000,0.512214,1,3,1,0.830075,1
near_residual,2103,0,0.000000,0.512214,2,0,1,0.415037,1
near_residual,2103,0,0.000000,0.512214,2,1,1,0.415037,1
near_residual,2103,0,0.000000,0.512214,2,2,0,0.000000,0
near_residual,2103,0,0.000000,0.512214,2,3,0,0.000000,0
near_residual,2120,1,0.830075,0.398069,0,0,1,0.830075,0
near_residual,2120,1,0.830075,0.398069,0,1,1,0.830075,0
near_residual,2120,1,0.830075,0.398069,0,2,1,0.830075,0
near_residual,2120,1,0.830075,0.398069,0,3,0,0.000000,1
near_residual,2120,1,0.830075,0.398069,1,0,1,0.415037,0
near_residual,2120,1,0.830075,0.398069,1,1,1,0.830075,0
near_residual,2120,1,0.830075,0.398069,1,2,0,0.000000,1
near_residual,2120,1,0.830075,0.398069,1,3,1,1.000000,0
near_residual,2120,1,0.830075,0.398069,2,0,1,0.830075,0
near_residual,2120,1,0.830075,0.398069,2,1,0,0.000000,1
near_residual,2120,1,0.830075,0.398069,2,2,1,0.415037,0
near_residual,2120,1,0.830075,0.398069,2,3,0,0.000000,1
near_residual,2122,0,0.000000,0.512214,0,0,1,0.415037,1
near_residual,2122,0,0.000000,0.512214,0,1,1,0.415037,1
near_residual,2122,0,0.000000,0.512214,0,2,0,0.000000,0
near_residual,2122,0,0.000000,0.512214,0,3,0,0.000000,0
near_residual,2122,0,0.000000,0.512214,1,0,0,0.000000,0
near_residual,2122,0,0.000000,0.512214,1,1,1,0.415037,1
near_residual,2122,0,0.000000,0.512214,1,2,0,0.000000,0
near_residual,2122,0,0.000000,0.512214,1,3,1,2.000000,1
near_residual,2122,0,0.000000,0.512214,2,0,1,0.830075,1
near_residual,2122,0,0.000000,0.512214,2,1,1,0.830075,1
near_residual,2122,0,0.000000,0.512214,2,2,1,0.830075,1
near_residual,2122,0,0.000000,0.512214,2,3,0,0.000000,0
near_residual,2162,1,0.830075,0.398069,0,0,1,0.830075,0
near_residual,2162,1,0.830075,0.398069,0,1,1,0.415037,0
near_residual,2162,1,0.830075,0.398069,0,2,1,1.000000,0
near_residual,2162,1,0.830075,0.398069,0,3,0,0.000000,1
near_residual,2162,1,0.830075,0.398069,1,0,1,0.830075,0
near_residual,2162,1,0.830075,0.398069,1,1,1,0.830075,0
near_residual,2162,1,0.830075,0.398069,1,2,1,0.830075,0
near_residual,2162,1,0.830075,0.398069,1,3,0,0.000000,1
near_residual,2162,1,0.830075,0.398069,2,0,0,0.000000,1
near_residual,2162,1,0.830075,0.398069,2,1,0,0.000000,1
near_residual,2162,1,0.830075,0.398069,2,2,1,0.830075,0
near_residual,2162,1,0.830075,0.398069,2,3,1,0.415037,0
near_residual,2163,0,0.000000,0.512214,0,0,1,0.415037,1
near_residual,2163,0,0.000000,0.512214,0,1,0,0.000000,0
near_residual,2163,0,0.000000,0.512214,0,2,1,2.000000,1
near_residual,2163,0,0.000000,0.512214,0,3,0,0.000000,0
near_residual,2163,0,0.000000,0.512214,1,0,1,0.415037,1
near_residual,2163,0,0.000000,0.512214,1,1,1,0.415037,1
near_residual,2163,0,0.000000,0.512214,1,2,0,0.000000,0
near_residual,2163,0,0.000000,0.512214,1,3,0,0.000000,0
near_residual,2163,0,0.000000,0.512214,2,0,1,0.830075,1
near_residual,2163,0,0.000000,0.512214,2,1,0,0.000000,0
near_residual,2163,0,0.000000,0.512214,2,2,1,0.830075,1
near_residual,2163,0,0.000000,0.512214,2,3,1,0.830075,1
near_residual,2178,1,0.830075,0.398069,0,0,1,0.830075,0
near_residual,2178,1,0.830075,0.398069,0,1,0,0.000000,1
near_residual,2178,1,0.830075,0.398069,0,2,1,0.415037,0
near_residual,2178,1,0.830075,0.398069,0,3,0,0.000000,1
near_residual,2178,1,0.830075,0.398069,1,0,1,0.830075,0
near_residual,2178,1,0.830075,0.398069,1,1,1,0.830075,0
near_residual,2178,1,0.830075,0.398069,1,2,1,0.830075,0
near_residual,2178,1,0.830075,0.398069,1,3,0,0.000000,1
near_residual,2178,1,0.830075,0.398069,2,0,1,0.415037,0
near_residual,2178,1,0.830075,0.398069,2,1,0,0.000000,1
near_residual,2178,1,0.830075,0.398069,2,2,1,0.830075,0
near_residual,2178,1,0.830075,0.398069,2,3,1,1.000000,0
near_residual,2180,1,0.830075,0.398069,0,0,1,0.830075,0
near_residual,2180,1,0.830075,0.398069,0,1,1,0.830075,0
near_residual,2180,1,0.830075,0.398069,0,2,1,0.830075,0
near_residual,2180,1,0.830075,0.398069,0,3,0,0.000000,1
near_residual,2180,1,0.830075,0.398069,1,0,1,0.830075,0
near_residual,2180,1,0.830075,0.398069,1,1,0,0.000000,1
near_residual,2180,1,0.830075,0.398069,1,2,1,0.415037,0
near_residual,2180,1,0.830075,0.398069,1,3,0,0.000000,1
near_residual,2180,1,0.830075,0.398069,2,0,1,0.415037,0
near_residual,2180,1,0.830075,0.398069,2,1,1,0.830075,0
near_residual,2180,1,0.830075,0.398069,2,2,0,0.000000,1
near_residual,2180,1,0.830075,0.398069,2,3,1,1.000000,0
near_residual,2209,0,0.000000,0.512214,0,0,1,2.000000,1
near_residual,2209,0,0.000000,0.512214,0,1,0,0.000000,0
near_residual,2209,0,0.000000,0.512214,0,2,1,2.000000,1
near_residual,2209,0,0.000000,0.512214,0,3,0,0.000000,0
near_residual,2209,0,0.000000,0.512214,1,0,1,0.830075,1
near_residual,2209,0,0.000000,0.512214,1,1,0,0.000000,0
near_residual,2209,0,0.000000,0.512214,1,2,1,0.830075,1
near_residual,2209,0,0.000000,0.512214,1,3,0,0.000000,0
near_residual,2209,0,0.000000,0.512214,2,0,0,0.000000,0
near_residual,2209,0,0.000000,0.512214,2,1,1,0.415037,1
near_residual,2209,0,0.000000,0.512214,2,2,0,0.000000,0
near_residual,2209,0,0.000000,0.512214,2,3,1,2.000000,1
near_residual,2212,0,0.000000,0.512214,0,0,1,0.415037,1
near_residual,2212,0,0.000000,0.512214,0,1,0,0.000000,0
near_residual,2212,0,0.000000,0.512214,0,2,1,0.415037,1
near_residual,2212,0,0.000000,0.512214,0,3,0,0.000000,0
near_residual,2212,0,0.000000,0.512214,1,0,1,0.830075,1
near_residual,2212,0,0.000000,0.512214,1,1,1,0.830075,1
near_residual,2212,0,0.000000,0.512214,1,2,1,0.830075,1
near_residual,2212,0,0.000000,0.512214,1,3,0,0.000000,0
near_residual,2212,0,0.000000,0.512214,2,0,0,0.000000,0
near_residual,2212,0,0.000000,0.512214,2,1,1,0.415037,1
near_residual,2212,0,0.000000,0.512214,2,2,0,0.000000,0
near_residual,2212,0,0.000000,0.512214,2,3,1,2.000000,1
near_residual,2253,0,0.000000,0.512214,0,0,1,2.000000,1
near_residual,2253,0,0.000000,0.512214,0,1,1,0.415037,1
near_residual,2253,0,0.000000,0.512214,0,2,0,0.000000,0
near_residual,2253,0,0.000000,0.512214,0,3,0,0.000000,0
near_residual,2253,0,0.000000,0.512214,1,0,0,0.000000,0
near_residual,2253,0,0.000000,0.512214,1,1,0,0.000000,0
near_residual,2253,0,0.000000,0.512214,1,2,1,0.830075,1
near_residual,2253,0,0.000000,0.512214,1,3,1,0.830075,1
near_residual,2253,0,0.000000,0.512214,2,0,0,0.000000,0
near_residual,2253,0,0.000000,0.512214,2,1,0,0.000000,0
near_residual,2253,0,0.000000,0.512214,2,2,1,2.000000,1
near_residual,2253,0,0.000000,0.512214,2,3,1,2.000000,1
near_residual,2268,0,0.000000,0.512214,0,0,1,2.000000,1
near_residual,2268,0,0.000000,0.512214,0,1,0,0.000000,0
near_residual,2268,0,0.000000,0.512214,0,2,1,0.415037,1
near_residual,2268,0,0.000000,0.512214,0,3,0,0.000000,0
near_residual,2268,0,0.000000,0.512214,1,0,0,0.000000,0
near_residual,2268,0,0.000000,0.512214,1,1,0,0.000000,0
near_residual,2268,0,0.000000,0.512214,1,2,1,2.000000,1
near_residual,2268,0,0.000000,0.512214,1,3,1,2.000000,1
near_residual,2268,0,0.000000,0.512214,2,0,0,0.000000,0
near_residual,2268,0,0.000000,0.512214,2,1,0,0.000000,0
near_residual,2268,0,0.000000,0.512214,2,2,1,0.830075,1
near_residual,2268,0,0.000000,0.512214,2,3,1,0.830075,1
near_residual,2605,0,0.000000,0.512214,0,0,1,0.830075,1
near_residual,2605,0,0.000000,0.512214,0,1,0,0.000000,0
near_residual,2605,0,0.000000,0.512214,0,2,1,0.830075,1
near_residual,2605,0,0.000000,0.512214,0,3,1,0.830075,1
near_residual,2605,0,0.000000,0.512214,1,0,1,0.415037,1
near_residual,2605,0,0.000000,0.512214,1,1,0,0.000000,0
near_residual,2605,0,0.000000,0.512214,1,2,1,0.415037,1
near_residual,2605,0,0.000000,0.512214,1,3,0,0.000000,0
near_residual,2605,0,0.000000,0.512214,2,0,0,0.000000,0
near_residual,2605,0,0.000000,0.512214,2,1,0,0.000000,0
near_residual,2605,0,0.000000,0.512214,2,2,1,0.415037,1
near_residual,2605,0,0.000000,0.512214,2,3,1,2.000000,1
near_residual,2606,0,0.000000,0.512214,0,0,1,0.830075,1
near_residual,2606,0,0.000000,0.512214,0,1,0,0.000000,0
near_residual,2606,0,0.000000,0.512214,0,2,1,0.830075,1
near_residual,2606,0,0.000000,0.512214,0,3,0,0.000000,0
near_residual,2606,0,0.000000,0.512214,1,0,1,2.000000,1
near_residual,2606,0,0.000000,0.512214,1,1,0,0.000000,0
near_residual,2606,0,0.000000,0.512214,1,2,1,2.000000,1
near_residual,2606,0,0.000000,0.512214,1,3,0,0.000000,0
near_residual,2606,0,0.000000,0.512214,2,0,0,0.000000,0
near_residual,2606,0,0.000000,0.512214,2,1,0,0.000000,0
near_residual,2606,0,0.000000,0.512214,2,2,1,0.415037,1
near_residual,2606,0,0.000000,0.512214,2,3,1,2.000000,1
near_residual,2689,0,0.000000,0.541414,0,0,1,0.830075,1
near_residual,2689,0,0.000000,0.541414,0,1,0,0.000000,0
near_residual,2689,0,0.000000,0.541414,0,2,1,0.830075,1
near_residual,2689,0,0.000000,0.541414,0,3,0,0.000000,0
near_residual,2689,0,0.000000,0.541414,1,0,1,2.000000,1
near_residual,2689,0,0.000000,0.541414,1,1,0,0.000000,0
near_residual,2689,0,0.000000,0.541414,1,2,1,2.000000,1
near_residual,2689,0,0.000000,0.541414,1,3,0,0.000000,0
near_residual,2689,0,0.000000,0.541414,2,0,0,0.000000,0
near_residual,2689,0,0.000000,0.541414,2,1,0,0.000000,0
near_residual,2689,0,0.000000,0.541414,2,2,1,0.415037,1
near_residual,2689,0,0.000000,0.541414,2,3,1,2.000000,1
near_residual,2690,0,0.000000,0.541414,0,0,1,0.830075,1
near_residual,2690,0,0.000000,0.541414,0,1,1,0.830075,1
near_residual,2690,0,0.000000,0.541414,0,2,1,0.830075,1
near_residual,2690,0,0.000000,0.541414,0,3,0,0.000000,0
near_residual,2690,0,0.000000,0.541414,1,0,1,0.415037,1
near_residual,2690,0,0.000000,0.541414,1,1,0,0.000000,0
near_residual,2690,0,0.000000,0.541414,1,2,1,0.415037,1
near_residual,2690,0,0.000000,0.541414,1,3,0,0.000000,0
near_residual,2690,0,0.000000,0.541414,2,0,0,0.000000,0
near_residual,2690,0,0.000000,0.541414,2,1,0,0.000000,0
near_residual,2690,0,0.000000,0.541414,2,2,1,0.415037,1
near_residual,2690,0,0.000000,0.541414,2,3,1,2.000000,1
near_residual,2740,0,0.000000,0.541414,0,0,1,0.830075,1
near_residual,2740,0,0.000000,0.541414,0,1,1,0.830075,1
near_residual,2740,0,0.000000,0.541414,0,2,0,0.000000,0
near_residual,2740,0,0.000000,0.541414,0,3,1,0.830075,1
near_residual,2740,0,0.000000,0.541414,1,0,0,0.000000,0
near_residual,2740,0,0.000000,0.541414,1,1,1,0.415037,1
near_residual,2740,0,0.000000,0.541414,1,2,0,0.000000,0
near_residual,2740,0,0.000000,0.541414,1,3,1,0.415037,1
near_residual,2740,0,0.000000,0.541414,2,0,1,2.000000,1
near_residual,2740,0,0.000000,0.541414,2,1,1,0.415037,1
near_residual,2740,0,0.000000,0.541414,2,2,0,0.000000,0
near_residual,2740,0,0.000000,0.541414,2,3,0,0.000000,0
near_residual,2744,0,0.000000,0.541414,0,0,0,0.000000,0
near_residual,2744,0,0.000000,0.541414,0,1,1,0.830075,1
near_residual,2744,0,0.000000,0.541414,0,2,0,0.000000,0
near_residual,2744,0,0.000000,0.541414,0,3,1,0.830075,1
near_residual,2744,0,0.000000,0.541414,1,0,0,0.000000,0
near_residual,2744,0,0.000000,0.541414,1,1,1,2.000000,1
near_residual,2744,0,0.000000,0.541414,1,2,0,0.000000,0
near_residual,2744,0,0.000000,0.541414,1,3,1,2.000000,1
near_residual,2744,0,0.000000,0.541414,2,0,1,2.000000,1
near_residual,2744,0,0.000000,0.541414,2,1,1,0.415037,1
near_residual,2744,0,0.000000,0.541414,2,2,0,0.000000,0
near_residual,2744,0,0.000000,0.541414,2,3,0,0.000000,0
near_residual,2791,0,0.000000,0.541414,0,0,0,0.000000,0
near_residual,2791,0,0.000000,0.541414,0,1,1,0.830075,1
near_residual,2791,0,0.000000,0.541414,0,2,0,0.000000,0
near_residual,2791,0,0.000000,0.541414,0,3,1,0.830075,1
near_residual,2791,0,0.000000,0.541414,1,0,0,0.000000,0
near_residual,2791,0,0.000000,0.541414,1,1,1,2.000000,1
near_residual,2791,0,0.000000,0.541414,1,2,0,0.000000,0
near_residual,2791,0,0.000000,0.541414,1,3,1,2.000000,1
near_residual,2791,0,0.000000,0.541414,2,0,1,2.000000,1
near_residual,2791,0,0.000000,0.541414,2,1,1,0.415037,1
near_residual,2791,0,0.000000,0.541414,2,2,0,0.000000,0
near_residual,2791,0,0.000000,0.541414,2,3,0,0.000000,0
near_residual,2795,0,0.000000,0.541414,0,0,0,0.000000,0
near_residual,2795,0,0.000000,0.541414,0,1,1,0.830075,1
near_residual,2795,0,0.000000,0.541414,0,2,1,0.830075,1
near_residual,2795,0,0.000000,0.541414,0,3,1,0.830075,1
near_residual,2795,0,0.000000,0.541414,1,0,0,0.000000,0
near_residual,2795,0,0.000000,0.541414,1,1,1,0.415037,1
near_residual,2795,0,0.000000,0.541414,1,2,0,0.000000,0
near_residual,2795,0,0.000000,0.541414,1,3,1,0.415037,1
near_residual,2795,0,0.000000,0.541414,2,0,1,2.000000,1
near_residual,2795,0,0.000000,0.541414,2,1,1,0.415037,1
near_residual,2795,0,0.000000,0.541414,2,2,0,0.000000,0
near_residual,2795,0,0.000000,0.541414,2,3,0,0.000000,0
near_residual,2835,0,0.000000,0.541414,0,0,0,0.000000,0
near_residual,2835,0,0.000000,0.541414,0,1,1,2.000000,1
near_residual,2835,0,0.000000,0.541414,0,2,0,0.000000,0
near_residual,2835,0,0.000000,0.541414,0,3,1,0.415037,1
near_residual,2835,0,0.000000,0.541414,1,0,0,0.000000,0
near_residual,2835,0,0.000000,0.541414,1,1,0,0.000000,0
near_residual,2835,0,0.000000,0.541414,1,2,1,2.000000,1
near_residual,2835,0,0.000000,0.541414,1,3,1,2.000000,1
near_residual,2835,0,0.000000,0.541414,2,0,1,0.830075,1
near_residual,2835,0,0.000000,0.541414,2,1,1,0.830075,1
near_residual,2835,0,0.000000,0.541414,2,2,0,0.000000,0
near_residual,2835,0,0.000000,0.541414,2,3,0,0.000000,0
near_residual,2875,0,0.000000,0.541414,0,0,1,0.415037,1
near_residual,2875,0,0.000000,0.541414,0,1,1,2.000000,1
near_residual,2875,0,0.000000,0.541414,0,2,0,0.000000,0
near_residual,2875,0,0.000000,0.541414,0,3,0,0.000000,0
near_residual,2875,0,0.000000,0.541414,1,0,0,0.000000,0
near_residual,2875,0,0.000000,0.541414,1,1,0,0.000000,0
near_residual,2875,0,0.000000,0.541414,1,2,1,0.830075,1
near_residual,2875,0,0.000000,0.541414,1,3,1,0.830075,1
near_residual,2875,0,0.000000,0.541414,2,0,1,2.000000,1
near_residual,2875,0,0.000000,0.541414,2,1,1,2.000000,1
near_residual,2875,0,0.000000,0.541414,2,2,0,0.000000,0
near_residual,2875,0,0.000000,0.541414,2,3,0,0.000000,0
near_residual,2884,1,0.830075,0.434076,0,0,1,0.415037,0
near_residual,2884,1,0.830075,0.434076,0,1,1,0.830075,0
near_residual,2884,1,0.830075,0.434076,0,2,0,0.000000,1
near_residual,2884,1,0.830075,0.434076,0,3,1,1.000000,0
near_residual,2884,1,0.830075,0.434076,1,0,1,0.830075,0
near_residual,2884,1,0.830075,0.434076,1,1,1,0.830075,0
near_residual,2884,1,0.830075,0.434076,1,2,0,0.000000,1
near_residual,2884,1,0.830075,0.434076,1,3,1,0.830075,0
near_residual,2884,1,0.830075,0.434076,2,0,1,0.415037,0
near_residual,2884,1,0.830075,0.434076,2,1,1,0.830075,0
near_residual,2884,1,0.830075,0.434076,2,2,0,0.000000,1
near_residual,2884,1,0.830075,0.434076,2,3,0,0.000000,1
near_residual,2892,0,0.000000,0.541414,0,0,0,0.000000,0
near_residual,2892,0,0.000000,0.541414,0,1,1,0.415037,1
near_residual,2892,0,0.000000,0.541414,0,2,0,0.000000,0
near_residual,2892,0,0.000000,0.541414,0,3,1,2.000000,1
near_residual,2892,0,0.000000,0.541414,1,0,1,0.415037,1
near_residual,2892,0,0.000000,0.541414,1,1,1,0.415037,1
near_residual,2892,0,0.000000,0.541414,1,2,0,0.000000,0
near_residual,2892,0,0.000000,0.541414,1,3,0,0.000000,0
near_residual,2892,0,0.000000,0.541414,2,0,1,0.830075,1
near_residual,2892,0,0.000000,0.541414,2,1,1,0.830075,1
near_residual,2892,0,0.000000,0.541414,2,2,0,0.000000,0
near_residual,2892,0,0.000000,0.541414,2,3,1,0.830075,1
near_residual,2929,1,0.830075,0.434076,0,0,1,0.830075,0
near_residual,2929,1,0.830075,0.434076,0,1,1,0.830075,0
near_residual,2929,1,0.830075,0.434076,0,2,0,0.000000,1
near_residual,2929,1,0.830075,0.434076,0,3,1,0.830075,0
near_residual,2929,1,0.830075,0.434076,1,0,1,0.830075,0
near_residual,2929,1,0.830075,0.434076,1,1,1,0.415037,0
near_residual,2929,1,0.830075,0.434076,1,2,1,1.000000,0
near_residual,2929,1,0.830075,0.434076,1,3,0,0.000000,1
near_residual,2929,1,0.830075,0.434076,2,0,0,0.000000,1
near_residual,2929,1,0.830075,0.434076,2,1,1,0.415037,0
near_residual,2929,1,0.830075,0.434076,2,2,0,0.000000,1
near_residual,2929,1,0.830075,0.434076,2,3,1,0.830075,0
near_residual,2933,0,0.000000,0.541414,0,0,1,0.415037,1
near_residual,2933,0,0.000000,0.541414,0,1,1,0.415037,1
near_residual,2933,0,0.000000,0.541414,0,2,0,0.000000,0
near_residual,2933,0,0.000000,0.541414,0,3,0,0.000000,0
near_residual,2933,0,0.000000,0.541414,1,0,1,0.415037,1
near_residual,2933,0,0.000000,0.541414,1,1,0,0.000000,0
near_residual,2933,0,0.000000,0.541414,1,2,1,2.000000,1
near_residual,2933,0,0.000000,0.541414,1,3,0,0.000000,0
near_residual,2933,0,0.000000,0.541414,2,0,0,0.000000,0
near_residual,2933,0,0.000000,0.541414,2,1,1,0.830075,1
near_residual,2933,0,0.000000,0.541414,2,2,1,0.830075,1
near_residual,2933,0,0.000000,0.541414,2,3,1,0.830075,1
near_residual,2978,0,0.000000,0.541414,0,0,0,0.000000,0
near_residual,2978,0,0.000000,0.541414,0,1,1,0.415037,1
near_residual,2978,0,0.000000,0.541414,0,2,0,0.000000,0
near_residual,2978,0,0.000000,0.541414,0,3,1,0.415037,1
near_residual,2978,0,0.000000,0.541414,1,0,1,0.830075,1
near_residual,2978,0,0.000000,0.541414,1,1,1,0.830075,1
near_residual,2978,0,0.000000,0.541414,1,2,0,0.000000,0
near_residual,2978,0,0.000000,0.541414,1,3,1,0.830075,1
near_residual,2978,0,0.000000,0.541414,2,0,1,2.000000,1
near_residual,2978,0,0.000000,0.541414,2,1,0,0.000000,0
near_residual,2978,0,0.000000,0.541414,2,2,1,0.415037,1
near_residual,2978,0,0.000000,0.541414,2,3,0,0.000000,0
near_residual,2984,0,0.000000,0.541414,0,0,0,0.000000,0
near_residual,2984,0,0.000000,0.541414,0,1,1,2.000000,1
near_residual,2984,0,0.000000,0.541414,0,2,0,0.000000,0
near_residual,2984,0,0.000000,0.541414,0,3,1,2.000000,1
near_residual,2984,0,0.000000,0.541414,1,0,0,0.000000,0
near_residual,2984,0,0.000000,0.541414,1,1,1,0.830075,1
near_residual,2984,0,0.000000,0.541414,1,2,0,0.000000,0
near_residual,2984,0,0.000000,0.541414,1,3,1,0.830075,1
near_residual,2984,0,0.000000,0.541414,2,0,1,2.000000,1
near_residual,2984,0,0.000000,0.541414,2,1,0,0.000000,0
near_residual,2984,0,0.000000,0.541414,2,2,1,0.415037,1
near_residual,2984,0,0.000000,0.541414,2,3,0,0.000000,0
near_residual,2994,1,0.830075,0.434076,0,0,1,0.830075,0
near_residual,2994,1,0.830075,0.434076,0,1,1,0.830075,0
near_residual,2994,1,0.830075,0.434076,0,2,0,0.000000,1
near_residual,2994,1,0.830075,0.434076,0,3,1,0.830075,0
near_residual,2994,1,0.830075,0.434076,1,0,0,0.000000,1
near_residual,2994,1,0.830075,0.434076,1,1,1,0.830075,0
near_residual,2994,1,0.830075,0.434076,1,2,0,0.000000,1
near_residual,2994,1,0.830075,0.434076,1,3,1,0.415037,0
near_residual,2994,1,0.830075,0.434076,2,0,1,1.000000,0
near_residual,2994,1,0.830075,0.434076,2,1,0,0.000000,1
near_residual,2994,1,0.830075,0.434076,2,2,1,0.830075,0
near_residual,2994,1,0.830075,0.434076,2,3,1,0.415037,0
near_residual,2996,1,0.830075,0.434076,0,0,0,0.000000,1
near_residual,2996,1,0.830075,0.434076,0,1,1,0.830075,0
near_residual,2996,1,0.830075,0.434076,0,2,0,0.000000,1
near_residual,2996,1,0.830075,0.434076,0,3,1,0.415037,0
near_residual,2996,1,0.830075,0.434076,1,0,1,0.830075,0
near_residual,2996,1,0.830075,0.434076,1,1,1,0.830075,0
near_residual,2996,1,0.830075,0.434076,1,2,0,0.000000,1
near_residual,2996,1,0.830075,0.434076,1,3,1,0.830075,0
near_residual,2996,1,0.830075,0.434076,2,0,1,1.000000,0
near_residual,2996,1,0.830075,0.434076,2,1,1,0.830075,0
near_residual,2996,1,0.830075,0.434076,2,2,0,0.000000,1
near_residual,2996,1,0.830075,0.434076,2,3,1,0.415037,0
near_residual,3022,0,0.000000,0.541414,0,0,1,2.000000,1
near_residual,3022,0,0.000000,0.541414,0,1,1,0.415037,1
near_residual,3022,0,0.000000,0.541414,0,2,0,0.000000,0
near_residual,3022,0,0.000000,0.541414,0,3,0,0.000000,0
near_residual,3022,0,0.000000,0.541414,1,0,0,0.000000,0
near_residual,3022,0,0.000000,0.541414,1,1,1,0.830075,1
near_residual,3022,0,0.000000,0.541414,1,2,1,0.830075,1
near_residual,3022,0,0.000000,0.541414,1,3,1,0.830075,1
near_residual,3022,0,0.000000,0.541414,2,0,0,0.000000,0
near_residual,3022,0,0.000000,0.541414,2,1,0,0.000000,0
near_residual,3022,0,0.000000,0.541414,2,2,1,0.415037,1
near_residual,3022,0,0.000000,0.541414,2,3,1,0.415037,1
near_residual,3029,0,0.000000,0.541414,0,0,1,2.000000,1
near_residual,3029,0,0.000000,0.541414,0,1,1,2.000000,1
near_residual,3029,0,0.000000,0.541414,0,2,0,0.000000,0
near_residual,3029,0,0.000000,0.541414,0,3,0,0.000000,0
near_residual,3029,0,0.000000,0.541414,1,0,1,0.415037,1
near_residual,3029,0,0.000000,0.541414,1,1,0,0.000000,0
near_residual,3029,0,0.000000,0.541414,1,2,1,2.000000,1
near_residual,3029,0,0.000000,0.541414,1,3,0,0.000000,0
near_residual,3029,0,0.000000,0.541414,2,0,0,0.000000,0
near_residual,3029,0,0.000000,0.541414,2,1,1,0.830075,1
near_residual,3029,0,0.000000,0.541414,2,2,0,0.000000,0
near_residual,3029,0,0.000000,0.541414,2,3,1,0.830075,1
near_residual,3041,1,0.830075,0.434076,0,0,1,0.415037,0
near_residual,3041,1,0.830075,0.434076,0,1,1,0.830075,0
near_residual,3041,1,0.830075,0.434076,0,2,0,0.000000,1
near_residual,3041,1,0.830075,0.434076,0,3,0,0.000000,1
near_residual,3041,1,0.830075,0.434076,1,0,0,0.000000,1
near_residual,3041,1,0.830075,0.434076,1,1,1,0.415037,0
near_residual,3041,1,0.830075,0.434076,1,2,1,1.000000,0
near_residual,3041,1,0.830075,0.434076,1,3,1,0.830075,0
near_residual,3041,1,0.830075,0.434076,2,0,0,0.000000,1
near_residual,3041,1,0.830075,0.434076,2,1,1,0.830075,0
near_residual,3041,1,0.830075,0.434076,2,2,1,0.830075,0
near_residual,3041,1,0.830075,0.434076,2,3,1,0.830075,0
near_residual,3054,1,0.830075,0.434076,0,0,1,1.000000,0
near_residual,3054,1,0.830075,0.434076,0,1,1,0.830075,0
near_residual,3054,1,0.830075,0.434076,0,2,0,0.000000,1
near_residual,3054,1,0.830075,0.434076,0,3,1,0.415037,0
near_residual,3054,1,0.830075,0.434076,1,0,0,0.000000,1
near_residual,3054,1,0.830075,0.434076,1,1,0,0.000000,1
near_residual,3054,1,0.830075,0.434076,1,2,1,0.415037,0
near_residual,3054,1,0.830075,0.434076,1,3,1,0.830075,0
near_residual,3054,1,0.830075,0.434076,2,0,0,0.000000,1
near_residual,3054,1,0.830075,0.434076,2,1,1,0.830075,0
near_residual,3054,1,0.830075,0.434076,2,2,1,0.830075,0
near_residual,3054,1,0.830075,0.434076,2,3,1,0.830075,0
near_residual,3096,0,0.000000,0.541414,0,0,1,0.830075,1
near_residual,3096,0,0.000000,0.541414,0,1,1,0.830075,1
near_residual,3096,0,0.000000,0.541414,0,2,0,0.000000,0
near_residual,3096,0,0.000000,0.541414,0,3,0,0.000000,0
near_residual,3096,0,0.000000,0.541414,1,0,0,0.000000,0
near_residual,3096,0,0.000000,0.541414,1,1,0,0.000000,0
near_residual,3096,0,0.000000,0.541414,1,2,1,0.415037,1
near_residual,3096,0,0.000000,0.541414,1,3,1,2.000000,1
near_residual,3096,0,0.000000,0.541414,2,0,1,2.000000,1
near_residual,3096,0,0.000000,0.541414,2,1,0,0.000000,0
near_residual,3096,0,0.000000,0.541414,2,2,1,2.000000,1
near_residual,3096,0,0.000000,0.541414,2,3,0,0.000000,0
near_residual,3112,0,0.000000,0.541414,0,0,1,0.830075,1
near_residual,3112,0,0.000000,0.541414,0,1,1,0.830075,1
near_residual,3112,0,0.000000,0.541414,0,2,1,0.830075,1
near_residual,3112,0,0.000000,0.541414,0,3,0,0.000000,0
near_residual,3112,0,0.000000,0.541414,1,0,0,0.000000,0
near_residual,3112,0,0.000000,0.541414,1,1,0,0.000000,0
near_residual,3112,0,0.000000,0.541414,1,2,1,0.415037,1
near_residual,3112,0,0.000000,0.541414,1,3,1,2.000000,1
near_residual,3112,0,0.000000,0.541414,2,0,1,0.415037,1
near_residual,3112,0,0.000000,0.541414,2,1,0,0.000000,0
near_residual,3112,0,0.000000,0.541414,2,2,1,0.415037,1
near_residual,3112,0,0.000000,0.541414,2,3,0,0.000000,0
near_residual,3140,1,0.415037,0.457843,0,0,1,0.830075,0
near_residual,3140,1,0.415037,0.457843,0,1,0,0.000000,1
near_residual,3140,1,0.415037,0.457843,0,2,1,0.830075,0
near_residual,3140,1,0.415037,0.457843,0,3,1,0.830075,0
near_residual,3140,1,0.415037,0.457843,1,0,1,2.000000,0
near_residual,3140,1,0.415037,0.457843,1,1,1,0.415037,0
near_residual,3140,1,0.415037,0.457843,1,2,0,0.000000,1
near_residual,3140,1,0.415037,0.457843,1,3,0,0.000000,1
near_residual,3140,1,0.415037,0.457843,2,0,0,0.000000,1
near_residual,3140,1,0.415037,0.457843,2,1,1,0.415037,0
near_residual,3140,1,0.415037,0.457843,2,2,0,0.000000,1
near_residual,3140,1,0.415037,0.457843,2,3,1,0.415037,0
near_residual,3147,0,0.000000,0.541414,0,0,1,0.830075,1
near_residual,3147,0,0.000000,0.541414,0,1,0,0.000000,0
near_residual,3147,0,0.000000,0.541414,0,2,1,0.830075,1
near_residual,3147,0,0.000000,0.541414,0,3,1,0.830075,1
near_residual,3147,0,0.000000,0.541414,1,0,1,2.000000,1
near_residual,3147,0,0.000000,0.541414,1,1,1,0.415037,1
near_residual,3147,0,0.000000,0.541414,1,2,0,0.000000,0
near_residual,3147,0,0.000000,0.541414,1,3,0,0.000000,0
near_residual,3147,0,0.000000,0.541414,2,0,0,0.000000,0
near_residual,3147,0,0.000000,0.541414,2,1,1,0.415037,1
near_residual,3147,0,0.000000,0.541414,2,2,0,0.000000,0
near_residual,3147,0,0.000000,0.541414,2,3,1,0.415037,1
near_residual,3185,1,0.830075,0.457843,0,0,0,0.000000,1
near_residual,3185,1,0.830075,0.457843,0,1,0,0.000000,1
near_residual,3185,1,0.830075,0.457843,0,2,0,0.000000,1
near_residual,3185,1,0.830075,0.457843,0,3,1,0.830075,0
near_residual,3185,1,0.830075,0.457843,1,0,1,2.000000,0
near_residual,3185,1,0.830075,0.457843,1,1,1,0.415037,0
near_residual,3185,1,0.830075,0.457843,1,2,0,0.000000,1
near_residual,3185,1,0.830075,0.457843,1,3,0,0.000000,1
near_residual,3185,1,0.830075,0.457843,2,0,0,0.000000,1
near_residual,3185,1,0.830075,0.457843,2,1,1,2.000000,0
near_residual,3185,1,0.830075,0.457843,2,2,0,0.000000,1
near_residual,3185,1,0.830075,0.457843,2,3,1,2.000000,0
near_residual,3198,0,0.000000,0.541414,0,0,0,0.000000,0
near_residual,3198,0,0.000000,0.541414,0,1,0,0.000000,0
near_residual,3198,0,0.000000,0.541414,0,2,1,0.830075,1
near_residual,3198,0,0.000000,0.541414,0,3,1,0.830075,1
near_residual,3198,0,0.000000,0.541414,1,0,1,2.000000,1
near_residual,3198,0,0.000000,0.541414,1,1,1,0.415037,1
near_residual,3198,0,0.000000,0.541414,1,2,0,0.000000,0
near_residual,3198,0,0.000000,0.541414,1,3,0,0.000000,0
near_residual,3198,0,0.000000,0.541414,2,0,0,0.000000,0
near_residual,3198,0,0.000000,0.541414,2,1,1,2.000000,1
near_residual,3198,0,0.000000,0.541414,2,2,0,0.000000,0
near_residual,3198,0,0.000000,0.541414,2,3,1,2.000000,1
near_residual,3204,1,0.830075,0.457843,0,0,0,0.000000,1
near_residual,3204,1,0.830075,0.457843,0,1,0,0.000000,1
near_residual,3204,1,0.830075,0.457843,0,2,1,0.830075,0
near_residual,3204,1,0.830075,0.457843,0,3,0,0.000000,1
near_residual,3204,1,0.830075,0.457843,1,0,1,2.000000,0
near_residual,3204,1,0.830075,0.457843,1,1,1,0.415037,0
near_residual,3204,1,0.830075,0.457843,1,2,0,0.000000,1
near_residual,3204,1,0.830075,0.457843,1,3,0,0.000000,1
near_residual,3204,1,0.830075,0.457843,2,0,0,0.000000,1
near_residual,3204,1,0.830075,0.457843,2,1,1,2.000000,0
near_residual,3204,1,0.830075,0.457843,2,2,0,0.000000,1
near_residual,3204,1,0.830075,0.457843,2,3,1,2.000000,0
near_residual,3211,0,0.000000,0.541414,0,0,0,0.000000,0
near_residual,3211,0,0.000000,0.541414,0,1,0,0.000000,0
near_residual,3211,0,0.000000,0.541414,0,2,1,0.830075,1
near_residual,3211,0,0.000000,0.541414,0,3,1,0.830075,1
near_residual,3211,0,0.000000,0.541414,1,0,1,2.000000,1
near_residual,3211,0,0.000000,0.541414,1,1,1,0.415037,1
near_residual,3211,0,0.000000,0.541414,1,2,0,0.000000,0
near_residual,3211,0,0.000000,0.541414,1,3,0,0.000000,0
near_residual,3211,0,0.000000,0.541414,2,0,0,0.000000,0
near_residual,3211,0,0.000000,0.541414,2,1,1,2.000000,1
near_residual,3211,0,0.000000,0.541414,2,2,0,0.000000,0
near_residual,3211,0,0.000000,0.541414,2,3,1,2.000000,1
near_residual,3249,1,0.415037,0.457843,0,0,0,0.000000,1
near_residual,3249,1,0.415037,0.457843,0,1,1,0.830075,0
near_residual,3249,1,0.415037,0.457843,0,2,1,0.830075,0
near_residual,3249,1,0.415037,0.457843,0,3,1,0.830075,0
near_residual,3249,1,0.415037,0.457843,1,0,1,2.000000,0
near_residual,3249,1,0.415037,0.457843,1,1,1,0.415037,0
near_residual,3249,1,0.415037,0.457843,1,2,0,0.000000,1
near_residual,3249,1,0.415037,0.457843,1,3,0,0.000000,1
near_residual,3249,1,0.415037,0.457843,2,0,0,0.000000,1
near_residual,3249,1,0.415037,0.457843,2,1,1,0.415037,0
near_residual,3249,1,0.415037,0.457843,2,2,0,0.000000,1
near_residual,3249,1,0.415037,0.457843,2,3,1,0.415037,0
near_residual,3262,0,0.000000,0.541414,0,0,0,0.000000,0
near_residual,3262,0,0.000000,0.541414,0,1,1,0.830075,1
near_residual,3262,0,0.000000,0.541414,0,2,1,0.830075,1
near_residual,3262,0,0.000000,0.541414,0,3,1,0.830075,1
near_residual,3262,0,0.000000,0.541414,1,0,1,2.000000,1
near_residual,3262,0,0.000000,0.541414,1,1,1,0.415037,1
near_residual,3262,0,0.000000,0.541414,1,2,0,0.000000,0
near_residual,3262,0,0.000000,0.541414,1,3,0,0.000000,0
near_residual,3262,0,0.000000,0.541414,2,0,0,0.000000,0
near_residual,3262,0,0.000000,0.541414,2,1,1,0.415037,1
near_residual,3262,0,0.000000,0.541414,2,2,0,0.000000,0
near_residual,3262,0,0.000000,0.541414,2,3,1,0.415037,1
near_residual,3282,0,0.000000,0.541414,0,0,1,0.830075,1
near_residual,3282,0,0.000000,0.541414,0,1,1,0.830075,1
near_residual,3282,0,0.000000,0.541414,0,2,0,0.000000,0
near_residual,3282,0,0.000000,0.541414,0,3,1,0.830075,1
near_residual,3282,0,0.000000,0.541414,1,0,0,0.000000,0
near_residual,3282,0,0.000000,0.541414,1,1,0,0.000000,0
near_residual,3282,0,0.000000,0.541414,1,2,1,0.415037,1
near_residual,3282,0,0.000000,0.541414,1,3,1,2.000000,1
near_residual,3282,0,0.000000,0.541414,2,0,1,0.415037,1
near_residual,3282,0,0.000000,0.541414,2,1,0,0.000000,0
near_residual,3282,0,0.000000,0.541414,2,2,1,0.415037,1
near_residual,3282,0,0.000000,0.541414,2,3,0,0.000000,0
near_residual,3293,1,0.415037,0.457843,0,0,1,0.830075,0
near_residual,3293,1,0.415037,0.457843,0,1,1,0.830075,0
near_residual,3293,1,0.415037,0.457843,0,2,0,0.000000,1
near_residual,3293,1,0.415037,0.457843,0,3,1,0.830075,0
near_residual,3293,1,0.415037,0.457843,1,0,0,0.000000,1
near_residual,3293,1,0.415037,0.457843,1,1,0,0.000000,1
near_residual,3293,1,0.415037,0.457843,1,2,1,0.415037,0
near_residual,3293,1,0.415037,0.457843,1,3,1,2.000000,0
near_residual,3293,1,0.415037,0.457843,2,0,1,0.415037,0
near_residual,3293,1,0.415037,0.457843,2,1,0,0.000000,1
near_residual,3293,1,0.415037,0.457843,2,2,1,0.415037,0
near_residual,3293,1,0.415037,0.457843,2,3,0,0.000000,1
near_residual,3298,0,0.000000,0.541414,0,0,1,0.830075,1
near_residual,3298,0,0.000000,0.541414,0,1,1,0.830075,1
near_residual,3298,0,0.000000,0.541414,0,2,0,0.000000,0
near_residual,3298,0,0.000000,0.541414,0,3,0,0.000000,0
near_residual,3298,0,0.000000,0.541414,1,0,0,0.000000,0
near_residual,3298,0,0.000000,0.541414,1,1,0,0.000000,0
near_residual,3298,0,0.000000,0.541414,1,2,1,0.415037,1
near_residual,3298,0,0.000000,0.541414,1,3,1,2.000000,1
near_residual,3298,0,0.000000,0.541414,2,0,1,2.000000,1
near_residual,3298,0,0.000000,0.541414,2,1,0,0.000000,0
near_residual,3298,0,0.000000,0.541414,2,2,1,2.000000,1
near_residual,3298,0,0.000000,0.541414,2,3,0,0.000000,0
near_residual,3309,1,0.830075,0.457843,0,0,0,0.000000,1
near_residual,3309,1,0.830075,0.457843,0,1,1,0.830075,0
near_residual,3309,1,0.830075,0.457843,0,2,0,0.000000,1
near_residual,3309,1,0.830075,0.457843,0,3,0,0.000000,1
near_residual,3309,1,0.830075,0.457843,1,0,0,0.000000,1
near_residual,3309,1,0.830075,0.457843,1,1,0,0.000000,1
near_residual,3309,1,0.830075,0.457843,1,2,1,0.415037,0
near_residual,3309,1,0.830075,0.457843,1,3,1,2.000000,0
near_residual,3309,1,0.830075,0.457843,2,0,1,2.000000,0
near_residual,3309,1,0.830075,0.457843,2,1,0,0.000000,1
near_residual,3309,1,0.830075,0.457843,2,2,1,2.000000,0
near_residual,3309,1,0.830075,0.457843,2,3,0,0.000000,1
near_residual,3349,1,0.415037,0.457843,0,0,0,0.000000,1
near_residual,3349,1,0.415037,0.457843,0,1,0,0.000000,1
near_residual,3349,1,0.415037,0.457843,0,2,1,0.415037,0
near_residual,3349,1,0.415037,0.457843,0,3,1,0.415037,0
near_residual,3349,1,0.415037,0.457843,1,0,0,0.000000,1
near_residual,3349,1,0.415037,0.457843,1,1,1,2.000000,0
near_residual,3349,1,0.415037,0.457843,1,2,0,0.000000,1
near_residual,3349,1,0.415037,0.457843,1,3,1,0.415037,0
near_residual,3349,1,0.415037,0.457843,2,0,1,0.830075,0
near_residual,3349,1,0.415037,0.457843,2,1,1,0.830075,0
near_residual,3349,1,0.415037,0.457843,2,2,1,0.830075,0
near_residual,3349,1,0.415037,0.457843,2,3,0,0.000000,1
near_residual,3351,1,0.830075,0.360836,0,0,1,0.830075,0
near_residual,3351,1,0.830075,0.360836,0,1,0,0.000000,1
near_residual,3351,1,0.830075,0.360836,0,2,1,0.830075,0
near_residual,3351,1,0.830075,0.360836,0,3,1,0.830075,0
near_residual,3351,1,0.830075,0.360836,1,0,0,0.000000,1
near_residual,3351,1,0.830075,0.360836,1,1,1,0.415037,0
near_residual,3351,1,0.830075,0.360836,1,2,0,0.000000,1
near_residual,3351,1,0.830075,0.360836,1,3,1,0.830075,0
near_residual,3351,1,0.830075,0.360836,2,0,1,0.830075,0
near_residual,3351,1,0.830075,0.360836,2,1,1,0.415037,0
near_residual,3351,1,0.830075,0.360836,2,2,1,1.000000,0
near_residual,3351,1,0.830075,0.360836,2,3,0,0.000000,1
near_residual,3356,1,0.415037,0.457843,0,0,1,2.000000,0
near_residual,3356,1,0.415037,0.457843,0,1,0,0.000000,1
near_residual,3356,1,0.415037,0.457843,0,2,1,0.415037,0
near_residual,3356,1,0.415037,0.457843,0,3,0,0.000000,1
near_residual,3356,1,0.415037,0.457843,1,0,0,0.000000,1
near_residual,3356,1,0.415037,0.457843,1,1,0,0.000000,1
near_residual,3356,1,0.415037,0.457843,1,2,1,0.415037,0
near_residual,3356,1,0.415037,0.457843,1,3,1,0.415037,0
near_residual,3356,1,0.415037,0.457843,2,0,0,0.000000,1
near_residual,3356,1,0.415037,0.457843,2,1,1,0.830075,0
near_residual,3356,1,0.415037,0.457843,2,2,1,0.830075,0
near_residual,3356,1,0.415037,0.457843,2,3,1,0.830075,0
near_residual,3358,1,0.830075,0.360836,0,0,1,0.415037,0
near_residual,3358,1,0.830075,0.360836,0,1,0,0.000000,1
near_residual,3358,1,0.830075,0.360836,0,2,1,0.830075,0
near_residual,3358,1,0.830075,0.360836,0,3,0,0.000000,1
near_residual,3358,1,0.830075,0.360836,1,0,0,0.000000,1
near_residual,3358,1,0.830075,0.360836,1,1,1,0.830075,0
near_residual,3358,1,0.830075,0.360836,1,2,1,0.830075,0
near_residual,3358,1,0.830075,0.360836,1,3,1,0.830075,0
near_residual,3358,1,0.830075,0.360836,2,0,0,0.000000,1
near_residual,3358,1,0.830075,0.360836,2,1,1,0.415037,0
near_residual,3358,1,0.830075,0.360836,2,2,1,1.000000,0
near_residual,3358,1,0.830075,0.360836,2,3,1,0.830075,0
near_residual,3370,0,0.000000,0.541414,0,0,0,0.000000,0
near_residual,3370,0,0.000000,0.541414,0,1,0,0.000000,0
near_residual,3370,0,0.000000,0.541414,0,2,1,0.415037,1
near_residual,3370,0,0.000000,0.541414,0,3,1,0.415037,1
near_residual,3370,0,0.000000,0.541414,1,0,1,2.000000,1
near_residual,3370,0,0.000000,0.541414,1,1,0,0.000000,0
near_residual,3370,0,0.000000,0.541414,1,2,1,0.415037,1
near_residual,3370,0,0.000000,0.541414,1,3,0,0.000000,0
near_residual,3370,0,0.000000,0.541414,2,0,1,0.830075,1
near_residual,3370,0,0.000000,0.541414,2,1,1,0.830075,1
near_residual,3370,0,0.000000,0.541414,2,2,0,0.000000,0
near_residual,3370,0,0.000000,0.541414,2,3,1,0.830075,1
near_residual,3371,1,0.830075,0.360836,0,0,1,0.830075,0
near_residual,3371,1,0.830075,0.360836,0,1,0,0.000000,1
near_residual,3371,1,0.830075,0.360836,0,2,1,0.830075,0
near_residual,3371,1,0.830075,0.360836,0,3,1,0.830075,0
near_residual,3371,1,0.830075,0.360836,1,0,1,1.000000,0
near_residual,3371,1,0.830075,0.360836,1,1,0,0.000000,1
near_residual,3371,1,0.830075,0.360836,1,2,1,0.830075,0
near_residual,3371,1,0.830075,0.360836,1,3,1,0.415037,0
near_residual,3371,1,0.830075,0.360836,2,0,0,0.000000,1
near_residual,3371,1,0.830075,0.360836,2,1,1,0.830075,0
near_residual,3371,1,0.830075,0.360836,2,2,0,0.000000,1
near_residual,3371,1,0.830075,0.360836,2,3,1,0.415037,0
near_residual,3377,0,0.000000,0.541414,0,0,0,0.000000,0
near_residual,3377,0,0.000000,0.541414,0,1,0,0.000000,0
near_residual,3377,0,0.000000,0.541414,0,2,1,2.000000,1
near_residual,3377,0,0.000000,0.541414,0,3,1,0.415037,1
near_residual,3377,0,0.000000,0.541414,1,0,1,0.830075,1
near_residual,3377,0,0.000000,0.541414,1,1,1,0.830075,1
near_residual,3377,0,0.000000,0.541414,1,2,0,0.000000,0
near_residual,3377,0,0.000000,0.541414,1,3,0,0.000000,0
near_residual,3377,0,0.000000,0.541414,2,0,0,0.000000,0
near_residual,3377,0,0.000000,0.541414,2,1,0,0.000000,0
near_residual,3377,0,0.000000,0.541414,2,2,1,2.000000,1
near_residual,3377,0,0.000000,0.541414,2,3,1,2.000000,1
near_residual,3390,1,0.830075,0.457843,0,0,0,0.000000,1
near_residual,3390,1,0.830075,0.457843,0,1,0,0.000000,1
near_residual,3390,1,0.830075,0.457843,0,2,1,2.000000,0
near_residual,3390,1,0.830075,0.457843,0,3,1,0.415037,0
near_residual,3390,1,0.830075,0.457843,1,0,0,0.000000,1
near_residual,3390,1,0.830075,0.457843,1,1,1,0.830075,0
near_residual,3390,1,0.830075,0.457843,1,2,0,0.000000,1
near_residual,3390,1,0.830075,0.457843,1,3,0,0.000000,1
near_residual,3390,1,0.830075,0.457843,2,0,0,0.000000,1
near_residual,3390,1,0.830075,0.457843,2,1,0,0.000000,1
near_residual,3390,1,0.830075,0.457843,2,2,1,2.000000,0
near_residual,3390,1,0.830075,0.457843,2,3,1,2.000000,0
near_residual,3395,1,0.830075,0.457843,0,0,1,0.415037,0
near_residual,3395,1,0.830075,0.457843,0,1,0,0.000000,1
near_residual,3395,1,0.830075,0.457843,0,2,1,2.000000,0
near_residual,3395,1,0.830075,0.457843,0,3,0,0.000000,1
near_residual,3395,1,0.830075,0.457843,1,0,1,2.000000,0
near_residual,3395,1,0.830075,0.457843,1,1,1,2.000000,0
near_residual,3395,1,0.830075,0.457843,1,2,0,0.000000,1
near_residual,3395,1,0.830075,0.457843,1,3,0,0.000000,1
near_residual,3395,1,0.830075,0.457843,2,0,0,0.000000,1
near_residual,3395,1,0.830075,0.457843,2,1,0,0.000000,1
near_residual,3395,1,0.830075,0.457843,2,2,0,0.000000,1
near_residual,3395,1,0.830075,0.457843,2,3,1,0.830075,0
near_residual,3396,1,0.830075,0.360836,0,0,1,0.415037,0
near_residual,3396,1,0.830075,0.360836,0,1,0,0.000000,1
near_residual,3396,1,0.830075,0.360836,0,2,1,0.830075,0
near_residual,3396,1,0.830075,0.360836,0,3,1,1.000000,0
near_residual,3396,1,0.830075,0.360836,1,0,1,0.415037,0
near_residual,3396,1,0.830075,0.360836,1,1,1,0.830075,0
near_residual,3396,1,0.830075,0.360836,1,2,0,0.000000,1
near_residual,3396,1,0.830075,0.360836,1,3,0,0.000000,1
near_residual,3396,1,0.830075,0.360836,2,0,1,0.830075,0
near_residual,3396,1,0.830075,0.360836,2,1,1,0.830075,0
near_residual,3396,1,0.830075,0.360836,2,2,0,0.000000,1
near_residual,3396,1,0.830075,0.360836,2,3,1,0.830075,0
near_residual,3397,1,0.830075,0.457843,0,0,0,0.000000,1
near_residual,3397,1,0.830075,0.457843,0,1,0,0.000000,1
near_residual,3397,1,0.830075,0.457843,0,2,1,2.000000,0
near_residual,3397,1,0.830075,0.457843,0,3,1,2.000000,0
near_residual,3397,1,0.830075,0.457843,1,0,0,0.000000,1
near_residual,3397,1,0.830075,0.457843,1,1,1,2.000000,0
near_residual,3397,1,0.830075,0.457843,1,2,0,0.000000,1
near_residual,3397,1,0.830075,0.457843,1,3,1,0.415037,0
near_residual,3397,1,0.830075,0.457843,2,0,1,0.830075,0
near_residual,3397,1,0.830075,0.457843,2,1,0,0.000000,1
near_residual,3397,1,0.830075,0.457843,2,2,0,0.000000,1
near_residual,3397,1,0.830075,0.457843,2,3,0,0.000000,1
near_residual,3403,1,0.830075,0.360836,0,0,0,0.000000,1
near_residual,3403,1,0.830075,0.360836,0,1,0,0.000000,1
near_residual,3403,1,0.830075,0.360836,0,2,1,0.830075,0
near_residual,3403,1,0.830075,0.360836,0,3,1,0.415037,0
near_residual,3403,1,0.830075,0.360836,1,0,1,1.000000,0
near_residual,3403,1,0.830075,0.360836,1,1,1,0.830075,0
near_residual,3403,1,0.830075,0.360836,1,2,0,0.000000,1
near_residual,3403,1,0.830075,0.360836,1,3,1,0.415037,0
near_residual,3403,1,0.830075,0.360836,2,0,1,0.830075,0
near_residual,3403,1,0.830075,0.360836,2,1,1,0.830075,0
near_residual,3403,1,0.830075,0.360836,2,2,0,0.000000,1
near_residual,3403,1,0.830075,0.360836,2,3,1,0.830075,0
near_residual,3415,0,0.000000,0.541414,0,0,1,0.415037,1
near_residual,3415,0,0.000000,0.541414,0,1,0,0.000000,0
near_residual,3415,0,0.000000,0.541414,0,2,1,0.415037,1
near_residual,3415,0,0.000000,0.541414,0,3,0,0.000000,0
near_residual,3415,0,0.000000,0.541414,1,0,0,0.000000,0
near_residual,3415,0,0.000000,0.541414,1,1,1,0.830075,1
near_residual,3415,0,0.000000,0.541414,1,2,1,0.830075,1
near_residual,3415,0,0.000000,0.541414,1,3,1,0.830075,1
near_residual,3415,0,0.000000,0.541414,2,0,1,0.415037,1
near_residual,3415,0,0.000000,0.541414,2,1,0,0.000000,0
near_residual,3415,0,0.000000,0.541414,2,2,1,2.000000,1
near_residual,3415,0,0.000000,0.541414,2,3,0,0.000000,0
near_residual,3421,0,0.000000,0.541414,0,0,1,2.000000,1
near_residual,3421,0,0.000000,0.541414,0,1,0,0.000000,0
near_residual,3421,0,0.000000,0.541414,0,2,1,2.000000,1
near_residual,3421,0,0.000000,0.541414,0,3,0,0.000000,0
near_residual,3421,0,0.000000,0.541414,1,0,0,0.000000,0
near_residual,3421,0,0.000000,0.541414,1,1,1,0.830075,1
near_residual,3421,0,0.000000,0.541414,1,2,0,0.000000,0
near_residual,3421,0,0.000000,0.541414,1,3,1,0.830075,1
near_residual,3421,0,0.000000,0.541414,2,0,1,0.415037,1
near_residual,3421,0,0.000000,0.541414,2,1,0,0.000000,0
near_residual,3421,0,0.000000,0.541414,2,2,1,2.000000,1
near_residual,3421,0,0.000000,0.541414,2,3,0,0.000000,0
near_residual,3466,0,0.000000,0.541414,0,0,0,0.000000,0
near_residual,3466,0,0.000000,0.541414,0,1,0,0.000000,0
near_residual,3466,0,0.000000,0.541414,0,2,1,2.000000,1
near_residual,3466,0,0.000000,0.541414,0,3,1,2.000000,1
near_residual,3466,0,0.000000,0.541414,1,0,1,2.000000,1
near_residual,3466,0,0.000000,0.541414,1,1,0,0.000000,0
near_residual,3466,0,0.000000,0.541414,1,2,1,0.415037,1
near_residual,3466,0,0.000000,0.541414,1,3,0,0.000000,0
near_residual,3466,0,0.000000,0.541414,2,0,0,0.000000,0
near_residual,3466,0,0.000000,0.541414,2,1,1,0.830075,1
near_residual,3466,0,0.000000,0.541414,2,2,0,0.000000,0
near_residual,3466,0,0.000000,0.541414,2,3,1,0.830075,1
near_residual,3499,1,0.415037,0.457843,0,0,1,0.415037,0
near_residual,3499,1,0.415037,0.457843,0,1,0,0.000000,1
near_residual,3499,1,0.415037,0.457843,0,2,1,0.415037,0
near_residual,3499,1,0.415037,0.457843,0,3,0,0.000000,1
near_residual,3499,1,0.415037,0.457843,1,0,1,0.830075,0
near_residual,3499,1,0.415037,0.457843,1,1,0,0.000000,1
near_residual,3499,1,0.415037,0.457843,1,2,1,0.830075,0
near_residual,3499,1,0.415037,0.457843,1,3,1,0.830075,0
near_residual,3499,1,0.415037,0.457843,2,0,0,0.000000,1
near_residual,3499,1,0.415037,0.457843,2,1,1,0.415037,0
near_residual,3499,1,0.415037,0.457843,2,2,0,0.000000,1
near_residual,3499,1,0.415037,0.457843,2,3,1,2.000000,0
near_residual,3502,1,0.830075,0.457843,0,0,1,2.000000,0
near_residual,3502,1,0.830075,0.457843,0,1,0,0.000000,1
near_residual,3502,1,0.830075,0.457843,0,2,1,2.000000,0
near_residual,3502,1,0.830075,0.457843,0,3,0,0.000000,1
near_residual,3502,1,0.830075,0.457843,1,0,0,0.000000,1
near_residual,3502,1,0.830075,0.457843,1,1,0,0.000000,1
near_residual,3502,1,0.830075,0.457843,1,2,1,0.830075,0
near_residual,3502,1,0.830075,0.457843,1,3,0,0.000000,1
near_residual,3502,1,0.830075,0.457843,2,0,0,0.000000,1
near_residual,3502,1,0.830075,0.457843,2,1,1,0.415037,0
near_residual,3502,1,0.830075,0.457843,2,2,0,0.000000,1
near_residual,3502,1,0.830075,0.457843,2,3,1,2.000000,0
near_residual,3507,0,0.000000,0.541414,0,0,1,0.415037,1
near_residual,3507,0,0.000000,0.541414,0,1,0,0.000000,0
near_residual,3507,0,0.000000,0.541414,0,2,1,2.000000,1
near_residual,3507,0,0.000000,0.541414,0,3,0,0.000000,0
near_residual,3507,0,0.000000,0.541414,1,0,1,2.000000,1
near_residual,3507,0,0.000000,0.541414,1,1,1,2.000000,1
near_residual,3507,0,0.000000,0.541414,1,2,0,0.000000,0
near_residual,3507,0,0.000000,0.541414,1,3,0,0.000000,0
near_residual,3507,0,0.000000,0.541414,2,0,0,0.000000,0
near_residual,3507,0,0.000000,0.541414,2,1,0,0.000000,0
near_residual,3507,0,0.000000,0.541414,2,2,1,0.830075,1
near_residual,3507,0,0.000000,0.541414,2,3,1,0.830075,1
near_residual,3524,0,0.000000,0.541414,0,0,0,0.000000,0
near_residual,3524,0,0.000000,0.541414,0,1,0,0.000000,0
near_residual,3524,0,0.000000,0.541414,0,2,1,0.415037,1
near_residual,3524,0,0.000000,0.541414,0,3,1,2.000000,1
near_residual,3524,0,0.000000,0.541414,1,0,1,0.830075,1
near_residual,3524,0,0.000000,0.541414,1,1,1,0.830075,1
near_residual,3524,0,0.000000,0.541414,1,2,0,0.000000,0
near_residual,3524,0,0.000000,0.541414,1,3,1,0.830075,1
near_residual,3524,0,0.000000,0.541414,2,0,1,0.415037,1
near_residual,3524,0,0.000000,0.541414,2,1,1,0.415037,1
near_residual,3524,0,0.000000,0.541414,2,2,0,0.000000,0
near_residual,3524,0,0.000000,0.541414,2,3,0,0.000000,0
near_residual,3531,1,0.415037,0.457843,0,0,0,0.000000,1
near_residual,3531,1,0.415037,0.457843,0,1,0,0.000000,1
near_residual,3531,1,0.415037,0.457843,0,2,1,0.415037,0
near_residual,3531,1,0.415037,0.457843,0,3,1,2.000000,0
near_residual,3531,1,0.415037,0.457843,1,0,1,0.830075,0
near_residual,3531,1,0.415037,0.457843,1,1,1,0.830075,0
near_residual,3531,1,0.415037,0.457843,1,2,0,0.000000,1
near_residual,3531,1,0.415037,0.457843,1,3,1,0.830075,0
near_residual,3531,1,0.415037,0.457843,2,0,1,0.415037,0
near_residual,3531,1,0.415037,0.457843,2,1,1,0.415037,0
near_residual,3531,1,0.415037,0.457843,2,2,0,0.000000,1
near_residual,3531,1,0.415037,0.457843,2,3,0,0.000000,1
near_residual,3564,0,0.000000,0.541414,0,0,1,2.000000,1
near_residual,3564,0,0.000000,0.541414,0,1,0,0.000000,0
near_residual,3564,0,0.000000,0.541414,0,2,1,0.415037,1
near_residual,3564,0,0.000000,0.541414,0,3,0,0.000000,0
near_residual,3564,0,0.000000,0.541414,1,0,0,0.000000,0
near_residual,3564,0,0.000000,0.541414,1,1,0,0.000000,0
near_residual,3564,0,0.000000,0.541414,1,2,1,0.415037,1
near_residual,3564,0,0.000000,0.541414,1,3,1,0.415037,1
near_residual,3564,0,0.000000,0.541414,2,0,0,0.000000,0
near_residual,3564,0,0.000000,0.541414,2,1,1,0.830075,1
near_residual,3564,0,0.000000,0.541414,2,2,1,0.830075,1
near_residual,3564,0,0.000000,0.541414,2,3,1,0.830075,1
near_residual,3566,1,0.830075,0.360836,0,0,1,1.000000,0
near_residual,3566,1,0.830075,0.360836,0,1,0,0.000000,1
near_residual,3566,1,0.830075,0.360836,0,2,1,0.830075,0
near_residual,3566,1,0.830075,0.360836,0,3,1,0.415037,0
near_residual,3566,1,0.830075,0.360836,1,0,0,0.000000,1
near_residual,3566,1,0.830075,0.360836,1,1,1,0.830075,0
near_residual,3566,1,0.830075,0.360836,1,2,1,0.830075,0
near_residual,3566,1,0.830075,0.360836,1,3,1,0.830075,0
near_residual,3566,1,0.830075,0.360836,2,0,0,0.000000,1
near_residual,3566,1,0.830075,0.360836,2,1,0,0.000000,1
near_residual,3566,1,0.830075,0.360836,2,2,1,0.415037,0
near_residual,3566,1,0.830075,0.360836,2,3,1,0.830075,0
near_residual,3611,1,0.830075,0.360836,0,0,0,0.000000,1
near_residual,3611,1,0.830075,0.360836,0,1,1,1.000000,0
near_residual,3611,1,0.830075,0.360836,0,2,1,0.415037,0
near_residual,3611,1,0.830075,0.360836,0,3,1,0.830075,0
near_residual,3611,1,0.830075,0.360836,1,0,0,0.000000,1
near_residual,3611,1,0.830075,0.360836,1,1,1,0.830075,0
near_residual,3611,1,0.830075,0.360836,1,2,1,0.830075,0
near_residual,3611,1,0.830075,0.360836,1,3,1,0.830075,0
near_residual,3611,1,0.830075,0.360836,2,0,1,0.415037,0
near_residual,3611,1,0.830075,0.360836,2,1,1,0.830075,0
near_residual,3611,1,0.830075,0.360836,2,2,0,0.000000,1
near_residual,3611,1,0.830075,0.360836,2,3,0,0.000000,1
near_residual,3627,0,0.000000,0.718968,0,0,0,0.000000,0
near_residual,3627,0,0.000000,0.718968,0,1,1,0.830075,1
near_residual,3627,0,0.000000,0.718968,0,2,1,0.830075,1
near_residual,3627,0,0.000000,0.718968,0,3,1,0.830075,1
near_residual,3627,0,0.000000,0.718968,1,0,1,0.830075,1
near_residual,3627,0,0.000000,0.718968,1,1,0,0.000000,0
near_residual,3627,0,0.000000,0.718968,1,2,1,0.830075,1
near_residual,3627,0,0.000000,0.718968,1,3,1,0.830075,1
near_residual,3627,0,0.000000,0.718968,2,0,1,0.415037,1
near_residual,3627,0,0.000000,0.718968,2,1,1,0.830075,1
near_residual,3627,0,0.000000,0.718968,2,2,0,0.000000,0
near_residual,3627,0,0.000000,0.718968,2,3,1,0.415037,1
near_residual,3646,1,0.415037,0.457843,0,0,0,0.000000,1
near_residual,3646,1,0.415037,0.457843,0,1,0,0.000000,1
near_residual,3646,1,0.415037,0.457843,0,2,1,2.000000,0
near_residual,3646,1,0.415037,0.457843,0,3,1,0.415037,0
near_residual,3646,1,0.415037,0.457843,1,0,1,0.830075,0
near_residual,3646,1,0.415037,0.457843,1,1,1,0.830075,0
near_residual,3646,1,0.415037,0.457843,1,2,0,0.000000,1
near_residual,3646,1,0.415037,0.457843,1,3,1,0.830075,0
near_residual,3646,1,0.415037,0.457843,2,0,0,0.000000,1
near_residual,3646,1,0.415037,0.457843,2,1,0,0.000000,1
near_residual,3646,1,0.415037,0.457843,2,2,1,0.415037,0
near_residual,3646,1,0.415037,0.457843,2,3,1,0.415037,0
near_residual,3675,1,0.830075,0.457843,0,0,0,0.000000,1
near_residual,3675,1,0.830075,0.457843,0,1,1,2.000000,0
near_residual,3675,1,0.830075,0.457843,0,2,0,0.000000,1
near_residual,3675,1,0.830075,0.457843,0,3,1,2.000000,0
near_residual,3675,1,0.830075,0.457843,1,0,0,0.000000,1
near_residual,3675,1,0.830075,0.457843,1,1,0,0.000000,1
near_residual,3675,1,0.830075,0.457843,1,2,1,0.830075,0
near_residual,3675,1,0.830075,0.457843,1,3,0,0.000000,1
near_residual,3675,1,0.830075,0.457843,2,0,0,0.000000,1
near_residual,3675,1,0.830075,0.457843,2,1,1,2.000000,0
near_residual,3675,1,0.830075,0.457843,2,2,0,0.000000,1
near_residual,3675,1,0.830075,0.457843,2,3,1,0.415037,0
near_residual,3678,1,0.415037,0.457843,0,0,0,0.000000,1
near_residual,3678,1,0.415037,0.457843,0,1,1,0.415037,0
near_residual,3678,1,0.415037,0.457843,0,2,0,0.000000,1
near_residual,3678,1,0.415037,0.457843,0,3,1,0.415037,0
near_residual,3678,1,0.415037,0.457843,1,0,1,0.830075,0
near_residual,3678,1,0.415037,0.457843,1,1,0,0.000000,1
near_residual,3678,1,0.415037,0.457843,1,2,1,0.830075,0
near_residual,3678,1,0.415037,0.457843,1,3,1,0.830075,0
near_residual,3678,1,0.415037,0.457843,2,0,0,0.000000,1
near_residual,3678,1,0.415037,0.457843,2,1,1,2.000000,0
near_residual,3678,1,0.415037,0.457843,2,2,0,0.000000,1
near_residual,3678,1,0.415037,0.457843,2,3,1,0.415037,0
near_residual,3761,1,0.830075,0.360836,0,0,0,0.000000,1
near_residual,3761,1,0.830075,0.360836,0,1,1,0.415037,0
near_residual,3761,1,0.830075,0.360836,0,2,1,1.000000,0
near_residual,3761,1,0.830075,0.360836,0,3,1,0.830075,0
near_residual,3761,1,0.830075,0.360836,1,0,1,0.415037,0
near_residual,3761,1,0.830075,0.360836,1,1,1,0.830075,0
near_residual,3761,1,0.830075,0.360836,1,2,0,0.000000,1
near_residual,3761,1,0.830075,0.360836,1,3,0,0.000000,1
near_residual,3761,1,0.830075,0.360836,2,0,0,0.000000,1
near_residual,3761,1,0.830075,0.360836,2,1,1,0.830075,0
near_residual,3761,1,0.830075,0.360836,2,2,1,0.830075,0
near_residual,3761,1,0.830075,0.360836,2,3,1,0.830075,0
near_residual,3762,0,0.000000,0.718968,0,0,0,0.000000,0
near_residual,3762,0,0.000000,0.718968,0,1,1,0.830075,1
near_residual,3762,0,0.000000,0.718968,0,2,1,0.830075,1
near_residual,3762,0,0.000000,0.718968,0,3,1,0.830075,1
near_residual,3762,0,0.000000,0.718968,1,0,1,0.415037,1
near_residual,3762,0,0.000000,0.718968,1,1,1,0.830075,1
near_residual,3762,0,0.000000,0.718968,1,2,0,0.000000,0
near_residual,3762,0,0.000000,0.718968,1,3,1,0.415037,1
near_residual,3762,0,0.000000,0.718968,2,0,1,0.830075,1
near_residual,3762,0,0.000000,0.718968,2,1,0,0.000000,0
near_residual,3762,0,0.000000,0.718968,2,2,1,0.830075,1
near_residual,3762,0,0.000000,0.718968,2,3,1,0.830075,1
near_residual,3765,1,0.830075,0.457843,0,0,0,0.000000,1
near_residual,3765,1,0.830075,0.457843,0,1,0,0.000000,1
near_residual,3765,1,0.830075,0.457843,0,2,1,2.000000,0
near_residual,3765,1,0.830075,0.457843,0,3,1,2.000000,0
near_residual,3765,1,0.830075,0.457843,1,0,0,0.000000,1
near_residual,3765,1,0.830075,0.457843,1,1,1,2.000000,0
near_residual,3765,1,0.830075,0.457843,1,2,0,0.000000,1
near_residual,3765,1,0.830075,0.457843,1,3,1,0.415037,0
near_residual,3765,1,0.830075,0.457843,2,0,0,0.000000,1
near_residual,3765,1,0.830075,0.457843,2,1,0,0.000000,1
near_residual,3765,1,0.830075,0.457843,2,2,1,0.830075,0
near_residual,3765,1,0.830075,0.457843,2,3,0,0.000000,1
near_residual,3771,0,0.000000,0.718968,0,0,0,0.000000,0
near_residual,3771,0,0.000000,0.718968,0,1,1,0.415037,1
near_residual,3771,0,0.000000,0.718968,0,2,1,0.415037,1
near_residual,3771,0,0.000000,0.718968,0,3,1,0.830075,1
near_residual,3771,0,0.000000,0.718968,1,0,1,0.830075,1
near_residual,3771,0,0.000000,0.718968,1,1,1,0.830075,1
near_residual,3771,0,0.000000,0.718968,1,2,0,0.000000,0
near_residual,3771,0,0.000000,0.718968,1,3,1,0.830075,1
near_residual,3771,0,0.000000,0.718968,2,0,1,0.830075,1
near_residual,3771,0,0.000000,0.718968,2,1,1,0.830075,1
near_residual,3771,0,0.000000,0.718968,2,2,0,0.000000,0
near_residual,3771,0,0.000000,0.718968,2,3,1,0.830075,1
near_residual,3772,1,0.830075,0.457843,0,0,0,0.000000,1
near_residual,3772,1,0.830075,0.457843,0,1,1,0.415037,0
near_residual,3772,1,0.830075,0.457843,0,2,0,0.000000,1
near_residual,3772,1,0.830075,0.457843,0,3,1,2.000000,0
near_residual,3772,1,0.830075,0.457843,1,0,1,2.000000,0
near_residual,3772,1,0.830075,0.457843,1,1,1,2.000000,0
near_residual,3772,1,0.830075,0.457843,1,2,0,0.000000,1
near_residual,3772,1,0.830075,0.457843,1,3,0,0.000000,1
near_residual,3772,1,0.830075,0.457843,2,0,0,0.000000,1
near_residual,3772,1,0.830075,0.457843,2,1,1,0.830075,0
near_residual,3772,1,0.830075,0.457843,2,2,0,0.000000,1
near_residual,3772,1,0.830075,0.457843,2,3,0,0.000000,1
near_residual,3774,1,0.830075,0.360836,0,0,0,0.000000,1
near_residual,3774,1,0.830075,0.360836,0,1,0,0.000000,1
near_residual,3774,1,0.830075,0.360836,0,2,1,0.415037,0
near_residual,3774,1,0.830075,0.360836,0,3,1,0.830075,0
near_residual,3774,1,0.830075,0.360836,1,0,1,1.000000,0
near_residual,3774,1,0.830075,0.360836,1,1,1,0.830075,0
near_residual,3774,1,0.830075,0.360836,1,2,0,0.000000,1
near_residual,3774,1,0.830075,0.360836,1,3,1,0.415037,0
near_residual,3774,1,0.830075,0.360836,2,0,0,0.000000,1
near_residual,3774,1,0.830075,0.360836,2,1,1,0.830075,0
near_residual,3774,1,0.830075,0.360836,2,2,1,0.830075,0
near_residual,3774,1,0.830075,0.360836,2,3,1,0.830075,0
near_residual,3787,1,0.830075,0.457843,0,0,0,0.000000,1
near_residual,3787,1,0.830075,0.457843,0,1,0,0.000000,1
near_residual,3787,1,0.830075,0.457843,0,2,1,0.415037,0
near_residual,3787,1,0.830075,0.457843,0,3,1,2.000000,0
near_residual,3787,1,0.830075,0.457843,1,0,0,0.000000,1
near_residual,3787,1,0.830075,0.457843,1,1,1,0.830075,0
near_residual,3787,1,0.830075,0.457843,1,2,0,0.000000,1
near_residual,3787,1,0.830075,0.457843,1,3,0,0.000000,1
near_residual,3787,1,0.830075,0.457843,2,0,1,2.000000,0
near_residual,3787,1,0.830075,0.457843,2,1,1,2.000000,0
near_residual,3787,1,0.830075,0.457843,2,2,0,0.000000,1
near_residual,3787,1,0.830075,0.457843,2,3,0,0.000000,1
near_residual,3806,1,0.830075,0.360836,0,0,0,0.000000,1
near_residual,3806,1,0.830075,0.360836,0,1,1,0.830075,0
near_residual,3806,1,0.830075,0.360836,0,2,1,0.830075,0
near_residual,3806,1,0.830075,0.360836,0,3,1,0.830075,0
near_residual,3806,1,0.830075,0.360836,1,0,1,1.000000,0
near_residual,3806,1,0.830075,0.360836,1,1,0,0.000000,1
near_residual,3806,1,0.830075,0.360836,1,2,1,0.830075,0
near_residual,3806,1,0.830075,0.360836,1,3,1,0.415037,0
near_residual,3806,1,0.830075,0.360836,2,0,0,0.000000,1
near_residual,3806,1,0.830075,0.360836,2,1,1,0.415037,0
near_residual,3806,1,0.830075,0.360836,2,2,0,0.000000,1
near_residual,3806,1,0.830075,0.360836,2,3,1,0.830075,0
near_residual,3811,1,0.415037,0.457843,0,0,0,0.000000,1
near_residual,3811,1,0.415037,0.457843,0,1,1,2.000000,0
near_residual,3811,1,0.415037,0.457843,0,2,0,0.000000,1
near_residual,3811,1,0.415037,0.457843,0,3,1,0.415037,0
near_residual,3811,1,0.415037,0.457843,1,0,0,0.000000,1
near_residual,3811,1,0.415037,0.457843,1,1,0,0.000000,1
near_residual,3811,1,0.415037,0.457843,1,2,1,0.415037,0
near_residual,3811,1,0.415037,0.457843,1,3,1,0.415037,0
near_residual,3811,1,0.415037,0.457843,2,0,1,0.830075,0
near_residual,3811,1,0.415037,0.457843,2,1,1,0.830075,0
near_residual,3811,1,0.415037,0.457843,2,2,0,0.000000,1
near_residual,3811,1,0.415037,0.457843,2,3,1,0.830075,0
near_residual,3813,1,0.415037,0.457843,0,0,0,0.000000,1
near_residual,3813,1,0.415037,0.457843,0,1,0,0.000000,1
near_residual,3813,1,0.415037,0.457843,0,2,1,0.415037,0
near_residual,3813,1,0.415037,0.457843,0,3,1,0.415037,0
near_residual,3813,1,0.415037,0.457843,1,0,0,0.000000,1
near_residual,3813,1,0.415037,0.457843,1,1,1,2.000000,0
near_residual,3813,1,0.415037,0.457843,1,2,0,0.000000,1
near_residual,3813,1,0.415037,0.457843,1,3,1,0.415037,0
near_residual,3813,1,0.415037,0.457843,2,0,1,0.830075,0
near_residual,3813,1,0.415037,0.457843,2,1,0,0.000000,1
near_residual,3813,1,0.415037,0.457843,2,2,1,0.830075,0
near_residual,3813,1,0.415037,0.457843,2,3,1,0.830075,0
near_residual,3819,1,0.830075,0.360836,0,0,0,0.000000,1
near_residual,3819,1,0.830075,0.360836,0,1,1,0.415037,0
near_residual,3819,1,0.830075,0.360836,0,2,0,0.000000,1
near_residual,3819,1,0.830075,0.360836,0,3,1,0.830075,0
near_residual,3819,1,0.830075,0.360836,1,0,0,0.000000,1
near_residual,3819,1,0.830075,0.360836,1,1,1,0.830075,0
near_residual,3819,1,0.830075,0.360836,1,2,1,0.830075,0
near_residual,3819,1,0.830075,0.360836,1,3,1,0.830075,0
near_residual,3819,1,0.830075,0.360836,2,0,1,1.000000,0
near_residual,3819,1,0.830075,0.360836,2,1,1,0.830075,0
near_residual,3819,1,0.830075,0.360836,2,2,0,0.000000,1
near_residual,3819,1,0.830075,0.360836,2,3,1,0.415037,0
near_residual,3821,1,0.830075,0.360836,0,0,0,0.000000,1
near_residual,3821,1,0.830075,0.360836,0,1,1,0.830075,0
near_residual,3821,1,0.830075,0.360836,0,2,1,0.830075,0
near_residual,3821,1,0.830075,0.360836,0,3,1,0.830075,0
near_residual,3821,1,0.830075,0.360836,1,0,0,0.000000,1
near_residual,3821,1,0.830075,0.360836,1,1,1,0.415037,0
near_residual,3821,1,0.830075,0.360836,1,2,0,0.000000,1
near_residual,3821,1,0.830075,0.360836,1,3,1,0.830075,0
near_residual,3821,1,0.830075,0.360836,2,0,1,1.000000,0
near_residual,3821,1,0.830075,0.360836,2,1,0,0.000000,1
near_residual,3821,1,0.830075,0.360836,2,2,1,0.830075,0
near_residual,3821,1,0.830075,0.360836,2,3,1,0.415037,0
near_hit_control,274,1,0.830075,0.721319,0,0,0,0.000000,1
near_hit_control,274,1,0.830075,0.721319,0,1,1,0.830075,0
near_hit_control,274,1,0.830075,0.721319,0,2,1,0.415037,0
near_hit_control,274,1,0.830075,0.721319,0,3,1,0.830075,0
near_hit_control,274,1,0.830075,0.721319,1,0,0,0.000000,1
near_hit_control,274,1,0.830075,0.721319,1,1,0,0.000000,1
near_hit_control,274,1,0.830075,0.721319,1,2,1,0.415037,0
near_hit_control,274,1,0.830075,0.721319,1,3,1,0.830075,0
near_hit_control,274,1,0.830075,0.721319,2,0,1,0.415037,0
near_hit_control,274,1,0.830075,0.721319,2,1,0,0.000000,1
near_hit_control,274,1,0.830075,0.721319,2,2,1,0.830075,0
near_hit_control,274,1,0.830075,0.721319,2,3,1,0.415037,0
near_hit_control,276,1,0.830075,0.721319,0,0,0,0.000000,1
near_hit_control,276,1,0.830075,0.721319,0,1,0,0.000000,1
near_hit_control,276,1,0.830075,0.721319,0,2,1,0.415037,0
near_hit_control,276,1,0.830075,0.721319,0,3,1,0.830075,0
near_hit_control,276,1,0.830075,0.721319,1,0,0,0.000000,1
near_hit_control,276,1,0.830075,0.721319,1,1,1,0.830075,0
near_hit_control,276,1,0.830075,0.721319,1,2,1,0.415037,0
near_hit_control,276,1,0.830075,0.721319,1,3,1,0.830075,0
near_hit_control,276,1,0.830075,0.721319,2,0,1,0.415037,0
near_hit_control,276,1,0.830075,0.721319,2,1,1,0.830075,0
near_hit_control,276,1,0.830075,0.721319,2,2,0,0.000000,1
near_hit_control,276,1,0.830075,0.721319,2,3,1,0.415037,0
near_hit_control,289,1,0.830075,0.721319,0,0,0,0.000000,1
near_hit_control,289,1,0.830075,0.721319,0,1,1,0.415037,0
near_hit_control,289,1,0.830075,0.721319,0,2,1,0.830075,0
near_hit_control,289,1,0.830075,0.721319,0,3,1,0.830075,0
near_hit_control,289,1,0.830075,0.721319,1,0,1,0.415037,0
near_hit_control,289,1,0.830075,0.721319,1,1,0,0.000000,1
near_hit_control,289,1,0.830075,0.721319,1,2,1,0.830075,0
near_hit_control,289,1,0.830075,0.721319,1,3,1,0.415037,0
near_hit_control,289,1,0.830075,0.721319,2,0,0,0.000000,1
near_hit_control,289,1,0.830075,0.721319,2,1,0,0.000000,1
near_hit_control,289,1,0.830075,0.721319,2,2,1,0.415037,0
near_hit_control,289,1,0.830075,0.721319,2,3,1,0.830075,0
near_hit_control,291,0,0.000000,0.456329,0,0,0,0.000000,0
near_hit_control,291,0,0.000000,0.456329,0,1,1,2.000000,1
near_hit_control,291,0,0.000000,0.456329,0,2,0,0.000000,0
near_hit_control,291,0,0.000000,0.456329,0,3,1,0.415037,1
near_hit_control,291,0,0.000000,0.456329,1,0,0,0.000000,0
near_hit_control,291,0,0.000000,0.456329,1,1,0,0.000000,0
near_hit_control,291,0,0.000000,0.456329,1,2,1,0.415037,1
near_hit_control,291,0,0.000000,0.456329,1,3,1,0.415037,1
near_hit_control,291,0,0.000000,0.456329,2,0,1,0.830075,1
near_hit_control,291,0,0.000000,0.456329,2,1,1,0.830075,1
near_hit_control,291,0,0.000000,0.456329,2,2,1,0.830075,1
near_hit_control,291,0,0.000000,0.456329,2,3,0,0.000000,0
near_hit_control,299,0,0.000000,0.359993,0,0,0,0.000000,0
near_hit_control,299,0,0.000000,0.359993,0,1,1,0.830075,1
near_hit_control,299,0,0.000000,0.359993,0,2,1,0.830075,1
near_hit_control,299,0,0.000000,0.359993,0,3,1,0.830075,1
near_hit_control,299,0,0.000000,0.359993,1,0,1,0.830075,1
near_hit_control,299,0,0.000000,0.359993,1,1,0,0.000000,0
near_hit_control,299,0,0.000000,0.359993,1,2,1,0.415037,1
near_hit_control,299,0,0.000000,0.359993,1,3,1,0.830075,1
near_hit_control,299,0,0.000000,0.359993,2,0,1,0.415037,1
near_hit_control,299,0,0.000000,0.359993,2,1,1,0.830075,1
near_hit_control,299,0,0.000000,0.359993,2,2,0,0.000000,0
near_hit_control,299,0,0.000000,0.359993,2,3,0,0.000000,0
near_hit_control,301,1,0.830075,0.721319,0,0,0,0.000000,1
near_hit_control,301,1,0.830075,0.721319,0,1,1,0.415037,0
near_hit_control,301,1,0.830075,0.721319,0,2,1,0.415037,0
near_hit_control,301,1,0.830075,0.721319,0,3,1,0.830075,0
near_hit_control,301,1,0.830075,0.721319,1,0,1,0.415037,0
near_hit_control,301,1,0.830075,0.721319,1,1,0,0.000000,1
near_hit_control,301,1,0.830075,0.721319,1,2,1,0.830075,0
near_hit_control,301,1,0.830075,0.721319,1,3,1,0.415037,0
near_hit_control,301,1,0.830075,0.721319,2,0,1,0.415037,0
near_hit_control,301,1,0.830075,0.721319,2,1,0,0.000000,1
near_hit_control,301,1,0.830075,0.721319,2,2,1,0.830075,0
near_hit_control,301,1,0.830075,0.721319,2,3,1,0.415037,0
near_hit_control,306,0,0.000000,0.456329,0,0,0,0.000000,0
near_hit_control,306,0,0.000000,0.456329,0,1,0,0.000000,0
near_hit_control,306,0,0.000000,0.456329,0,2,1,2.000000,1
near_hit_control,306,0,0.000000,0.456329,0,3,1,0.415037,1
near_hit_control,306,0,0.000000,0.456329,1,0,1,0.830075,1
near_hit_control,306,0,0.000000,0.456329,1,1,1,0.830075,1
near_hit_control,306,0,0.000000,0.456329,1,2,1,0.830075,1
near_hit_control,306,0,0.000000,0.456329,1,3,0,0.000000,0
near_hit_control,306,0,0.000000,0.456329,2,0,0,0.000000,0
near_hit_control,306,0,0.000000,0.456329,2,1,0,0.000000,0
near_hit_control,306,0,0.000000,0.456329,2,2,1,0.415037,1
near_hit_control,306,0,0.000000,0.456329,2,3,1,0.415037,1
near_hit_control,321,1,0.830075,0.721319,0,0,0,0.000000,1
near_hit_control,321,1,0.830075,0.721319,0,1,1,0.415037,0
near_hit_control,321,1,0.830075,0.721319,0,2,0,0.000000,1
near_hit_control,321,1,0.830075,0.721319,0,3,1,0.830075,0
near_hit_control,321,1,0.830075,0.721319,1,0,1,0.415037,0
near_hit_control,321,1,0.830075,0.721319,1,1,1,0.830075,0
near_hit_control,321,1,0.830075,0.721319,1,2,0,0.000000,1
near_hit_control,321,1,0.830075,0.721319,1,3,1,0.415037,0
near_hit_control,321,1,0.830075,0.721319,2,0,0,0.000000,1
near_hit_control,321,1,0.830075,0.721319,2,1,1,0.830075,0
near_hit_control,321,1,0.830075,0.721319,2,2,1,0.415037,0
near_hit_control,321,1,0.830075,0.721319,2,3,1,0.830075,0
near_hit_control,334,1,0.830075,0.721319,0,0,0,0.000000,1
near_hit_control,334,1,0.830075,0.721319,0,1,1,0.415037,0
near_hit_control,334,1,0.830075,0.721319,0,2,1,0.415037,0
near_hit_control,334,1,0.830075,0.721319,0,3,1,0.830075,0
near_hit_control,334,1,0.830075,0.721319,1,0,0,0.000000,1
near_hit_control,334,1,0.830075,0.721319,1,1,1,0.830075,0
near_hit_control,334,1,0.830075,0.721319,1,2,0,0.000000,1
near_hit_control,334,1,0.830075,0.721319,1,3,1,0.415037,0
near_hit_control,334,1,0.830075,0.721319,2,0,0,0.000000,1
near_hit_control,334,1,0.830075,0.721319,2,1,1,0.415037,0
near_hit_control,334,1,0.830075,0.721319,2,2,1,0.830075,0
near_hit_control,334,1,0.830075,0.721319,2,3,1,0.830075,0
near_hit_control,347,0,0.000000,0.456329,0,0,0,0.000000,0
near_hit_control,347,0,0.000000,0.456329,0,1,1,2.000000,1
near_hit_control,347,0,0.000000,0.456329,0,2,0,0.000000,0
near_hit_control,347,0,0.000000,0.456329,0,3,1,2.000000,1
near_hit_control,347,0,0.000000,0.456329,1,0,1,0.830075,1
near_hit_control,347,0,0.000000,0.456329,1,1,0,0.000000,0
near_hit_control,347,0,0.000000,0.456329,1,2,1,0.830075,1
near_hit_control,347,0,0.000000,0.456329,1,3,0,0.000000,0
near_hit_control,347,0,0.000000,0.456329,2,0,0,0.000000,0
near_hit_control,347,0,0.000000,0.456329,2,1,1,2.000000,1
near_hit_control,347,0,0.000000,0.456329,2,2,0,0.000000,0
near_hit_control,347,0,0.000000,0.456329,2,3,1,0.415037,1
near_hit_control,350,0,0.000000,0.456329,0,0,0,0.000000,0
near_hit_control,350,0,0.000000,0.456329,0,1,1,0.415037,1
near_hit_control,350,0,0.000000,0.456329,0,2,0,0.000000,0
near_hit_control,350,0,0.000000,0.456329,0,3,1,0.415037,1
near_hit_control,350,0,0.000000,0.456329,1,0,1,0.830075,1
near_hit_control,350,0,0.000000,0.456329,1,1,0,0.000000,0
near_hit_control,350,0,0.000000,0.456329,1,2,1,0.830075,1
near_hit_control,350,0,0.000000,0.456329,1,3,1,0.830075,1
near_hit_control,350,0,0.000000,0.456329,2,0,0,0.000000,0
near_hit_control,350,0,0.000000,0.456329,2,1,1,2.000000,1
near_hit_control,350,0,0.000000,0.456329,2,2,0,0.000000,0
near_hit_control,350,0,0.000000,0.456329,2,3,1,0.415037,1
near_hit_control,376,0,0.000000,0.359993,0,0,0,0.000000,0
near_hit_control,376,0,0.000000,0.359993,0,1,1,0.415037,1
near_hit_control,376,0,0.000000,0.359993,0,2,0,0.000000,0
near_hit_control,376,0,0.000000,0.359993,0,3,1,0.830075,1
near_hit_control,376,0,0.000000,0.359993,1,0,1,0.415037,1
near_hit_control,376,0,0.000000,0.359993,1,1,1,0.830075,1
near_hit_control,376,0,0.000000,0.359993,1,2,1,0.830075,1
near_hit_control,376,0,0.000000,0.359993,1,3,0,0.000000,0
near_hit_control,376,0,0.000000,0.359993,2,0,1,0.830075,1
near_hit_control,376,0,0.000000,0.359993,2,1,1,0.830075,1
near_hit_control,376,0,0.000000,0.359993,2,2,1,0.830075,1
near_hit_control,376,0,0.000000,0.359993,2,3,0,0.000000,0
near_hit_control,382,0,0.000000,0.359993,0,0,0,0.000000,0
near_hit_control,382,0,0.000000,0.359993,0,1,1,0.830075,1
near_hit_control,382,0,0.000000,0.359993,0,2,1,0.830075,1
near_hit_control,382,0,0.000000,0.359993,0,3,1,0.415037,1
near_hit_control,382,0,0.000000,0.359993,1,0,1,0.830075,1
near_hit_control,382,0,0.000000,0.359993,1,1,0,0.000000,0
near_hit_control,382,0,0.000000,0.359993,1,2,1,0.415037,1
near_hit_control,382,0,0.000000,0.359993,1,3,0,0.000000,0
near_hit_control,382,0,0.000000,0.359993,2,0,0,0.000000,0
near_hit_control,382,0,0.000000,0.359993,2,1,1,0.830075,1
near_hit_control,382,0,0.000000,0.359993,2,2,1,0.830075,1
near_hit_control,382,0,0.000000,0.359993,2,3,1,0.830075,1
near_hit_control,391,0,0.000000,0.359993,0,0,0,0.000000,0
near_hit_control,391,0,0.000000,0.359993,0,1,0,0.000000,0
near_hit_control,391,0,0.000000,0.359993,0,2,1,0.415037,1
near_hit_control,391,0,0.000000,0.359993,0,3,1,0.830075,1
near_hit_control,391,0,0.000000,0.359993,1,0,1,0.830075,1
near_hit_control,391,0,0.000000,0.359993,1,1,1,0.830075,1
near_hit_control,391,0,0.000000,0.359993,1,2,1,0.830075,1
near_hit_control,391,0,0.000000,0.359993,1,3,0,0.000000,0
near_hit_control,391,0,0.000000,0.359993,2,0,1,0.415037,1
near_hit_control,391,0,0.000000,0.359993,2,1,1,0.830075,1
near_hit_control,391,0,0.000000,0.359993,2,2,1,0.830075,1
near_hit_control,391,0,0.000000,0.359993,2,3,0,0.000000,0
near_hit_control,392,0,0.000000,0.359993,0,0,0,0.000000,0
near_hit_control,392,0,0.000000,0.359993,0,1,1,0.415037,1
near_hit_control,392,0,0.000000,0.359993,0,2,1,0.415037,1
near_hit_control,392,0,0.000000,0.359993,0,3,1,1.000000,1
near_hit_control,392,0,0.000000,0.359993,1,0,1,0.415037,1
near_hit_control,392,0,0.000000,0.359993,1,1,1,0.415037,1
near_hit_control,392,0,0.000000,0.359993,1,2,0,0.000000,0
near_hit_control,392,0,0.000000,0.359993,1,3,0,0.000000,0
near_hit_control,392,0,0.000000,0.359993,2,0,1,0.415037,1
near_hit_control,392,0,0.000000,0.359993,2,1,1,0.415037,1
near_hit_control,392,0,0.000000,0.359993,2,2,0,0.000000,0
near_hit_control,392,0,0.000000,0.359993,2,3,0,0.000000,0
near_hit_control,396,0,0.000000,0.456329,0,0,0,0.000000,0
near_hit_control,396,0,0.000000,0.456329,0,1,1,0.415037,1
near_hit_control,396,0,0.000000,0.456329,0,2,0,0.000000,0
near_hit_control,396,0,0.000000,0.456329,0,3,1,2.000000,1
near_hit_control,396,0,0.000000,0.456329,1,0,1,2.000000,1
near_hit_control,396,0,0.000000,0.456329,1,1,1,2.000000,1
near_hit_control,396,0,0.000000,0.456329,1,2,0,0.000000,0
near_hit_control,396,0,0.000000,0.456329,1,3,0,0.000000,0
near_hit_control,396,0,0.000000,0.456329,2,0,1,0.830075,1
near_hit_control,396,0,0.000000,0.456329,2,1,1,0.830075,1
near_hit_control,396,0,0.000000,0.456329,2,2,0,0.000000,0
near_hit_control,396,0,0.000000,0.456329,2,3,0,0.000000,0
near_hit_control,434,0,0.000000,0.359993,0,0,0,0.000000,0
near_hit_control,434,0,0.000000,0.359993,0,1,1,0.830075,1
near_hit_control,434,0,0.000000,0.359993,0,2,1,0.830075,1
near_hit_control,434,0,0.000000,0.359993,0,3,1,0.830075,1
near_hit_control,434,0,0.000000,0.359993,1,0,1,0.415037,1
near_hit_control,434,0,0.000000,0.359993,1,1,1,0.830075,1
near_hit_control,434,0,0.000000,0.359993,1,2,0,0.000000,0
near_hit_control,434,0,0.000000,0.359993,1,3,0,0.000000,0
near_hit_control,434,0,0.000000,0.359993,2,0,1,0.830075,1
near_hit_control,434,0,0.000000,0.359993,2,1,0,0.000000,0
near_hit_control,434,0,0.000000,0.359993,2,2,1,0.415037,1
near_hit_control,434,0,0.000000,0.359993,2,3,1,0.830075,1
near_hit_control,437,0,0.000000,0.456329,0,0,0,0.000000,0
near_hit_control,437,0,0.000000,0.456329,0,1,0,0.000000,0
near_hit_control,437,0,0.000000,0.456329,0,2,1,2.000000,1
near_hit_control,437,0,0.000000,0.456329,0,3,1,2.000000,1
near_hit_control,437,0,0.000000,0.456329,1,0,0,0.000000,0
near_hit_control,437,0,0.000000,0.456329,1,1,1,2.000000,1
near_hit_control,437,0,0.000000,0.456329,1,2,0,0.000000,0
near_hit_control,437,0,0.000000,0.456329,1,3,1,0.415037,1
near_hit_control,437,0,0.000000,0.456329,2,0,1,0.830075,1
near_hit_control,437,0,0.000000,0.456329,2,1,0,0.000000,0
near_hit_control,437,0,0.000000,0.456329,2,2,1,0.830075,1
near_hit_control,437,0,0.000000,0.456329,2,3,0,0.000000,0
near_hit_control,445,0,0.000000,0.359993,0,0,0,0.000000,0
near_hit_control,445,0,0.000000,0.359993,0,1,0,0.000000,0
near_hit_control,445,0,0.000000,0.359993,0,2,1,0.415037,1
near_hit_control,445,0,0.000000,0.359993,0,3,1,0.415037,1
near_hit_control,445,0,0.000000,0.359993,1,0,1,0.415037,1
near_hit_control,445,0,0.000000,0.359993,1,1,1,1.000000,1
near_hit_control,445,0,0.000000,0.359993,1,2,0,0.000000,0
near_hit_control,445,0,0.000000,0.359993,1,3,1,0.415037,1
near_hit_control,445,0,0.000000,0.359993,2,0,1,0.415037,1
near_hit_control,445,0,0.000000,0.359993,2,1,0,0.000000,0
near_hit_control,445,0,0.000000,0.359993,2,2,1,0.415037,1
near_hit_control,445,0,0.000000,0.359993,2,3,0,0.000000,0
near_hit_control,456,0,0.000000,0.456329,0,0,0,0.000000,0
near_hit_control,456,0,0.000000,0.456329,0,1,0,0.000000,0
near_hit_control,456,0,0.000000,0.456329,0,2,1,0.415037,1
near_hit_control,456,0,0.000000,0.456329,0,3,1,2.000000,1
near_hit_control,456,0,0.000000,0.456329,1,0,1,0.830075,1
near_hit_control,456,0,0.000000,0.456329,1,1,1,0.830075,1
near_hit_control,456,0,0.000000,0.456329,1,2,0,0.000000,0
near_hit_control,456,0,0.000000,0.456329,1,3,0,0.000000,0
near_hit_control,456,0,0.000000,0.456329,2,0,1,2.000000,1
near_hit_control,456,0,0.000000,0.456329,2,1,1,2.000000,1
near_hit_control,456,0,0.000000,0.456329,2,2,0,0.000000,0
near_hit_control,456,0,0.000000,0.456329,2,3,0,0.000000,0
near_hit_control,466,1,0.830075,0.721319,0,0,0,0.000000,1
near_hit_control,466,1,0.830075,0.721319,0,1,1,0.415037,0
near_hit_control,466,1,0.830075,0.721319,0,2,1,0.415037,0
near_hit_control,466,1,0.830075,0.721319,0,3,1,0.830075,0
near_hit_control,466,1,0.830075,0.721319,1,0,1,0.415037,0
near_hit_control,466,1,0.830075,0.721319,1,1,0,0.000000,1
near_hit_control,466,1,0.830075,0.721319,1,2,1,0.830075,0
near_hit_control,466,1,0.830075,0.721319,1,3,1,0.415037,0
near_hit_control,466,1,0.830075,0.721319,2,0,1,0.415037,0
near_hit_control,466,1,0.830075,0.721319,2,1,0,0.000000,1
near_hit_control,466,1,0.830075,0.721319,2,2,1,0.830075,0
near_hit_control,466,1,0.830075,0.721319,2,3,1,0.415037,0
near_hit_control,475,0,0.000000,0.359993,0,0,0,0.000000,0
near_hit_control,475,0,0.000000,0.359993,0,1,1,0.415037,1
near_hit_control,475,0,0.000000,0.359993,0,2,0,0.000000,0
near_hit_control,475,0,0.000000,0.359993,0,3,1,0.415037,1
near_hit_control,475,0,0.000000,0.359993,1,0,1,0.415037,1
near_hit_control,475,0,0.000000,0.359993,1,1,0,0.000000,0
near_hit_control,475,0,0.000000,0.359993,1,2,1,0.415037,1
near_hit_control,475,0,0.000000,0.359993,1,3,0,0.000000,0
near_hit_control,475,0,0.000000,0.359993,2,0,1,0.415037,1
near_hit_control,475,0,0.000000,0.359993,2,1,1,1.000000,1
near_hit_control,475,0,0.000000,0.359993,2,2,0,0.000000,0
near_hit_control,475,0,0.000000,0.359993,2,3,1,0.415037,1
near_hit_control,484,1,0.830075,0.721319,0,0,0,0.000000,1
near_hit_control,484,1,0.830075,0.721319,0,1,1,0.415037,0
near_hit_control,484,1,0.830075,0.721319,0,2,1,0.415037,0
near_hit_control,484,1,0.830075,0.721319,0,3,1,0.830075,0
near_hit_control,484,1,0.830075,0.721319,1,0,0,0.000000,1
near_hit_control,484,1,0.830075,0.721319,1,1,1,0.415037,0
near_hit_control,484,1,0.830075,0.721319,1,2,1,0.830075,0
near_hit_control,484,1,0.830075,0.721319,1,3,1,0.830075,0
near_hit_control,484,1,0.830075,0.721319,2,0,0,0.000000,1
near_hit_control,484,1,0.830075,0.721319,2,1,1,0.830075,0
near_hit_control,484,1,0.830075,0.721319,2,2,0,0.000000,1
near_hit_control,484,1,0.830075,0.721319,2,3,1,0.415037,0
near_hit_control,485,0,0.000000,0.456329,0,0,0,0.000000,0
near_hit_control,485,0,0.000000,0.456329,0,1,0,0.000000,0
near_hit_control,485,0,0.000000,0.456329,0,2,1,0.415037,1
near_hit_control,485,0,0.000000,0.456329,0,3,1,0.415037,1
near_hit_control,485,0,0.000000,0.456329,1,0,0,0.000000,0
near_hit_control,485,0,0.000000,0.456329,1,1,1,2.000000,1
near_hit_control,485,0,0.000000,0.456329,1,2,0,0.000000,0
near_hit_control,485,0,0.000000,0.456329,1,3,1,0.415037,1
near_hit_control,485,0,0.000000,0.456329,2,0,1,0.830075,1
near_hit_control,485,0,0.000000,0.456329,2,1,0,0.000000,0
near_hit_control,485,0,0.000000,0.456329,2,2,1,0.830075,1
near_hit_control,485,0,0.000000,0.456329,2,3,1,0.830075,1
near_hit_control,487,0,0.000000,0.359993,0,0,0,0.000000,0
near_hit_control,487,0,0.000000,0.359993,0,1,1,0.830075,1
near_hit_control,487,0,0.000000,0.359993,0,2,1,0.830075,1
near_hit_control,487,0,0.000000,0.359993,0,3,1,0.415037,1
near_hit_control,487,0,0.000000,0.359993,1,0,0,0.000000,0
near_hit_control,487,0,0.000000,0.359993,1,1,1,0.830075,1
near_hit_control,487,0,0.000000,0.359993,1,2,1,0.830075,1
near_hit_control,487,0,0.000000,0.359993,1,3,1,0.830075,1
near_hit_control,487,0,0.000000,0.359993,2,0,1,0.830075,1
near_hit_control,487,0,0.000000,0.359993,2,1,0,0.000000,0
near_hit_control,487,0,0.000000,0.359993,2,2,1,0.415037,1
near_hit_control,487,0,0.000000,0.359993,2,3,0,0.000000,0
near_hit_control,494,1,0.830075,0.721319,0,0,0,0.000000,1
near_hit_control,494,1,0.830075,0.721319,0,1,1,0.415037,0
near_hit_control,494,1,0.830075,0.721319,0,2,1,0.415037,0
near_hit_control,494,1,0.830075,0.721319,0,3,1,0.830075,0
near_hit_control,494,1,0.830075,0.721319,1,0,0,0.000000,1
near_hit_control,494,1,0.830075,0.721319,1,1,1,0.415037,0
near_hit_control,494,1,0.830075,0.721319,1,2,1,0.415037,0
near_hit_control,494,1,0.830075,0.721319,1,3,1,0.830075,0
near_hit_control,494,1,0.830075,0.721319,2,0,0,0.000000,1
near_hit_control,494,1,0.830075,0.721319,2,1,1,0.415037,0
near_hit_control,494,1,0.830075,0.721319,2,2,1,0.415037,0
near_hit_control,494,1,0.830075,0.721319,2,3,1,0.830075,0
near_hit_control,529,1,0.830075,0.721319,0,0,1,0.415037,0
near_hit_control,529,1,0.830075,0.721319,0,1,0,0.000000,1
near_hit_control,529,1,0.830075,0.721319,0,2,1,0.830075,0
near_hit_control,529,1,0.830075,0.721319,0,3,1,0.415037,0
near_hit_control,529,1,0.830075,0.721319,1,0,0,0.000000,1
near_hit_control,529,1,0.830075,0.721319,1,1,1,0.415037,0
near_hit_control,529,1,0.830075,0.721319,1,2,1,0.830075,0
near_hit_control,529,1,0.830075,0.721319,1,3,1,0.830075,0
near_hit_control,529,1,0.830075,0.721319,2,0,0,0.000000,1
near_hit_control,529,1,0.830075,0.721319,2,1,1,0.415037,0
near_hit_control,529,1,0.830075,0.721319,2,2,0,0.000000,1
near_hit_control,529,1,0.830075,0.721319,2,3,1,0.830075,0
near_hit_control,539,1,0.830075,0.721319,0,0,1,0.415037,0
near_hit_control,539,1,0.830075,0.721319,0,1,0,0.000000,1
near_hit_control,539,1,0.830075,0.721319,0,2,1,0.830075,0
near_hit_control,539,1,0.830075,0.721319,0,3,1,0.415037,0
near_hit_control,539,1,0.830075,0.721319,1,0,0,0.000000,1
near_hit_control,539,1,0.830075,0.721319,1,1,1,0.415037,0
near_hit_control,539,1,0.830075,0.721319,1,2,1,0.415037,0
near_hit_control,539,1,0.830075,0.721319,1,3,1,0.830075,0
near_hit_control,539,1,0.830075,0.721319,2,0,1,0.415037,0
near_hit_control,539,1,0.830075,0.721319,2,1,1,0.830075,0
near_hit_control,539,1,0.830075,0.721319,2,2,0,0.000000,1
near_hit_control,539,1,0.830075,0.721319,2,3,1,0.415037,0
near_hit_control,541,0,0.000000,0.438901,0,0,1,0.830075,1
near_hit_control,541,0,0.000000,0.438901,0,1,0,0.000000,0
near_hit_control,541,0,0.000000,0.438901,0,2,1,0.415037,1
near_hit_control,541,0,0.000000,0.438901,0,3,1,0.830075,1
near_hit_control,541,0,0.000000,0.438901,1,0,0,0.000000,0
near_hit_control,541,0,0.000000,0.438901,1,1,1,0.830075,1
near_hit_control,541,0,0.000000,0.438901,1,2,1,0.830075,1
near_hit_control,541,0,0.000000,0.438901,1,3,1,0.830075,1
near_hit_control,541,0,0.000000,0.438901,2,0,1,0.415037,1
near_hit_control,541,0,0.000000,0.438901,2,1,0,0.000000,0
near_hit_control,541,0,0.000000,0.438901,2,2,1,0.830075,1
near_hit_control,541,0,0.000000,0.438901,2,3,0,0.000000,0
near_hit_control,552,1,0.830075,0.721319,0,0,1,0.415037,0
near_hit_control,552,1,0.830075,0.721319,0,1,0,0.000000,1
near_hit_control,552,1,0.830075,0.721319,0,2,1,0.830075,0
near_hit_control,552,1,0.830075,0.721319,0,3,1,0.415037,0
near_hit_control,552,1,0.830075,0.721319,1,0,1,0.415037,0
near_hit_control,552,1,0.830075,0.721319,1,1,0,0.000000,1
near_hit_control,552,1,0.830075,0.721319,1,2,1,0.830075,0
near_hit_control,552,1,0.830075,0.721319,1,3,1,0.415037,0
near_hit_control,552,1,0.830075,0.721319,2,0,1,0.830075,0
near_hit_control,552,1,0.830075,0.721319,2,1,1,0.415037,0
near_hit_control,552,1,0.830075,0.721319,2,2,1,0.415037,0
near_hit_control,552,1,0.830075,0.721319,2,3,0,0.000000,1
near_hit_control,558,0,0.000000,0.438901,0,0,1,0.415037,1
near_hit_control,558,0,0.000000,0.438901,0,1,0,0.000000,0
near_hit_control,558,0,0.000000,0.438901,0,2,1,0.415037,1
near_hit_control,558,0,0.000000,0.438901,0,3,0,0.000000,0
near_hit_control,558,0,0.000000,0.438901,1,0,1,0.415037,1
near_hit_control,558,0,0.000000,0.438901,1,1,0,0.000000,0
near_hit_control,558,0,0.000000,0.438901,1,2,1,0.415037,1
near_hit_control,558,0,0.000000,0.438901,1,3,0,0.000000,0
near_hit_control,558,0,0.000000,0.438901,2,0,0,0.000000,0
near_hit_control,558,0,0.000000,0.438901,2,1,1,0.415037,1
near_hit_control,558,0,0.000000,0.438901,2,2,1,0.415037,1
near_hit_control,558,0,0.000000,0.438901,2,3,1,1.000000,1
near_hit_control,583,0,0.000000,0.438901,0,0,0,0.000000,0
near_hit_control,583,0,0.000000,0.438901,0,1,0,0.000000,0
near_hit_control,583,0,0.000000,0.438901,0,2,1,0.415037,1
near_hit_control,583,0,0.000000,0.438901,0,3,1,0.415037,1
near_hit_control,583,0,0.000000,0.438901,1,0,1,0.415037,1
near_hit_control,583,0,0.000000,0.438901,1,1,1,1.000000,1
near_hit_control,583,0,0.000000,0.438901,1,2,0,0.000000,0
near_hit_control,583,0,0.000000,0.438901,1,3,1,0.415037,1
near_hit_control,583,0,0.000000,0.438901,2,0,1,0.415037,1
near_hit_control,583,0,0.000000,0.438901,2,1,0,0.000000,0
near_hit_control,583,0,0.000000,0.438901,2,2,1,0.415037,1
near_hit_control,583,0,0.000000,0.438901,2,3,0,0.000000,0
near_hit_control,584,0,0.000000,0.438901,0,0,1,0.830075,1
near_hit_control,584,0,0.000000,0.438901,0,1,0,0.000000,0
near_hit_control,584,0,0.000000,0.438901,0,2,1,0.830075,1
near_hit_control,584,0,0.000000,0.438901,0,3,1,0.830075,1
near_hit_control,584,0,0.000000,0.438901,1,0,1,0.415037,1
near_hit_control,584,0,0.000000,0.438901,1,1,1,0.830075,1
near_hit_control,584,0,0.000000,0.438901,1,2,0,0.000000,0
near_hit_control,584,0,0.000000,0.438901,1,3,0,0.000000,0
near_hit_control,584,0,0.000000,0.438901,2,0,1,0.415037,1
near_hit_control,584,0,0.000000,0.438901,2,1,1,0.830075,1
near_hit_control,584,0,0.000000,0.438901,2,2,1,0.830075,1
near_hit_control,584,0,0.000000,0.438901,2,3,0,0.000000,0
near_hit_control,626,0,0.000000,0.438901,0,0,1,0.415037,1
near_hit_control,626,0,0.000000,0.438901,0,1,0,0.000000,0
near_hit_control,626,0,0.000000,0.438901,0,2,1,1.000000,1
near_hit_control,626,0,0.000000,0.438901,0,3,1,0.415037,1
near_hit_control,626,0,0.000000,0.438901,1,0,1,0.415037,1
near_hit_control,626,0,0.000000,0.438901,1,1,1,0.415037,1
near_hit_control,626,0,0.000000,0.438901,1,2,0,0.000000,0
near_hit_control,626,0,0.000000,0.438901,1,3,0,0.000000,0
near_hit_control,626,0,0.000000,0.438901,2,0,0,0.000000,0
near_hit_control,626,0,0.000000,0.438901,2,1,0,0.000000,0
near_hit_control,626,0,0.000000,0.438901,2,2,1,0.415037,1
near_hit_control,626,0,0.000000,0.438901,2,3,1,0.415037,1
near_hit_control,637,0,0.000000,0.438901,0,0,0,0.000000,0
near_hit_control,637,0,0.000000,0.438901,0,1,0,0.000000,0
near_hit_control,637,0,0.000000,0.438901,0,2,1,0.830075,1
near_hit_control,637,0,0.000000,0.438901,0,3,1,0.415037,1
near_hit_control,637,0,0.000000,0.438901,1,0,1,0.830075,1
near_hit_control,637,0,0.000000,0.438901,1,1,1,0.830075,1
near_hit_control,637,0,0.000000,0.438901,1,2,1,0.830075,1
near_hit_control,637,0,0.000000,0.438901,1,3,0,0.000000,0
near_hit_control,637,0,0.000000,0.438901,2,0,1,0.830075,1
near_hit_control,637,0,0.000000,0.438901,2,1,0,0.000000,0
near_hit_control,637,0,0.000000,0.438901,2,2,1,0.415037,1
near_hit_control,637,0,0.000000,0.438901,2,3,1,0.830075,1
near_hit_control,642,0,0.000000,0.438901,0,0,1,0.415037,1
near_hit_control,642,0,0.000000,0.438901,0,1,0,0.000000,0
near_hit_control,642,0,0.000000,0.438901,0,2,1,0.830075,1
near_hit_control,642,0,0.000000,0.438901,0,3,0,0.000000,0
near_hit_control,642,0,0.000000,0.438901,1,0,1,0.415037,1
near_hit_control,642,0,0.000000,0.438901,1,1,1,0.830075,1
near_hit_control,642,0,0.000000,0.438901,1,2,1,0.830075,1
near_hit_control,642,0,0.000000,0.438901,1,3,0,0.000000,0
near_hit_control,642,0,0.000000,0.438901,2,0,1,0.830075,1
near_hit_control,642,0,0.000000,0.438901,2,1,0,0.000000,0
near_hit_control,642,0,0.000000,0.438901,2,2,1,0.830075,1
near_hit_control,642,0,0.000000,0.438901,2,3,1,0.830075,1
near_hit_control,651,0,0.000000,0.438901,0,0,1,0.830075,1
near_hit_control,651,0,0.000000,0.438901,0,1,0,0.000000,0
near_hit_control,651,0,0.000000,0.438901,0,2,1,0.415037,1
near_hit_control,651,0,0.000000,0.438901,0,3,1,0.830075,1
near_hit_control,651,0,0.000000,0.438901,1,0,1,0.830075,1
near_hit_control,651,0,0.000000,0.438901,1,1,0,0.000000,0
near_hit_control,651,0,0.000000,0.438901,1,2,1,0.415037,1
near_hit_control,651,0,0.000000,0.438901,1,3,0,0.000000,0
near_hit_control,651,0,0.000000,0.438901,2,0,1,0.830075,1
near_hit_control,651,0,0.000000,0.438901,2,1,1,0.830075,1
near_hit_control,651,0,0.000000,0.438901,2,2,0,0.000000,0
near_hit_control,651,0,0.000000,0.438901,2,3,1,0.830075,1
near_hit_control,692,1,0.830075,0.721319,0,0,1,0.415037,0
near_hit_control,692,1,0.830075,0.721319,0,1,0,0.000000,1
near_hit_control,692,1,0.830075,0.721319,0,2,1,0.830075,0
near_hit_control,692,1,0.830075,0.721319,0,3,0,0.000000,1
near_hit_control,692,1,0.830075,0.721319,1,0,1,0.415037,0
near_hit_control,692,1,0.830075,0.721319,1,1,1,0.830075,0
near_hit_control,692,1,0.830075,0.721319,1,2,0,0.000000,1
near_hit_control,692,1,0.830075,0.721319,1,3,1,0.415037,0
near_hit_control,692,1,0.830075,0.721319,2,0,1,0.415037,0
near_hit_control,692,1,0.830075,0.721319,2,1,1,0.830075,0
near_hit_control,692,1,0.830075,0.721319,2,2,0,0.000000,1
near_hit_control,692,1,0.830075,0.721319,2,3,1,0.830075,0
near_hit_control,699,1,0.830075,0.721319,0,0,1,0.415037,0
near_hit_control,699,1,0.830075,0.721319,0,1,0,0.000000,1
near_hit_control,699,1,0.830075,0.721319,0,2,1,0.830075,0
near_hit_control,699,1,0.830075,0.721319,0,3,1,0.415037,0
near_hit_control,699,1,0.830075,0.721319,1,0,0,0.000000,1
near_hit_control,699,1,0.830075,0.721319,1,1,1,0.830075,0
near_hit_control,699,1,0.830075,0.721319,1,2,0,0.000000,1
near_hit_control,699,1,0.830075,0.721319,1,3,1,0.415037,0
near_hit_control,699,1,0.830075,0.721319,2,0,1,0.830075,0
near_hit_control,699,1,0.830075,0.721319,2,1,1,0.830075,0
near_hit_control,699,1,0.830075,0.721319,2,2,0,0.000000,1
near_hit_control,699,1,0.830075,0.721319,2,3,1,0.415037,0
near_hit_control,724,1,0.830075,0.721319,0,0,1,0.415037,0
near_hit_control,724,1,0.830075,0.721319,0,1,0,0.000000,1
near_hit_control,724,1,0.830075,0.721319,0,2,1,0.830075,0
near_hit_control,724,1,0.830075,0.721319,0,3,1,0.830075,0
near_hit_control,724,1,0.830075,0.721319,1,0,1,0.415037,0
near_hit_control,724,1,0.830075,0.721319,1,1,0,0.000000,1
near_hit_control,724,1,0.830075,0.721319,1,2,1,0.830075,0
near_hit_control,724,1,0.830075,0.721319,1,3,1,0.415037,0
near_hit_control,724,1,0.830075,0.721319,2,0,1,0.415037,0
near_hit_control,724,1,0.830075,0.721319,2,1,1,0.830075,0
near_hit_control,724,1,0.830075,0.721319,2,2,0,0.000000,1
near_hit_control,724,1,0.830075,0.721319,2,3,0,0.000000,1
near_hit_control,727,1,0.830075,0.721319,0,0,1,0.415037,0
near_hit_control,727,1,0.830075,0.721319,0,1,0,0.000000,1
near_hit_control,727,1,0.830075,0.721319,0,2,1,0.830075,0
near_hit_control,727,1,0.830075,0.721319,0,3,1,0.415037,0
near_hit_control,727,1,0.830075,0.721319,1,0,1,0.415037,0
near_hit_control,727,1,0.830075,0.721319,1,1,0,0.000000,1
near_hit_control,727,1,0.830075,0.721319,1,2,1,0.830075,0
near_hit_control,727,1,0.830075,0.721319,1,3,1,0.415037,0
near_hit_control,727,1,0.830075,0.721319,2,0,1,0.830075,0
near_hit_control,727,1,0.830075,0.721319,2,1,1,0.415037,0
near_hit_control,727,1,0.830075,0.721319,2,2,1,0.415037,0
near_hit_control,727,1,0.830075,0.721319,2,3,0,0.000000,1
near_hit_control,734,0,0.000000,0.438901,0,0,1,0.830075,1
near_hit_control,734,0,0.000000,0.438901,0,1,0,0.000000,0
near_hit_control,734,0,0.000000,0.438901,0,2,1,0.830075,1
near_hit_control,734,0,0.000000,0.438901,0,3,1,0.830075,1
near_hit_control,734,0,0.000000,0.438901,1,0,1,0.830075,1
near_hit_control,734,0,0.000000,0.438901,1,1,0,0.000000,0
near_hit_control,734,0,0.000000,0.438901,1,2,1,0.415037,1
near_hit_control,734,0,0.000000,0.438901,1,3,1,0.830075,1
near_hit_control,734,0,0.000000,0.438901,2,0,0,0.000000,0
near_hit_control,734,0,0.000000,0.438901,2,1,0,0.000000,0
near_hit_control,734,0,0.000000,0.438901,2,2,1,0.415037,1
near_hit_control,734,0,0.000000,0.438901,2,3,1,0.830075,1
near_hit_control,737,1,0.830075,0.721319,0,0,0,0.000000,1
near_hit_control,737,1,0.830075,0.721319,0,1,0,0.000000,1
near_hit_control,737,1,0.830075,0.721319,0,2,1,0.830075,0
near_hit_control,737,1,0.830075,0.721319,0,3,1,0.415037,0
near_hit_control,737,1,0.830075,0.721319,1,0,0,0.000000,1
near_hit_control,737,1,0.830075,0.721319,1,1,1,0.830075,0
near_hit_control,737,1,0.830075,0.721319,1,2,1,0.415037,0
near_hit_control,737,1,0.830075,0.721319,1,3,1,0.830075,0
near_hit_control,737,1,0.830075,0.721319,2,0,0,0.000000,1
near_hit_control,737,1,0.830075,0.721319,2,1,1,0.415037,0
near_hit_control,737,1,0.830075,0.721319,2,2,1,0.415037,0
near_hit_control,737,1,0.830075,0.721319,2,3,1,0.830075,0
near_hit_control,744,1,0.830075,0.721319,0,0,1,0.830075,0
near_hit_control,744,1,0.830075,0.721319,0,1,0,0.000000,1
near_hit_control,744,1,0.830075,0.721319,0,2,1,0.830075,0
near_hit_control,744,1,0.830075,0.721319,0,3,1,0.415037,0
near_hit_control,744,1,0.830075,0.721319,1,0,0,0.000000,1
near_hit_control,744,1,0.830075,0.721319,1,1,0,0.000000,1
near_hit_control,744,1,0.830075,0.721319,1,2,1,0.415037,0
near_hit_control,744,1,0.830075,0.721319,1,3,1,0.830075,0
near_hit_control,744,1,0.830075,0.721319,2,0,1,0.830075,0
near_hit_control,744,1,0.830075,0.721319,2,1,1,0.415037,0
near_hit_control,744,1,0.830075,0.721319,2,2,1,0.415037,0
near_hit_control,744,1,0.830075,0.721319,2,3,0,0.000000,1
near_hit_control,990,1,0.830075,0.541429,0,0,0,0.000000,1
near_hit_control,990,1,0.830075,0.541429,0,1,1,0.830075,0
near_hit_control,990,1,0.830075,0.541429,0,2,0,0.000000,1
near_hit_control,990,1,0.830075,0.541429,0,3,0,0.000000,1
near_hit_control,990,1,0.830075,0.541429,1,0,0,0.000000,1
near_hit_control,990,1,0.830075,0.541429,1,1,0,0.000000,1
near_hit_control,990,1,0.830075,0.541429,1,2,1,2.000000,0
near_hit_control,990,1,0.830075,0.541429,1,3,1,0.415037,0
near_hit_control,990,1,0.830075,0.541429,2,0,0,0.000000,1
near_hit_control,990,1,0.830075,0.541429,2,1,1,2.000000,0
near_hit_control,990,1,0.830075,0.541429,2,2,0,0.000000,1
near_hit_control,990,1,0.830075,0.541429,2,3,1,2.000000,0
near_hit_control,1006,1,0.415037,0.541429,0,0,1,0.830075,0
near_hit_control,1006,1,0.415037,0.541429,0,1,1,0.830075,0
near_hit_control,1006,1,0.415037,0.541429,0,2,0,0.000000,1
near_hit_control,1006,1,0.415037,0.541429,0,3,1,0.830075,0
near_hit_control,1006,1,0.415037,0.541429,1,0,0,0.000000,1
near_hit_control,1006,1,0.415037,0.541429,1,1,0,0.000000,1
near_hit_control,1006,1,0.415037,0.541429,1,2,1,2.000000,0
near_hit_control,1006,1,0.415037,0.541429,1,3,1,0.415037,0
near_hit_control,1006,1,0.415037,0.541429,2,0,0,0.000000,1
near_hit_control,1006,1,0.415037,0.541429,2,1,1,0.415037,0
near_hit_control,1006,1,0.415037,0.541429,2,2,0,0.000000,1
near_hit_control,1006,1,0.415037,0.541429,2,3,1,0.415037,0
near_hit_control,1063,0,0.000000,0.438901,0,0,1,0.415037,1
near_hit_control,1063,0,0.000000,0.438901,0,1,1,1.000000,1
near_hit_control,1063,0,0.000000,0.438901,0,2,0,0.000000,0
near_hit_control,1063,0,0.000000,0.438901,0,3,1,0.415037,1
near_hit_control,1063,0,0.000000,0.438901,1,0,0,0.000000,0
near_hit_control,1063,0,0.000000,0.438901,1,1,0,0.000000,0
near_hit_control,1063,0,0.000000,0.438901,1,2,1,0.415037,1
near_hit_control,1063,0,0.000000,0.438901,1,3,1,0.415037,1
near_hit_control,1063,0,0.000000,0.438901,2,0,1,0.415037,1
near_hit_control,1063,0,0.000000,0.438901,2,1,1,0.415037,1
near_hit_control,1063,0,0.000000,0.438901,2,2,0,0.000000,0
near_hit_control,1063,0,0.000000,0.438901,2,3,0,0.000000,0
near_hit_control,1064,0,0.000000,0.438901,0,0,1,0.415037,1
near_hit_control,1064,0,0.000000,0.438901,0,1,1,0.830075,1
near_hit_control,1064,0,0.000000,0.438901,0,2,0,0.000000,0
near_hit_control,1064,0,0.000000,0.438901,0,3,0,0.000000,0
near_hit_control,1064,0,0.000000,0.438901,1,0,1,0.830075,1
near_hit_control,1064,0,0.000000,0.438901,1,1,0,0.000000,0
near_hit_control,1064,0,0.000000,0.438901,1,2,1,0.830075,1
near_hit_control,1064,0,0.000000,0.438901,1,3,1,0.830075,1
near_hit_control,1064,0,0.000000,0.438901,2,0,1,0.415037,1
near_hit_control,1064,0,0.000000,0.438901,2,1,1,0.830075,1
near_hit_control,1064,0,0.000000,0.438901,2,2,1,0.830075,1
near_hit_control,1064,0,0.000000,0.438901,2,3,0,0.000000,0
near_hit_control,1080,1,0.830075,0.541429,0,0,1,0.415037,0
near_hit_control,1080,1,0.830075,0.541429,0,1,1,2.000000,0
near_hit_control,1080,1,0.830075,0.541429,0,2,0,0.000000,1
near_hit_control,1080,1,0.830075,0.541429,0,3,0,0.000000,1
near_hit_control,1080,1,0.830075,0.541429,1,0,0,0.000000,1
near_hit_control,1080,1,0.830075,0.541429,1,1,0,0.000000,1
near_hit_control,1080,1,0.830075,0.541429,1,2,1,0.830075,0
near_hit_control,1080,1,0.830075,0.541429,1,3,0,0.000000,1
near_hit_control,1080,1,0.830075,0.541429,2,0,1,2.000000,0
near_hit_control,1080,1,0.830075,0.541429,2,1,1,2.000000,0
near_hit_control,1080,1,0.830075,0.541429,2,2,0,0.000000,1
near_hit_control,1080,1,0.830075,0.541429,2,3,0,0.000000,1
near_hit_control,1140,0,0.000000,0.438901,0,0,0,0.000000,0
near_hit_control,1140,0,0.000000,0.438901,0,1,1,0.415037,1
near_hit_control,1140,0,0.000000,0.438901,0,2,0,0.000000,0
near_hit_control,1140,0,0.000000,0.438901,0,3,1,0.415037,1
near_hit_control,1140,0,0.000000,0.438901,1,0,1,0.415037,1
near_hit_control,1140,0,0.000000,0.438901,1,1,0,0.000000,0
near_hit_control,1140,0,0.000000,0.438901,1,2,1,0.415037,1
near_hit_control,1140,0,0.000000,0.438901,1,3,0,0.000000,0
near_hit_control,1140,0,0.000000,0.438901,2,0,1,0.415037,1
near_hit_control,1140,0,0.000000,0.438901,2,1,1,1.000000,1
near_hit_control,1140,0,0.000000,0.438901,2,2,0,0.000000,0
near_hit_control,1140,0,0.000000,0.438901,2,3,1,0.415037,1
near_hit_control,1141,1,0.415037,0.541429,0,0,1,0.415037,0
near_hit_control,1141,1,0.415037,0.541429,0,1,1,0.415037,0
near_hit_control,1141,1,0.415037,0.541429,0,2,0,0.000000,1
near_hit_control,1141,1,0.415037,0.541429,0,3,0,0.000000,1
near_hit_control,1141,1,0.415037,0.541429,1,0,1,0.415037,0
near_hit_control,1141,1,0.415037,0.541429,1,1,0,0.000000,1
near_hit_control,1141,1,0.415037,0.541429,1,2,1,2.000000,0
near_hit_control,1141,1,0.415037,0.541429,1,3,0,0.000000,1
near_hit_control,1141,1,0.415037,0.541429,2,0,0,0.000000,1
near_hit_control,1141,1,0.415037,0.541429,2,1,1,0.830075,0
near_hit_control,1141,1,0.415037,0.541429,2,2,1,0.830075,0
near_hit_control,1141,1,0.415037,0.541429,2,3,1,0.830075,0
near_hit_control,1148,1,0.415037,0.541429,0,0,0,0.000000,1
near_hit_control,1148,1,0.415037,0.541429,0,1,1,0.415037,0
near_hit_control,1148,1,0.415037,0.541429,0,2,0,0.000000,1
near_hit_control,1148,1,0.415037,0.541429,0,3,1,2.000000,0
near_hit_control,1148,1,0.415037,0.541429,1,0,1,0.415037,0
near_hit_control,1148,1,0.415037,0.541429,1,1,1,0.415037,0
near_hit_control,1148,1,0.415037,0.541429,1,2,0,0.000000,1
near_hit_control,1148,1,0.415037,0.541429,1,3,0,0.000000,1
near_hit_control,1148,1,0.415037,0.541429,2,0,1,0.830075,0
near_hit_control,1148,1,0.415037,0.541429,2,1,1,0.830075,0
near_hit_control,1148,1,0.415037,0.541429,2,2,1,0.830075,0
near_hit_control,1148,1,0.415037,0.541429,2,3,0,0.000000,1
near_hit_control,1156,0,0.000000,0.438901,0,0,1,0.830075,1
near_hit_control,1156,0,0.000000,0.438901,0,1,1,0.830075,1
near_hit_control,1156,0,0.000000,0.438901,0,2,0,0.000000,0
near_hit_control,1156,0,0.000000,0.438901,0,3,1,0.830075,1
near_hit_control,1156,0,0.000000,0.438901,1,0,1,0.415037,1
near_hit_control,1156,0,0.000000,0.438901,1,1,1,0.830075,1
near_hit_control,1156,0,0.000000,0.438901,1,2,1,0.830075,1
near_hit_control,1156,0,0.000000,0.438901,1,3,0,0.000000,0
near_hit_control,1156,0,0.000000,0.438901,2,0,1,0.415037,1
near_hit_control,1156,0,0.000000,0.438901,2,1,1,0.830075,1
near_hit_control,1156,0,0.000000,0.438901,2,2,0,0.000000,0
near_hit_control,1156,0,0.000000,0.438901,2,3,0,0.000000,0
near_hit_control,1186,1,0.415037,0.541429,0,0,0,0.000000,1
near_hit_control,1186,1,0.415037,0.541429,0,1,1,0.415037,0
near_hit_control,1186,1,0.415037,0.541429,0,2,0,0.000000,1
near_hit_control,1186,1,0.415037,0.541429,0,3,1,0.415037,0
near_hit_control,1186,1,0.415037,0.541429,1,0,1,0.830075,0
near_hit_control,1186,1,0.415037,0.541429,1,1,1,0.830075,0
near_hit_control,1186,1,0.415037,0.541429,1,2,0,0.000000,1
near_hit_control,1186,1,0.415037,0.541429,1,3,1,0.830075,0
near_hit_control,1186,1,0.415037,0.541429,2,0,1,2.000000,0
near_hit_control,1186,1,0.415037,0.541429,2,1,0,0.000000,1
near_hit_control,1186,1,0.415037,0.541429,2,2,1,0.415037,0
near_hit_control,1186,1,0.415037,0.541429,2,3,0,0.000000,1
near_hit_control,1192,1,0.830075,0.541429,0,0,0,0.000000,1
near_hit_control,1192,1,0.830075,0.541429,0,1,1,2.000000,0
near_hit_control,1192,1,0.830075,0.541429,0,2,0,0.000000,1
near_hit_control,1192,1,0.830075,0.541429,0,3,1,2.000000,0
near_hit_control,1192,1,0.830075,0.541429,1,0,0,0.000000,1
near_hit_control,1192,1,0.830075,0.541429,1,1,1,0.830075,0
near_hit_control,1192,1,0.830075,0.541429,1,2,0,0.000000,1
near_hit_control,1192,1,0.830075,0.541429,1,3,0,0.000000,1
near_hit_control,1192,1,0.830075,0.541429,2,0,1,2.000000,0
near_hit_control,1192,1,0.830075,0.541429,2,1,0,0.000000,1
near_hit_control,1192,1,0.830075,0.541429,2,2,1,0.415037,0
near_hit_control,1192,1,0.830075,0.541429,2,3,0,0.000000,1
near_hit_control,1208,0,0.000000,0.438901,0,0,1,0.830075,1
near_hit_control,1208,0,0.000000,0.438901,0,1,1,0.415037,1
near_hit_control,1208,0,0.000000,0.438901,0,2,0,0.000000,0
near_hit_control,1208,0,0.000000,0.438901,0,3,1,0.830075,1
near_hit_control,1208,0,0.000000,0.438901,1,0,1,0.830075,1
near_hit_control,1208,0,0.000000,0.438901,1,1,1,0.830075,1
near_hit_control,1208,0,0.000000,0.438901,1,2,0,0.000000,0
near_hit_control,1208,0,0.000000,0.438901,1,3,1,0.830075,1
near_hit_control,1208,0,0.000000,0.438901,2,0,1,0.830075,1
near_hit_control,1208,0,0.000000,0.438901,2,1,0,0.000000,0
near_hit_control,1208,0,0.000000,0.438901,2,2,1,0.415037,1
near_hit_control,1208,0,0.000000,0.438901,2,3,0,0.000000,0
near_hit_control,1218,1,0.415037,0.541429,0,0,1,2.000000,0
near_hit_control,1218,1,0.415037,0.541429,0,1,1,0.415037,0
near_hit_control,1218,1,0.415037,0.541429,0,2,0,0.000000,1
near_hit_control,1218,1,0.415037,0.541429,0,3,0,0.000000,1
near_hit_control,1218,1,0.415037,0.541429,1,0,1,0.830075,0
near_hit_control,1218,1,0.415037,0.541429,1,1,0,0.000000,1
near_hit_control,1218,1,0.415037,0.541429,1,2,1,0.830075,0
near_hit_control,1218,1,0.415037,0.541429,1,3,1,0.830075,0
near_hit_control,1218,1,0.415037,0.541429,2,0,0,0.000000,1
near_hit_control,1218,1,0.415037,0.541429,2,1,0,0.000000,1
near_hit_control,1218,1,0.415037,0.541429,2,2,1,0.415037,0
near_hit_control,1218,1,0.415037,0.541429,2,3,1,0.415037,0
near_hit_control,1233,0,0.000000,0.438901,0,0,1,0.830075,1
near_hit_control,1233,0,0.000000,0.438901,0,1,1,0.415037,1
near_hit_control,1233,0,0.000000,0.438901,0,2,0,0.000000,0
near_hit_control,1233,0,0.000000,0.438901,0,3,1,0.830075,1
near_hit_control,1233,0,0.000000,0.438901,1,0,1,0.415037,1
near_hit_control,1233,0,0.000000,0.438901,1,1,0,0.000000,0
near_hit_control,1233,0,0.000000,0.438901,1,2,1,0.830075,1
near_hit_control,1233,0,0.000000,0.438901,1,3,0,0.000000,0
near_hit_control,1233,0,0.000000,0.438901,2,0,0,0.000000,0
near_hit_control,1233,0,0.000000,0.438901,2,1,1,0.830075,1
near_hit_control,1233,0,0.000000,0.438901,2,2,1,0.830075,1
near_hit_control,1233,0,0.000000,0.438901,2,3,1,0.830075,1
near_hit_control,1235,1,0.830075,0.541429,0,0,0,0.000000,1
near_hit_control,1235,1,0.830075,0.541429,0,1,1,2.000000,0
near_hit_control,1235,1,0.830075,0.541429,0,2,0,0.000000,1
near_hit_control,1235,1,0.830075,0.541429,0,3,1,0.415037,0
near_hit_control,1235,1,0.830075,0.541429,1,0,0,0.000000,1
near_hit_control,1235,1,0.830075,0.541429,1,1,0,0.000000,1
near_hit_control,1235,1,0.830075,0.541429,1,2,1,2.000000,0
near_hit_control,1235,1,0.830075,0.541429,1,3,1,2.000000,0
near_hit_control,1235,1,0.830075,0.541429,2,0,1,0.830075,0
near_hit_control,1235,1,0.830075,0.541429,2,1,0,0.000000,1
near_hit_control,1235,1,0.830075,0.541429,2,2,0,0.000000,1
near_hit_control,1235,1,0.830075,0.541429,2,3,0,0.000000,1
near_hit_control,1237,1,0.830075,0.541429,0,0,1,2.000000,0
near_hit_control,1237,1,0.830075,0.541429,0,1,1,2.000000,0
near_hit_control,1237,1,0.830075,0.541429,0,2,0,0.000000,1
near_hit_control,1237,1,0.830075,0.541429,0,3,0,0.000000,1
near_hit_control,1237,1,0.830075,0.541429,1,0,1,0.415037,0
near_hit_control,1237,1,0.830075,0.541429,1,1,0,0.000000,1
near_hit_control,1237,1,0.830075,0.541429,1,2,1,2.000000,0
near_hit_control,1237,1,0.830075,0.541429,1,3,0,0.000000,1
near_hit_control,1237,1,0.830075,0.541429,2,0,0,0.000000,1
near_hit_control,1237,1,0.830075,0.541429,2,1,0,0.000000,1
near_hit_control,1237,1,0.830075,0.541429,2,2,0,0.000000,1
near_hit_control,1237,1,0.830075,0.541429,2,3,1,0.830075,0
near_hit_control,1239,0,0.000000,0.438901,0,0,0,0.000000,0
near_hit_control,1239,0,0.000000,0.438901,0,1,1,0.830075,1
near_hit_control,1239,0,0.000000,0.438901,0,2,0,0.000000,0
near_hit_control,1239,0,0.000000,0.438901,0,3,1,0.415037,1
near_hit_control,1239,0,0.000000,0.438901,1,0,1,0.830075,1
near_hit_control,1239,0,0.000000,0.438901,1,1,0,0.000000,0
near_hit_control,1239,0,0.000000,0.438901,1,2,1,0.415037,1
near_hit_control,1239,0,0.000000,0.438901,1,3,1,0.830075,1
near_hit_control,1239,0,0.000000,0.438901,2,0,1,0.830075,1
near_hit_control,1239,0,0.000000,0.438901,2,1,1,0.830075,1
near_hit_control,1239,0,0.000000,0.438901,2,2,1,0.830075,1
near_hit_control,1239,0,0.000000,0.438901,2,3,0,0.000000,0
near_hit_control,1250,0,0.000000,0.438901,0,0,1,0.415037,1
near_hit_control,1250,0,0.000000,0.438901,0,1,1,0.415037,1
near_hit_control,1250,0,0.000000,0.438901,0,2,0,0.000000,0
near_hit_control,1250,0,0.000000,0.438901,0,3,0,0.000000,0
near_hit_control,1250,0,0.000000,0.438901,1,0,0,0.000000,0
near_hit_control,1250,0,0.000000,0.438901,1,1,1,0.415037,1
near_hit_control,1250,0,0.000000,0.438901,1,2,1,0.415037,1
near_hit_control,1250,0,0.000000,0.438901,1,3,1,1.000000,1
near_hit_control,1250,0,0.000000,0.438901,2,0,1,0.415037,1
near_hit_control,1250,0,0.000000,0.438901,2,1,0,0.000000,0
near_hit_control,1250,0,0.000000,0.438901,2,2,1,0.415037,1
near_hit_control,1250,0,0.000000,0.438901,2,3,0,0.000000,0
near_hit_control,1261,0,0.000000,0.438901,0,0,1,0.830075,1
near_hit_control,1261,0,0.000000,0.438901,0,1,1,0.830075,1
near_hit_control,1261,0,0.000000,0.438901,0,2,0,0.000000,0
near_hit_control,1261,0,0.000000,0.438901,0,3,1,0.830075,1
near_hit_control,1261,0,0.000000,0.438901,1,0,0,0.000000,0
near_hit_control,1261,0,0.000000,0.438901,1,1,0,0.000000,0
near_hit_control,1261,0,0.000000,0.438901,1,2,1,0.415037,1
near_hit_control,1261,0,0.000000,0.438901,1,3,1,0.830075,1
near_hit_control,1261,0,0.000000,0.438901,2,0,1,0.830075,1
near_hit_control,1261,0,0.000000,0.438901,2,1,0,0.000000,0
near_hit_control,1261,0,0.000000,0.438901,2,2,1,0.415037,1
near_hit_control,1261,0,0.000000,0.438901,2,3,1,0.830075,1
near_hit_control,1319,1,0.415037,0.541429,0,0,0,0.000000,1
near_hit_control,1319,1,0.415037,0.541429,0,1,1,0.830075,0
near_hit_control,1319,1,0.415037,0.541429,0,2,1,0.830075,0
near_hit_control,1319,1,0.415037,0.541429,0,3,1,0.830075,0
near_hit_control,1319,1,0.415037,0.541429,1,0,1,0.415037,0
near_hit_control,1319,1,0.415037,0.541429,1,1,0,0.000000,1
near_hit_control,1319,1,0.415037,0.541429,1,2,1,0.415037,0
near_hit_control,1319,1,0.415037,0.541429,1,3,0,0.000000,1
near_hit_control,1319,1,0.415037,0.541429,2,0,1,0.415037,0
near_hit_control,1319,1,0.415037,0.541429,2,1,1,2.000000,0
near_hit_control,1319,1,0.415037,0.541429,2,2,0,0.000000,1
near_hit_control,1319,1,0.415037,0.541429,2,3,0,0.000000,1
near_hit_control,1323,1,0.830075,0.541429,0,0,0,0.000000,1
near_hit_control,1323,1,0.830075,0.541429,0,1,0,0.000000,1
near_hit_control,1323,1,0.830075,0.541429,0,2,0,0.000000,1
near_hit_control,1323,1,0.830075,0.541429,0,3,1,0.830075,0
near_hit_control,1323,1,0.830075,0.541429,1,0,1,2.000000,0
near_hit_control,1323,1,0.830075,0.541429,1,1,0,0.000000,1
near_hit_control,1323,1,0.830075,0.541429,1,2,1,2.000000,0
near_hit_control,1323,1,0.830075,0.541429,1,3,0,0.000000,1
near_hit_control,1323,1,0.830075,0.541429,2,0,1,0.415037,0
near_hit_control,1323,1,0.830075,0.541429,2,1,1,2.000000,0
near_hit_control,1323,1,0.830075,0.541429,2,2,0,0.000000,1
near_hit_control,1323,1,0.830075,0.541429,2,3,0,0.000000,1
near_hit_control,1412,1,0.830075,0.541429,0,0,0,0.000000,1
near_hit_control,1412,1,0.830075,0.541429,0,1,1,0.830075,0
near_hit_control,1412,1,0.830075,0.541429,0,2,0,0.000000,1
near_hit_control,1412,1,0.830075,0.541429,0,3,0,0.000000,1
near_hit_control,1412,1,0.830075,0.541429,1,0,1,2.000000,0
near_hit_control,1412,1,0.830075,0.541429,1,1,0,0.000000,1
near_hit_control,1412,1,0.830075,0.541429,1,2,1,2.000000,0
near_hit_control,1412,1,0.830075,0.541429,1,3,0,0.000000,1
near_hit_control,1412,1,0.830075,0.541429,2,0,1,0.415037,0
near_hit_control,1412,1,0.830075,0.541429,2,1,1,2.000000,0
near_hit_control,1412,1,0.830075,0.541429,2,2,0,0.000000,1
near_hit_control,1412,1,0.830075,0.541429,2,3,0,0.000000,1
near_hit_control,1416,1,0.415037,0.541429,0,0,1,0.830075,0
near_hit_control,1416,1,0.415037,0.541429,0,1,1,0.830075,0
near_hit_control,1416,1,0.415037,0.541429,0,2,0,0.000000,1
near_hit_control,1416,1,0.415037,0.541429,0,3,1,0.830075,0
near_hit_control,1416,1,0.415037,0.541429,1,0,1,0.415037,0
near_hit_control,1416,1,0.415037,0.541429,1,1,0,0.000000,1
near_hit_control,1416,1,0.415037,0.541429,1,2,1,0.415037,0
near_hit_control,1416,1,0.415037,0.541429,1,3,0,0.000000,1
near_hit_control,1416,1,0.415037,0.541429,2,0,1,0.415037,0
near_hit_control,1416,1,0.415037,0.541429,2,1,1,2.000000,0
near_hit_control,1416,1,0.415037,0.541429,2,2,0,0.000000,1
near_hit_control,1416,1,0.415037,0.541429,2,3,0,0.000000,1
near_hit_control,1457,1,0.415037,0.541429,0,0,1,0.830075,0
near_hit_control,1457,1,0.415037,0.541429,0,1,1,0.830075,0
near_hit_control,1457,1,0.415037,0.541429,0,2,1,0.830075,0
near_hit_control,1457,1,0.415037,0.541429,0,3,0,0.000000,1
near_hit_control,1457,1,0.415037,0.541429,1,0,0,0.000000,1
near_hit_control,1457,1,0.415037,0.541429,1,1,1,0.415037,0
near_hit_control,1457,1,0.415037,0.541429,1,2,0,0.000000,1
near_hit_control,1457,1,0.415037,0.541429,1,3,1,0.415037,0
near_hit_control,1457,1,0.415037,0.541429,2,0,0,0.000000,1
near_hit_control,1457,1,0.415037,0.541429,2,1,0,0.000000,1
near_hit_control,1457,1,0.415037,0.541429,2,2,1,2.000000,0
near_hit_control,1457,1,0.415037,0.541429,2,3,1,0.415037,0
near_hit_control,1458,1,0.830075,0.541429,0,0,1,0.830075,0
near_hit_control,1458,1,0.830075,0.541429,0,1,0,0.000000,1
near_hit_control,1458,1,0.830075,0.541429,0,2,0,0.000000,1
near_hit_control,1458,1,0.830075,0.541429,0,3,0,0.000000,1
near_hit_control,1458,1,0.830075,0.541429,1,0,0,0.000000,1
near_hit_control,1458,1,0.830075,0.541429,1,1,1,2.000000,0
near_hit_control,1458,1,0.830075,0.541429,1,2,0,0.000000,1
near_hit_control,1458,1,0.830075,0.541429,1,3,1,2.000000,0
near_hit_control,1458,1,0.830075,0.541429,2,0,0,0.000000,1
near_hit_control,1458,1,0.830075,0.541429,2,1,0,0.000000,1
near_hit_control,1458,1,0.830075,0.541429,2,2,1,2.000000,0
near_hit_control,1458,1,0.830075,0.541429,2,3,1,0.415037,0
near_hit_control,1517,1,0.830075,0.541429,0,0,0,0.000000,1
near_hit_control,1517,1,0.830075,0.541429,0,1,0,0.000000,1
near_hit_control,1517,1,0.830075,0.541429,0,2,1,0.830075,0
near_hit_control,1517,1,0.830075,0.541429,0,3,0,0.000000,1
near_hit_control,1517,1,0.830075,0.541429,1,0,0,0.000000,1
near_hit_control,1517,1,0.830075,0.541429,1,1,1,2.000000,0
near_hit_control,1517,1,0.830075,0.541429,1,2,0,0.000000,1
near_hit_control,1517,1,0.830075,0.541429,1,3,1,2.000000,0
near_hit_control,1517,1,0.830075,0.541429,2,0,0,0.000000,1
near_hit_control,1517,1,0.830075,0.541429,2,1,0,0.000000,1
near_hit_control,1517,1,0.830075,0.541429,2,2,1,2.000000,0
near_hit_control,1517,1,0.830075,0.541429,2,3,1,0.415037,0
near_hit_control,1518,1,0.415037,0.541429,0,0,1,0.830075,0
near_hit_control,1518,1,0.415037,0.541429,0,1,0,0.000000,1
near_hit_control,1518,1,0.415037,0.541429,0,2,1,0.830075,0
near_hit_control,1518,1,0.415037,0.541429,0,3,1,0.830075,0
near_hit_control,1518,1,0.415037,0.541429,1,0,0,0.000000,1
near_hit_control,1518,1,0.415037,0.541429,1,1,1,0.415037,0
near_hit_control,1518,1,0.415037,0.541429,1,2,0,0.000000,1
near_hit_control,1518,1,0.415037,0.541429,1,3,1,0.415037,0
near_hit_control,1518,1,0.415037,0.541429,2,0,0,0.000000,1
near_hit_control,1518,1,0.415037,0.541429,2,1,0,0.000000,1
near_hit_control,1518,1,0.415037,0.541429,2,2,1,2.000000,0
near_hit_control,1518,1,0.415037,0.541429,2,3,1,0.415037,0
near_hit_control,1816,0,0.000000,0.398069,0,0,1,0.415037,1
near_hit_control,1816,0,0.000000,0.398069,0,1,1,0.830075,1
near_hit_control,1816,0,0.000000,0.398069,0,2,1,0.830075,1
near_hit_control,1816,0,0.000000,0.398069,0,3,0,0.000000,0
near_hit_control,1816,0,0.000000,0.398069,1,0,0,0.000000,0
near_hit_control,1816,0,0.000000,0.398069,1,1,1,0.415037,1
near_hit_control,1816,0,0.000000,0.398069,1,2,0,0.000000,0
near_hit_control,1816,0,0.000000,0.398069,1,3,1,0.830075,1
near_hit_control,1816,0,0.000000,0.398069,2,0,1,0.830075,1
near_hit_control,1816,0,0.000000,0.398069,2,1,1,0.830075,1
near_hit_control,1816,0,0.000000,0.398069,2,2,1,0.830075,1
near_hit_control,1816,0,0.000000,0.398069,2,3,0,0.000000,0
near_hit_control,1818,1,0.830075,0.512214,0,0,1,2.000000,0
near_hit_control,1818,1,0.830075,0.512214,0,1,1,2.000000,0
near_hit_control,1818,1,0.830075,0.512214,0,2,0,0.000000,1
near_hit_control,1818,1,0.830075,0.512214,0,3,0,0.000000,1
near_hit_control,1818,1,0.830075,0.512214,1,0,0,0.000000,1
near_hit_control,1818,1,0.830075,0.512214,1,1,1,0.415037,0
near_hit_control,1818,1,0.830075,0.512214,1,2,0,0.000000,1
near_hit_control,1818,1,0.830075,0.512214,1,3,1,2.000000,0
near_hit_control,1818,1,0.830075,0.512214,2,0,1,0.830075,0
near_hit_control,1818,1,0.830075,0.512214,2,1,0,0.000000,1
near_hit_control,1818,1,0.830075,0.512214,2,2,0,0.000000,1
near_hit_control,1818,1,0.830075,0.512214,2,3,0,0.000000,1
near_hit_control,1820,1,0.830075,0.512214,0,0,1,2.000000,0
near_hit_control,1820,1,0.830075,0.512214,0,1,0,0.000000,1
near_hit_control,1820,1,0.830075,0.512214,0,2,1,0.415037,0
near_hit_control,1820,1,0.830075,0.512214,0,3,0,0.000000,1
near_hit_control,1820,1,0.830075,0.512214,1,0,0,0.000000,1
near_hit_control,1820,1,0.830075,0.512214,1,1,0,0.000000,1
near_hit_control,1820,1,0.830075,0.512214,1,2,1,2.000000,0
near_hit_control,1820,1,0.830075,0.512214,1,3,1,2.000000,0
near_hit_control,1820,1,0.830075,0.512214,2,0,0,0.000000,1
near_hit_control,1820,1,0.830075,0.512214,2,1,0,0.000000,1
near_hit_control,1820,1,0.830075,0.512214,2,2,0,0.000000,1
near_hit_control,1820,1,0.830075,0.512214,2,3,1,0.830075,0
near_hit_control,1822,0,0.000000,0.398069,0,0,1,0.830075,1
near_hit_control,1822,0,0.000000,0.398069,0,1,0,0.000000,0
near_hit_control,1822,0,0.000000,0.398069,0,2,1,0.415037,1
near_hit_control,1822,0,0.000000,0.398069,0,3,0,0.000000,0
near_hit_control,1822,0,0.000000,0.398069,1,0,0,0.000000,0
near_hit_control,1822,0,0.000000,0.398069,1,1,1,0.830075,1
near_hit_control,1822,0,0.000000,0.398069,1,2,1,0.830075,1
near_hit_control,1822,0,0.000000,0.398069,1,3,1,0.415037,1
near_hit_control,1822,0,0.000000,0.398069,2,0,0,0.000000,0
near_hit_control,1822,0,0.000000,0.398069,2,1,1,0.830075,1
near_hit_control,1822,0,0.000000,0.398069,2,2,1,0.830075,1
near_hit_control,1822,0,0.000000,0.398069,2,3,1,0.830075,1
near_hit_control,1828,0,0.000000,0.398069,0,0,1,0.415037,1
near_hit_control,1828,0,0.000000,0.398069,0,1,1,0.415037,1
near_hit_control,1828,0,0.000000,0.398069,0,2,0,0.000000,0
near_hit_control,1828,0,0.000000,0.398069,0,3,0,0.000000,0
near_hit_control,1828,0,0.000000,0.398069,1,0,1,0.415037,1
near_hit_control,1828,0,0.000000,0.398069,1,1,0,0.000000,0
near_hit_control,1828,0,0.000000,0.398069,1,2,1,1.000000,1
near_hit_control,1828,0,0.000000,0.398069,1,3,1,0.415037,1
near_hit_control,1828,0,0.000000,0.398069,2,0,0,0.000000,0
near_hit_control,1828,0,0.000000,0.398069,2,1,1,0.415037,1
near_hit_control,1828,0,0.000000,0.398069,2,2,0,0.000000,0
near_hit_control,1828,0,0.000000,0.398069,2,3,1,0.415037,1
near_hit_control,1835,0,0.000000,0.398069,0,0,1,0.830075,1
near_hit_control,1835,0,0.000000,0.398069,0,1,1,0.830075,1
near_hit_control,1835,0,0.000000,0.398069,0,2,1,0.830075,1
near_hit_control,1835,0,0.000000,0.398069,0,3,0,0.000000,0
near_hit_control,1835,0,0.000000,0.398069,1,0,0,0.000000,0
near_hit_control,1835,0,0.000000,0.398069,1,1,0,0.000000,0
near_hit_control,1835,0,0.000000,0.398069,1,2,1,0.830075,1
near_hit_control,1835,0,0.000000,0.398069,1,3,1,0.415037,1
near_hit_control,1835,0,0.000000,0.398069,2,0,1,0.830075,1
near_hit_control,1835,0,0.000000,0.398069,2,1,1,0.415037,1
near_hit_control,1835,0,0.000000,0.398069,2,2,0,0.000000,0
near_hit_control,1835,0,0.000000,0.398069,2,3,1,0.830075,1
near_hit_control,1844,1,0.415037,0.512214,0,0,1,0.415037,0
near_hit_control,1844,1,0.415037,0.512214,0,1,1,2.000000,0
near_hit_control,1844,1,0.415037,0.512214,0,2,0,0.000000,1
near_hit_control,1844,1,0.415037,0.512214,0,3,0,0.000000,1
near_hit_control,1844,1,0.415037,0.512214,1,0,0,0.000000,1
near_hit_control,1844,1,0.415037,0.512214,1,1,1,0.830075,0
near_hit_control,1844,1,0.415037,0.512214,1,2,1,0.830075,0
near_hit_control,1844,1,0.415037,0.512214,1,3,1,0.830075,0
near_hit_control,1844,1,0.415037,0.512214,2,0,1,0.415037,0
near_hit_control,1844,1,0.415037,0.512214,2,1,1,0.415037,0
near_hit_control,1844,1,0.415037,0.512214,2,2,0,0.000000,1
near_hit_control,1844,1,0.415037,0.512214,2,3,0,0.000000,1
near_hit_control,1858,0,0.000000,0.398069,0,0,1,0.415037,1
near_hit_control,1858,0,0.000000,0.398069,0,1,0,0.000000,0
near_hit_control,1858,0,0.000000,0.398069,0,2,1,0.415037,1
near_hit_control,1858,0,0.000000,0.398069,0,3,0,0.000000,0
near_hit_control,1858,0,0.000000,0.398069,1,0,0,0.000000,0
near_hit_control,1858,0,0.000000,0.398069,1,1,1,0.415037,1
near_hit_control,1858,0,0.000000,0.398069,1,2,0,0.000000,0
near_hit_control,1858,0,0.000000,0.398069,1,3,1,0.415037,1
near_hit_control,1858,0,0.000000,0.398069,2,0,1,0.415037,1
near_hit_control,1858,0,0.000000,0.398069,2,1,0,0.000000,0
near_hit_control,1858,0,0.000000,0.398069,2,2,1,1.000000,1
near_hit_control,1858,0,0.000000,0.398069,2,3,1,0.415037,1
near_hit_control,1859,1,0.415037,0.512214,0,0,1,0.415037,0
near_hit_control,1859,1,0.415037,0.512214,0,1,0,0.000000,1
near_hit_control,1859,1,0.415037,0.512214,0,2,1,2.000000,0
near_hit_control,1859,1,0.415037,0.512214,0,3,0,0.000000,1
near_hit_control,1859,1,0.415037,0.512214,1,0,1,0.415037,0
near_hit_control,1859,1,0.415037,0.512214,1,1,1,0.415037,0
near_hit_control,1859,1,0.415037,0.512214,1,2,0,0.000000,1
near_hit_control,1859,1,0.415037,0.512214,1,3,0,0.000000,1
near_hit_control,1859,1,0.415037,0.512214,2,0,0,0.000000,1
near_hit_control,1859,1,0.415037,0.512214,2,1,1,0.830075,0
near_hit_control,1859,1,0.415037,0.512214,2,2,1,0.830075,0
near_hit_control,1859,1,0.415037,0.512214,2,3,1,0.830075,0
near_hit_control,1866,1,0.415037,0.512214,0,0,1,0.415037,0
near_hit_control,1866,1,0.415037,0.512214,0,1,1,0.415037,0
near_hit_control,1866,1,0.415037,0.512214,0,2,0,0.000000,1
near_hit_control,1866,1,0.415037,0.512214,0,3,0,0.000000,1
near_hit_control,1866,1,0.415037,0.512214,1,0,0,0.000000,1
near_hit_control,1866,1,0.415037,0.512214,1,1,1,0.415037,0
near_hit_control,1866,1,0.415037,0.512214,1,2,0,0.000000,1
near_hit_control,1866,1,0.415037,0.512214,1,3,1,2.000000,0
near_hit_control,1866,1,0.415037,0.512214,2,0,1,0.830075,0
near_hit_control,1866,1,0.415037,0.512214,2,1,1,0.830075,0
near_hit_control,1866,1,0.415037,0.512214,2,2,1,0.830075,0
near_hit_control,1866,1,0.415037,0.512214,2,3,0,0.000000,1
near_hit_control,1921,0,0.000000,0.398069,0,0,1,0.415037,1
near_hit_control,1921,0,0.000000,0.398069,0,1,1,0.830075,1
near_hit_control,1921,0,0.000000,0.398069,0,2,1,0.830075,1
near_hit_control,1921,0,0.000000,0.398069,0,3,0,0.000000,0
near_hit_control,1921,0,0.000000,0.398069,1,0,1,0.830075,1
near_hit_control,1921,0,0.000000,0.398069,1,1,1,0.830075,1
near_hit_control,1921,0,0.000000,0.398069,1,2,1,0.830075,1
near_hit_control,1921,0,0.000000,0.398069,1,3,0,0.000000,0
near_hit_control,1921,0,0.000000,0.398069,2,0,0,0.000000,0
near_hit_control,1921,0,0.000000,0.398069,2,1,1,0.415037,1
near_hit_control,1921,0,0.000000,0.398069,2,2,0,0.000000,0
near_hit_control,1921,0,0.000000,0.398069,2,3,1,0.830075,1
near_hit_control,1953,1,0.830075,0.512214,0,0,1,2.000000,0
near_hit_control,1953,1,0.830075,0.512214,0,1,0,0.000000,1
near_hit_control,1953,1,0.830075,0.512214,0,2,1,2.000000,0
near_hit_control,1953,1,0.830075,0.512214,0,3,0,0.000000,1
near_hit_control,1953,1,0.830075,0.512214,1,0,1,0.830075,0
near_hit_control,1953,1,0.830075,0.512214,1,1,0,0.000000,1
near_hit_control,1953,1,0.830075,0.512214,1,2,0,0.000000,1
near_hit_control,1953,1,0.830075,0.512214,1,3,0,0.000000,1
near_hit_control,1953,1,0.830075,0.512214,2,0,0,0.000000,1
near_hit_control,1953,1,0.830075,0.512214,2,1,1,0.415037,0
near_hit_control,1953,1,0.830075,0.512214,2,2,0,0.000000,1
near_hit_control,1953,1,0.830075,0.512214,2,3,1,2.000000,0
near_hit_control,1956,1,0.415037,0.512214,0,0,1,0.415037,0
near_hit_control,1956,1,0.415037,0.512214,0,1,0,0.000000,1
near_hit_control,1956,1,0.415037,0.512214,0,2,1,0.415037,0
near_hit_control,1956,1,0.415037,0.512214,0,3,0,0.000000,1
near_hit_control,1956,1,0.415037,0.512214,1,0,1,0.830075,0
near_hit_control,1956,1,0.415037,0.512214,1,1,1,0.830075,0
near_hit_control,1956,1,0.415037,0.512214,1,2,1,0.830075,0
near_hit_control,1956,1,0.415037,0.512214,1,3,0,0.000000,1
near_hit_control,1956,1,0.415037,0.512214,2,0,0,0.000000,1
near_hit_control,1956,1,0.415037,0.512214,2,1,1,0.415037,0
near_hit_control,1956,1,0.415037,0.512214,2,2,0,0.000000,1
near_hit_control,1956,1,0.415037,0.512214,2,3,1,2.000000,0
near_hit_control,1970,0,0.000000,0.398069,0,0,1,0.830075,1
near_hit_control,1970,0,0.000000,0.398069,0,1,1,0.830075,1
near_hit_control,1970,0,0.000000,0.398069,0,2,1,0.830075,1
near_hit_control,1970,0,0.000000,0.398069,0,3,0,0.000000,0
near_hit_control,1970,0,0.000000,0.398069,1,0,1,0.830075,1
near_hit_control,1970,0,0.000000,0.398069,1,1,1,0.415037,1
near_hit_control,1970,0,0.000000,0.398069,1,2,0,0.000000,0
near_hit_control,1970,0,0.000000,0.398069,1,3,1,0.830075,1
near_hit_control,1970,0,0.000000,0.398069,2,0,0,0.000000,0
near_hit_control,1970,0,0.000000,0.398069,2,1,0,0.000000,0
near_hit_control,1970,0,0.000000,0.398069,2,2,1,0.830075,1
near_hit_control,1970,0,0.000000,0.398069,2,3,1,0.415037,1
near_hit_control,1985,1,0.830075,0.512214,0,0,1,2.000000,0
near_hit_control,1985,1,0.830075,0.512214,0,1,1,0.415037,0
near_hit_control,1985,1,0.830075,0.512214,0,2,0,0.000000,1
near_hit_control,1985,1,0.830075,0.512214,0,3,0,0.000000,1
near_hit_control,1985,1,0.830075,0.512214,1,0,0,0.000000,1
near_hit_control,1985,1,0.830075,0.512214,1,1,0,0.000000,1
near_hit_control,1985,1,0.830075,0.512214,1,2,0,0.000000,1
near_hit_control,1985,1,0.830075,0.512214,1,3,1,0.830075,0
near_hit_control,1985,1,0.830075,0.512214,2,0,0,0.000000,1
near_hit_control,1985,1,0.830075,0.512214,2,1,0,0.000000,1
near_hit_control,1985,1,0.830075,0.512214,2,2,1,2.000000,0
near_hit_control,1985,1,0.830075,0.512214,2,3,1,2.000000,0
near_hit_control,2017,0,0.000000,0.398069,0,0,1,0.830075,1
near_hit_control,2017,0,0.000000,0.398069,0,1,1,0.415037,1
near_hit_control,2017,0,0.000000,0.398069,0,2,0,0.000000,0
near_hit_control,2017,0,0.000000,0.398069,0,3,0,0.000000,0
near_hit_control,2017,0,0.000000,0.398069,1,0,0,0.000000,0
near_hit_control,2017,0,0.000000,0.398069,1,1,1,0.830075,1
near_hit_control,2017,0,0.000000,0.398069,1,2,1,0.830075,1
near_hit_control,2017,0,0.000000,0.398069,1,3,1,0.830075,1
near_hit_control,2017,0,0.000000,0.398069,2,0,0,0.000000,0
near_hit_control,2017,0,0.000000,0.398069,2,1,1,0.830075,1
near_hit_control,2017,0,0.000000,0.398069,2,2,1,0.830075,1
near_hit_control,2017,0,0.000000,0.398069,2,3,1,0.415037,1
near_hit_control,2030,0,0.000000,0.398069,0,0,1,1.000000,1
near_hit_control,2030,0,0.000000,0.398069,0,1,1,0.415037,1
near_hit_control,2030,0,0.000000,0.398069,0,2,1,0.415037,1
near_hit_control,2030,0,0.000000,0.398069,0,3,0,0.000000,0
near_hit_control,2030,0,0.000000,0.398069,1,0,0,0.000000,0
near_hit_control,2030,0,0.000000,0.398069,1,1,0,0.000000,0
near_hit_control,2030,0,0.000000,0.398069,1,2,1,0.415037,1
near_hit_control,2030,0,0.000000,0.398069,1,3,1,0.415037,1
near_hit_control,2030,0,0.000000,0.398069,2,0,0,0.000000,0
near_hit_control,2030,0,0.000000,0.398069,2,1,0,0.000000,0
near_hit_control,2030,0,0.000000,0.398069,2,2,1,0.415037,1
near_hit_control,2030,0,0.000000,0.398069,2,3,1,0.415037,1
near_hit_control,2071,0,0.000000,0.398069,0,0,1,0.830075,1
near_hit_control,2071,0,0.000000,0.398069,0,1,1,0.830075,1
near_hit_control,2071,0,0.000000,0.398069,0,2,1,0.830075,1
near_hit_control,2071,0,0.000000,0.398069,0,3,0,0.000000,0
near_hit_control,2071,0,0.000000,0.398069,1,0,0,0.000000,0
near_hit_control,2071,0,0.000000,0.398069,1,1,0,0.000000,0
near_hit_control,2071,0,0.000000,0.398069,1,2,1,0.415037,1
near_hit_control,2071,0,0.000000,0.398069,1,3,1,0.830075,1
near_hit_control,2071,0,0.000000,0.398069,2,0,1,0.415037,1
near_hit_control,2071,0,0.000000,0.398069,2,1,1,0.830075,1
near_hit_control,2071,0,0.000000,0.398069,2,2,1,0.830075,1
near_hit_control,2071,0,0.000000,0.398069,2,3,0,0.000000,0
near_hit_control,2072,0,0.000000,0.398069,0,0,1,0.415037,1
near_hit_control,2072,0,0.000000,0.398069,0,1,1,0.415037,1
near_hit_control,2072,0,0.000000,0.398069,0,2,0,0.000000,0
near_hit_control,2072,0,0.000000,0.398069,0,3,0,0.000000,0
near_hit_control,2072,0,0.000000,0.398069,1,0,0,0.000000,0
near_hit_control,2072,0,0.000000,0.398069,1,1,1,0.415037,1
near_hit_control,2072,0,0.000000,0.398069,1,2,1,0.415037,1
near_hit_control,2072,0,0.000000,0.398069,1,3,1,1.000000,1
near_hit_control,2072,0,0.000000,0.398069,2,0,1,0.415037,1
near_hit_control,2072,0,0.000000,0.398069,2,1,0,0.000000,0
near_hit_control,2072,0,0.000000,0.398069,2,2,1,0.415037,1
near_hit_control,2072,0,0.000000,0.398069,2,3,0,0.000000,0
near_hit_control,2084,0,0.000000,0.398069,0,0,1,0.415037,1
near_hit_control,2084,0,0.000000,0.398069,0,1,1,0.830075,1
near_hit_control,2084,0,0.000000,0.398069,0,2,1,0.830075,1
near_hit_control,2084,0,0.000000,0.398069,0,3,0,0.000000,0
near_hit_control,2084,0,0.000000,0.398069,1,0,1,0.415037,1
near_hit_control,2084,0,0.000000,0.398069,1,1,0,0.000000,0
near_hit_control,2084,0,0.000000,0.398069,1,2,1,0.830075,1
near_hit_control,2084,0,0.000000,0.398069,1,3,0,0.000000,0
near_hit_control,2084,0,0.000000,0.398069,2,0,1,0.830075,1
near_hit_control,2084,0,0.000000,0.398069,2,1,1,0.830075,1
near_hit_control,2084,0,0.000000,0.398069,2,2,0,0.000000,0
near_hit_control,2084,0,0.000000,0.398069,2,3,1,0.830075,1
near_hit_control,2085,1,0.830075,0.512214,0,0,1,2.000000,0
near_hit_control,2085,1,0.830075,0.512214,0,1,1,2.000000,0
near_hit_control,2085,1,0.830075,0.512214,0,2,0,0.000000,1
near_hit_control,2085,1,0.830075,0.512214,0,3,0,0.000000,1
near_hit_control,2085,1,0.830075,0.512214,1,0,1,0.415037,0
near_hit_control,2085,1,0.830075,0.512214,1,1,0,0.000000,1
near_hit_control,2085,1,0.830075,0.512214,1,2,1,2.000000,0
near_hit_control,2085,1,0.830075,0.512214,1,3,0,0.000000,1
near_hit_control,2085,1,0.830075,0.512214,2,0,0,0.000000,1
near_hit_control,2085,1,0.830075,0.512214,2,1,1,0.830075,0
near_hit_control,2085,1,0.830075,0.512214,2,2,0,0.000000,1
near_hit_control,2085,1,0.830075,0.512214,2,3,0,0.000000,1
near_hit_control,2092,1,0.830075,0.512214,0,0,1,2.000000,0
near_hit_control,2092,1,0.830075,0.512214,0,1,0,0.000000,1
near_hit_control,2092,1,0.830075,0.512214,0,2,1,0.415037,0
near_hit_control,2092,1,0.830075,0.512214,0,3,0,0.000000,1
near_hit_control,2092,1,0.830075,0.512214,1,0,0,0.000000,1
near_hit_control,2092,1,0.830075,0.512214,1,1,0,0.000000,1
near_hit_control,2092,1,0.830075,0.512214,1,2,1,2.000000,0
near_hit_control,2092,1,0.830075,0.512214,1,3,1,2.000000,0
near_hit_control,2092,1,0.830075,0.512214,2,0,0,0.000000,1
near_hit_control,2092,1,0.830075,0.512214,2,1,0,0.000000,1
near_hit_control,2092,1,0.830075,0.512214,2,2,1,0.830075,0
near_hit_control,2092,1,0.830075,0.512214,2,3,0,0.000000,1
near_hit_control,2093,0,0.000000,0.398069,0,0,1,0.830075,1
near_hit_control,2093,0,0.000000,0.398069,0,1,0,0.000000,0
near_hit_control,2093,0,0.000000,0.398069,0,2,1,0.415037,1
near_hit_control,2093,0,0.000000,0.398069,0,3,0,0.000000,0
near_hit_control,2093,0,0.000000,0.398069,1,0,1,0.830075,1
near_hit_control,2093,0,0.000000,0.398069,1,1,0,0.000000,0
near_hit_control,2093,0,0.000000,0.398069,1,2,1,0.415037,1
near_hit_control,2093,0,0.000000,0.398069,1,3,1,0.830075,1
near_hit_control,2093,0,0.000000,0.398069,2,0,1,0.830075,1
near_hit_control,2093,0,0.000000,0.398069,2,1,0,0.000000,0
near_hit_control,2093,0,0.000000,0.398069,2,2,1,0.830075,1
near_hit_control,2093,0,0.000000,0.398069,2,3,1,0.830075,1
near_hit_control,2104,1,0.415037,0.512214,0,0,1,0.415037,0
near_hit_control,2104,1,0.415037,0.512214,0,1,1,2.000000,0
near_hit_control,2104,1,0.415037,0.512214,0,2,0,0.000000,1
near_hit_control,2104,1,0.415037,0.512214,0,3,0,0.000000,1
near_hit_control,2104,1,0.415037,0.512214,1,0,1,0.830075,0
near_hit_control,2104,1,0.415037,0.512214,1,1,0,0.000000,1
near_hit_control,2104,1,0.415037,0.512214,1,2,1,0.830075,0
near_hit_control,2104,1,0.415037,0.512214,1,3,1,0.830075,0
near_hit_control,2104,1,0.415037,0.512214,2,0,1,0.415037,0
near_hit_control,2104,1,0.415037,0.512214,2,1,1,0.415037,0
near_hit_control,2104,1,0.415037,0.512214,2,2,0,0.000000,1
near_hit_control,2104,1,0.415037,0.512214,2,3,0,0.000000,1
near_hit_control,2114,0,0.000000,0.398069,0,0,1,0.415037,1
near_hit_control,2114,0,0.000000,0.398069,0,1,1,0.830075,1
near_hit_control,2114,0,0.000000,0.398069,0,2,1,0.830075,1
near_hit_control,2114,0,0.000000,0.398069,0,3,0,0.000000,0
near_hit_control,2114,0,0.000000,0.398069,1,0,1,0.830075,1
near_hit_control,2114,0,0.000000,0.398069,1,1,1,0.830075,1
near_hit_control,2114,0,0.000000,0.398069,1,2,0,0.000000,0
near_hit_control,2114,0,0.000000,0.398069,1,3,1,0.830075,1
near_hit_control,2114,0,0.000000,0.398069,2,0,1,0.415037,1
near_hit_control,2114,0,0.000000,0.398069,2,1,0,0.000000,0
near_hit_control,2114,0,0.000000,0.398069,2,2,1,0.830075,1
near_hit_control,2114,0,0.000000,0.398069,2,3,0,0.000000,0
near_hit_control,2130,1,0.830075,0.512214,0,0,1,2.000000,0
near_hit_control,2130,1,0.830075,0.512214,0,1,0,0.000000,1
near_hit_control,2130,1,0.830075,0.512214,0,2,1,2.000000,0
near_hit_control,2130,1,0.830075,0.512214,0,3,0,0.000000,1
near_hit_control,2130,1,0.830075,0.512214,1,0,0,0.000000,1
near_hit_control,2130,1,0.830075,0.512214,1,1,1,0.830075,0
near_hit_control,2130,1,0.830075,0.512214,1,2,0,0.000000,1
near_hit_control,2130,1,0.830075,0.512214,1,3,0,0.000000,1
near_hit_control,2130,1,0.830075,0.512214,2,0,1,0.415037,0
near_hit_control,2130,1,0.830075,0.512214,2,1,0,0.000000,1
near_hit_control,2130,1,0.830075,0.512214,2,2,1,2.000000,0
near_hit_control,2130,1,0.830075,0.512214,2,3,0,0.000000,1
near_hit_control,2136,1,0.415037,0.512214,0,0,1,0.415037,0
near_hit_control,2136,1,0.415037,0.512214,0,1,0,0.000000,1
near_hit_control,2136,1,0.415037,0.512214,0,2,1,0.415037,0
near_hit_control,2136,1,0.415037,0.512214,0,3,0,0.000000,1
near_hit_control,2136,1,0.415037,0.512214,1,0,1,0.830075,0
near_hit_control,2136,1,0.415037,0.512214,1,1,1,0.830075,0
near_hit_control,2136,1,0.415037,0.512214,1,2,0,0.000000,1
near_hit_control,2136,1,0.415037,0.512214,1,3,1,0.830075,0
near_hit_control,2136,1,0.415037,0.512214,2,0,1,0.415037,0
near_hit_control,2136,1,0.415037,0.512214,2,1,0,0.000000,1
near_hit_control,2136,1,0.415037,0.512214,2,2,1,2.000000,0
near_hit_control,2136,1,0.415037,0.512214,2,3,0,0.000000,1
near_hit_control,2161,0,0.000000,0.398069,0,0,1,0.830075,1
near_hit_control,2161,0,0.000000,0.398069,0,1,1,0.830075,1
near_hit_control,2161,0,0.000000,0.398069,0,2,1,0.830075,1
near_hit_control,2161,0,0.000000,0.398069,0,3,0,0.000000,0
near_hit_control,2161,0,0.000000,0.398069,1,0,1,0.415037,1
near_hit_control,2161,0,0.000000,0.398069,1,1,1,0.830075,1
near_hit_control,2161,0,0.000000,0.398069,1,2,1,0.830075,1
near_hit_control,2161,0,0.000000,0.398069,1,3,0,0.000000,0
near_hit_control,2161,0,0.000000,0.398069,2,0,0,0.000000,0
near_hit_control,2161,0,0.000000,0.398069,2,1,0,0.000000,0
near_hit_control,2161,0,0.000000,0.398069,2,2,1,0.415037,1
near_hit_control,2161,0,0.000000,0.398069,2,3,1,0.830075,1
near_hit_control,2177,0,0.000000,0.398069,0,0,1,0.415037,1
near_hit_control,2177,0,0.000000,0.398069,0,1,0,0.000000,0
near_hit_control,2177,0,0.000000,0.398069,0,2,1,0.415037,1
near_hit_control,2177,0,0.000000,0.398069,0,3,0,0.000000,0
near_hit_control,2177,0,0.000000,0.398069,1,0,1,0.415037,1
near_hit_control,2177,0,0.000000,0.398069,1,1,0,0.000000,0
near_hit_control,2177,0,0.000000,0.398069,1,2,1,0.415037,1
near_hit_control,2177,0,0.000000,0.398069,1,3,0,0.000000,0
near_hit_control,2177,0,0.000000,0.398069,2,0,0,0.000000,0
near_hit_control,2177,0,0.000000,0.398069,2,1,1,0.415037,1
near_hit_control,2177,0,0.000000,0.398069,2,2,1,0.415037,1
near_hit_control,2177,0,0.000000,0.398069,2,3,1,1.000000,1
near_hit_control,2179,1,0.415037,0.512214,0,0,1,0.415037,0
near_hit_control,2179,1,0.415037,0.512214,0,1,0,0.000000,1
near_hit_control,2179,1,0.415037,0.512214,0,2,1,2.000000,0
near_hit_control,2179,1,0.415037,0.512214,0,3,0,0.000000,1
near_hit_control,2179,1,0.415037,0.512214,1,0,1,0.415037,0
near_hit_control,2179,1,0.415037,0.512214,1,1,1,0.415037,0
near_hit_control,2179,1,0.415037,0.512214,1,2,0,0.000000,1
near_hit_control,2179,1,0.415037,0.512214,1,3,0,0.000000,1
near_hit_control,2179,1,0.415037,0.512214,2,0,1,0.830075,0
near_hit_control,2179,1,0.415037,0.512214,2,1,0,0.000000,1
near_hit_control,2179,1,0.415037,0.512214,2,2,1,0.830075,0
near_hit_control,2179,1,0.415037,0.512214,2,3,1,0.830075,0
near_hit_control,2181,1,0.415037,0.512214,0,0,1,0.415037,0
near_hit_control,2181,1,0.415037,0.512214,0,1,1,0.415037,0
near_hit_control,2181,1,0.415037,0.512214,0,2,0,0.000000,1
near_hit_control,2181,1,0.415037,0.512214,0,3,0,0.000000,1
near_hit_control,2181,1,0.415037,0.512214,1,0,1,0.415037,0
near_hit_control,2181,1,0.415037,0.512214,1,1,0,0.000000,1
near_hit_control,2181,1,0.415037,0.512214,1,2,1,2.000000,0
near_hit_control,2181,1,0.415037,0.512214,1,3,0,0.000000,1
near_hit_control,2181,1,0.415037,0.512214,2,0,1,0.830075,0
near_hit_control,2181,1,0.415037,0.512214,2,1,1,0.830075,0
near_hit_control,2181,1,0.415037,0.512214,2,2,0,0.000000,1
near_hit_control,2181,1,0.415037,0.512214,2,3,1,0.830075,0
near_hit_control,2242,1,0.830075,0.512214,0,0,1,2.000000,0
near_hit_control,2242,1,0.830075,0.512214,0,1,1,0.415037,0
near_hit_control,2242,1,0.830075,0.512214,0,2,0,0.000000,1
near_hit_control,2242,1,0.830075,0.512214,0,3,0,0.000000,1
near_hit_control,2242,1,0.830075,0.512214,1,0,0,0.000000,1
near_hit_control,2242,1,0.830075,0.512214,1,1,0,0.000000,1
near_hit_control,2242,1,0.830075,0.512214,1,2,1,0.830075,0
near_hit_control,2242,1,0.830075,0.512214,1,3,0,0.000000,1
near_hit_control,2242,1,0.830075,0.512214,2,0,0,0.000000,1
near_hit_control,2242,1,0.830075,0.512214,2,1,0,0.000000,1
near_hit_control,2242,1,0.830075,0.512214,2,2,1,2.000000,0
near_hit_control,2242,1,0.830075,0.512214,2,3,1,2.000000,0
near_hit_control,2258,0,0.000000,0.398069,0,0,1,0.830075,1
near_hit_control,2258,0,0.000000,0.398069,0,1,1,0.415037,1
near_hit_control,2258,0,0.000000,0.398069,0,2,0,0.000000,0
near_hit_control,2258,0,0.000000,0.398069,0,3,0,0.000000,0
near_hit_control,2258,0,0.000000,0.398069,1,0,1,0.830075,1
near_hit_control,2258,0,0.000000,0.398069,1,1,0,0.000000,0
near_hit_control,2258,0,0.000000,0.398069,1,2,1,0.830075,1
near_hit_control,2258,0,0.000000,0.398069,1,3,1,0.830075,1
near_hit_control,2258,0,0.000000,0.398069,2,0,1,0.830075,1
near_hit_control,2258,0,0.000000,0.398069,2,1,0,0.000000,0
near_hit_control,2258,0,0.000000,0.398069,2,2,1,0.415037,1
near_hit_control,2258,0,0.000000,0.398069,2,3,1,0.830075,1
near_hit_control,2269,0,0.000000,0.398069,0,0,1,1.000000,1
near_hit_control,2269,0,0.000000,0.398069,0,1,1,0.415037,1
near_hit_control,2269,0,0.000000,0.398069,0,2,1,0.415037,1
near_hit_control,2269,0,0.000000,0.398069,0,3,0,0.000000,0
near_hit_control,2269,0,0.000000,0.398069,1,0,0,0.000000,0
near_hit_control,2269,0,0.000000,0.398069,1,1,0,0.000000,0
near_hit_control,2269,0,0.000000,0.398069,1,2,1,0.415037,1
near_hit_control,2269,0,0.000000,0.398069,1,3,1,0.415037,1
near_hit_control,2269,0,0.000000,0.398069,2,0,0,0.000000,0
near_hit_control,2269,0,0.000000,0.398069,2,1,0,0.000000,0
near_hit_control,2269,0,0.000000,0.398069,2,2,1,0.415037,1
near_hit_control,2269,0,0.000000,0.398069,2,3,1,0.415037,1
near_hit_control,2583,1,0.830075,0.541414,0,0,0,0.000000,1
near_hit_control,2583,1,0.830075,0.541414,0,1,0,0.000000,1
near_hit_control,2583,1,0.830075,0.541414,0,2,0,0.000000,1
near_hit_control,2583,1,0.830075,0.541414,0,3,1,0.830075,0
near_hit_control,2583,1,0.830075,0.541414,1,0,0,0.000000,1
near_hit_control,2583,1,0.830075,0.541414,1,1,1,2.000000,0
near_hit_control,2583,1,0.830075,0.541414,1,2,0,0.000000,1
near_hit_control,2583,1,0.830075,0.541414,1,3,1,2.000000,0
near_hit_control,2583,1,0.830075,0.541414,2,0,1,2.000000,0
near_hit_control,2583,1,0.830075,0.541414,2,1,1,0.415037,0
near_hit_control,2583,1,0.830075,0.541414,2,2,0,0.000000,1
near_hit_control,2583,1,0.830075,0.541414,2,3,0,0.000000,1
near_hit_control,2587,1,0.415037,0.541414,0,0,0,0.000000,1
near_hit_control,2587,1,0.415037,0.541414,0,1,1,0.830075,0
near_hit_control,2587,1,0.415037,0.541414,0,2,1,0.830075,0
near_hit_control,2587,1,0.415037,0.541414,0,3,1,0.830075,0
near_hit_control,2587,1,0.415037,0.541414,1,0,0,0.000000,1
near_hit_control,2587,1,0.415037,0.541414,1,1,1,0.415037,0
near_hit_control,2587,1,0.415037,0.541414,1,2,0,0.000000,1
near_hit_control,2587,1,0.415037,0.541414,1,3,1,0.415037,0
near_hit_control,2587,1,0.415037,0.541414,2,0,1,2.000000,0
near_hit_control,2587,1,0.415037,0.541414,2,1,1,0.415037,0
near_hit_control,2587,1,0.415037,0.541414,2,2,0,0.000000,1
near_hit_control,2587,1,0.415037,0.541414,2,3,0,0.000000,1
near_hit_control,2628,1,0.415037,0.541414,0,0,1,0.830075,0
near_hit_control,2628,1,0.415037,0.541414,0,1,1,0.830075,0
near_hit_control,2628,1,0.415037,0.541414,0,2,0,0.000000,1
near_hit_control,2628,1,0.415037,0.541414,0,3,1,0.830075,0
near_hit_control,2628,1,0.415037,0.541414,1,0,0,0.000000,1
near_hit_control,2628,1,0.415037,0.541414,1,1,1,0.415037,0
near_hit_control,2628,1,0.415037,0.541414,1,2,0,0.000000,1
near_hit_control,2628,1,0.415037,0.541414,1,3,1,0.415037,0
near_hit_control,2628,1,0.415037,0.541414,2,0,1,2.000000,0
near_hit_control,2628,1,0.415037,0.541414,2,1,1,0.415037,0
near_hit_control,2628,1,0.415037,0.541414,2,2,0,0.000000,1
near_hit_control,2628,1,0.415037,0.541414,2,3,0,0.000000,1
near_hit_control,2632,1,0.830075,0.541414,0,0,0,0.000000,1
near_hit_control,2632,1,0.830075,0.541414,0,1,1,0.830075,0
near_hit_control,2632,1,0.830075,0.541414,0,2,0,0.000000,1
near_hit_control,2632,1,0.830075,0.541414,0,3,0,0.000000,1
near_hit_control,2632,1,0.830075,0.541414,1,0,0,0.000000,1
near_hit_control,2632,1,0.830075,0.541414,1,1,1,2.000000,0
near_hit_control,2632,1,0.830075,0.541414,1,2,0,0.000000,1
near_hit_control,2632,1,0.830075,0.541414,1,3,1,2.000000,0
near_hit_control,2632,1,0.830075,0.541414,2,0,1,2.000000,0
near_hit_control,2632,1,0.830075,0.541414,2,1,1,0.415037,0
near_hit_control,2632,1,0.830075,0.541414,2,2,0,0.000000,1
near_hit_control,2632,1,0.830075,0.541414,2,3,0,0.000000,1
near_hit_control,2673,1,0.830075,0.541414,0,0,1,0.830075,0
near_hit_control,2673,1,0.830075,0.541414,0,1,0,0.000000,1
near_hit_control,2673,1,0.830075,0.541414,0,2,0,0.000000,1
near_hit_control,2673,1,0.830075,0.541414,0,3,0,0.000000,1
near_hit_control,2673,1,0.830075,0.541414,1,0,1,2.000000,0
near_hit_control,2673,1,0.830075,0.541414,1,1,0,0.000000,1
near_hit_control,2673,1,0.830075,0.541414,1,2,1,2.000000,0
near_hit_control,2673,1,0.830075,0.541414,1,3,0,0.000000,1
near_hit_control,2673,1,0.830075,0.541414,2,0,0,0.000000,1
near_hit_control,2673,1,0.830075,0.541414,2,1,0,0.000000,1
near_hit_control,2673,1,0.830075,0.541414,2,2,1,0.415037,0
near_hit_control,2673,1,0.830075,0.541414,2,3,1,2.000000,0
near_hit_control,2674,1,0.415037,0.541414,0,0,1,0.830075,0
near_hit_control,2674,1,0.415037,0.541414,0,1,1,0.830075,0
near_hit_control,2674,1,0.415037,0.541414,0,2,1,0.830075,0
near_hit_control,2674,1,0.415037,0.541414,0,3,0,0.000000,1
near_hit_control,2674,1,0.415037,0.541414,1,0,1,0.415037,0
near_hit_control,2674,1,0.415037,0.541414,1,1,0,0.000000,1
near_hit_control,2674,1,0.415037,0.541414,1,2,1,0.415037,0
near_hit_control,2674,1,0.415037,0.541414,1,3,0,0.000000,1
near_hit_control,2674,1,0.415037,0.541414,2,0,0,0.000000,1
near_hit_control,2674,1,0.415037,0.541414,2,1,0,0.000000,1
near_hit_control,2674,1,0.415037,0.541414,2,2,1,0.415037,0
near_hit_control,2674,1,0.415037,0.541414,2,3,1,2.000000,0
near_hit_control,2781,1,0.415037,0.541414,0,0,1,0.830075,0
near_hit_control,2781,1,0.415037,0.541414,0,1,0,0.000000,1
near_hit_control,2781,1,0.415037,0.541414,0,2,1,0.830075,0
near_hit_control,2781,1,0.415037,0.541414,0,3,1,0.830075,0
near_hit_control,2781,1,0.415037,0.541414,1,0,1,0.415037,0
near_hit_control,2781,1,0.415037,0.541414,1,1,0,0.000000,1
near_hit_control,2781,1,0.415037,0.541414,1,2,1,0.415037,0
near_hit_control,2781,1,0.415037,0.541414,1,3,0,0.000000,1
near_hit_control,2781,1,0.415037,0.541414,2,0,0,0.000000,1
near_hit_control,2781,1,0.415037,0.541414,2,1,0,0.000000,1
near_hit_control,2781,1,0.415037,0.541414,2,2,1,0.415037,0
near_hit_control,2781,1,0.415037,0.541414,2,3,1,2.000000,0
near_hit_control,2782,1,0.830075,0.541414,0,0,0,0.000000,1
near_hit_control,2782,1,0.830075,0.541414,0,1,0,0.000000,1
near_hit_control,2782,1,0.830075,0.541414,0,2,1,0.830075,0
near_hit_control,2782,1,0.830075,0.541414,0,3,0,0.000000,1
near_hit_control,2782,1,0.830075,0.541414,1,0,1,2.000000,0
near_hit_control,2782,1,0.830075,0.541414,1,1,0,0.000000,1
near_hit_control,2782,1,0.830075,0.541414,1,2,1,2.000000,0
near_hit_control,2782,1,0.830075,0.541414,1,3,0,0.000000,1
near_hit_control,2782,1,0.830075,0.541414,2,0,0,0.000000,1
near_hit_control,2782,1,0.830075,0.541414,2,1,0,0.000000,1
near_hit_control,2782,1,0.830075,0.541414,2,2,1,0.415037,0
near_hit_control,2782,1,0.830075,0.541414,2,3,1,2.000000,0
near_hit_control,2836,0,0.000000,0.434076,0,0,1,0.415037,1
near_hit_control,2836,0,0.000000,0.434076,0,1,1,0.830075,1
near_hit_control,2836,0,0.000000,0.434076,0,2,0,0.000000,0
near_hit_control,2836,0,0.000000,0.434076,0,3,0,0.000000,0
near_hit_control,2836,0,0.000000,0.434076,1,0,0,0.000000,0
near_hit_control,2836,0,0.000000,0.434076,1,1,1,0.830075,1
near_hit_control,2836,0,0.000000,0.434076,1,2,1,0.830075,1
near_hit_control,2836,0,0.000000,0.434076,1,3,1,0.830075,1
near_hit_control,2836,0,0.000000,0.434076,2,0,1,0.830075,1
near_hit_control,2836,0,0.000000,0.434076,2,1,1,0.415037,1
near_hit_control,2836,0,0.000000,0.434076,2,2,0,0.000000,0
near_hit_control,2836,0,0.000000,0.434076,2,3,1,0.830075,1
near_hit_control,2843,0,0.000000,0.434076,0,0,1,0.415037,1
near_hit_control,2843,0,0.000000,0.434076,0,1,1,1.000000,1
near_hit_control,2843,0,0.000000,0.434076,0,2,0,0.000000,0
near_hit_control,2843,0,0.000000,0.434076,0,3,1,0.415037,1
near_hit_control,2843,0,0.000000,0.434076,1,0,0,0.000000,0
near_hit_control,2843,0,0.000000,0.434076,1,1,0,0.000000,0
near_hit_control,2843,0,0.000000,0.434076,1,2,1,0.415037,1
near_hit_control,2843,0,0.000000,0.434076,1,3,1,0.415037,1
near_hit_control,2843,0,0.000000,0.434076,2,0,1,0.415037,1
near_hit_control,2843,0,0.000000,0.434076,2,1,1,0.415037,1
near_hit_control,2843,0,0.000000,0.434076,2,2,0,0.000000,0
near_hit_control,2843,0,0.000000,0.434076,2,3,0,0.000000,0
near_hit_control,2868,1,0.830075,0.541414,0,0,1,0.415037,0
near_hit_control,2868,1,0.830075,0.541414,0,1,1,2.000000,0
near_hit_control,2868,1,0.830075,0.541414,0,2,0,0.000000,1
near_hit_control,2868,1,0.830075,0.541414,0,3,0,0.000000,1
near_hit_control,2868,1,0.830075,0.541414,1,0,0,0.000000,1
near_hit_control,2868,1,0.830075,0.541414,1,1,0,0.000000,1
near_hit_control,2868,1,0.830075,0.541414,1,2,0,0.000000,1
near_hit_control,2868,1,0.830075,0.541414,1,3,1,0.830075,0
near_hit_control,2868,1,0.830075,0.541414,2,0,1,2.000000,0
near_hit_control,2868,1,0.830075,0.541414,2,1,1,2.000000,0
near_hit_control,2868,1,0.830075,0.541414,2,2,0,0.000000,1
near_hit_control,2868,1,0.830075,0.541414,2,3,0,0.000000,1
near_hit_control,2888,0,0.000000,0.434076,0,0,1,0.830075,1
near_hit_control,2888,0,0.000000,0.434076,0,1,1,0.830075,1
near_hit_control,2888,0,0.000000,0.434076,0,2,0,0.000000,0
near_hit_control,2888,0,0.000000,0.434076,0,3,1,0.830075,1
near_hit_control,2888,0,0.000000,0.434076,1,0,1,0.830075,1
near_hit_control,2888,0,0.000000,0.434076,1,1,1,0.415037,1
near_hit_control,2888,0,0.000000,0.434076,1,2,0,0.000000,0
near_hit_control,2888,0,0.000000,0.434076,1,3,1,0.830075,1
near_hit_control,2888,0,0.000000,0.434076,2,0,1,0.830075,1
near_hit_control,2888,0,0.000000,0.434076,2,1,1,0.415037,1
near_hit_control,2888,0,0.000000,0.434076,2,2,0,0.000000,0
near_hit_control,2888,0,0.000000,0.434076,2,3,0,0.000000,0
near_hit_control,2897,1,0.415037,0.541414,0,0,0,0.000000,1
near_hit_control,2897,1,0.415037,0.541414,0,1,1,0.415037,0
near_hit_control,2897,1,0.415037,0.541414,0,2,0,0.000000,1
near_hit_control,2897,1,0.415037,0.541414,0,3,1,0.415037,0
near_hit_control,2897,1,0.415037,0.541414,1,0,1,0.830075,0
near_hit_control,2897,1,0.415037,0.541414,1,1,1,0.830075,0
near_hit_control,2897,1,0.415037,0.541414,1,2,1,0.830075,0
near_hit_control,2897,1,0.415037,0.541414,1,3,0,0.000000,1
near_hit_control,2897,1,0.415037,0.541414,2,0,0,0.000000,1
near_hit_control,2897,1,0.415037,0.541414,2,1,1,2.000000,0
near_hit_control,2897,1,0.415037,0.541414,2,2,0,0.000000,1
near_hit_control,2897,1,0.415037,0.541414,2,3,1,0.415037,0
near_hit_control,2900,1,0.830075,0.541414,0,0,0,0.000000,1
near_hit_control,2900,1,0.830075,0.541414,0,1,1,2.000000,0
near_hit_control,2900,1,0.830075,0.541414,0,2,0,0.000000,1
near_hit_control,2900,1,0.830075,0.541414,0,3,1,2.000000,0
near_hit_control,2900,1,0.830075,0.541414,1,0,1,0.830075,0
near_hit_control,2900,1,0.830075,0.541414,1,1,0,0.000000,1
near_hit_control,2900,1,0.830075,0.541414,1,2,0,0.000000,1
near_hit_control,2900,1,0.830075,0.541414,1,3,0,0.000000,1
near_hit_control,2900,1,0.830075,0.541414,2,0,0,0.000000,1
near_hit_control,2900,1,0.830075,0.541414,2,1,1,2.000000,0
near_hit_control,2900,1,0.830075,0.541414,2,2,0,0.000000,1
near_hit_control,2900,1,0.830075,0.541414,2,3,1,0.415037,0
near_hit_control,2932,0,0.000000,0.434076,0,0,1,0.830075,1
near_hit_control,2932,0,0.000000,0.434076,0,1,1,0.415037,1
near_hit_control,2932,0,0.000000,0.434076,0,2,0,0.000000,0
near_hit_control,2932,0,0.000000,0.434076,0,3,1,0.830075,1
near_hit_control,2932,0,0.000000,0.434076,1,0,1,0.830075,1
near_hit_control,2932,0,0.000000,0.434076,1,1,1,0.830075,1
near_hit_control,2932,0,0.000000,0.434076,1,2,1,0.830075,1
near_hit_control,2932,0,0.000000,0.434076,1,3,0,0.000000,0
near_hit_control,2932,0,0.000000,0.434076,2,0,0,0.000000,0
near_hit_control,2932,0,0.000000,0.434076,2,1,1,0.830075,1
near_hit_control,2932,0,0.000000,0.434076,2,2,0,0.000000,0
near_hit_control,2932,0,0.000000,0.434076,2,3,1,0.415037,1
near_hit_control,3000,0,0.000000,0.434076,0,0,0,0.000000,0
near_hit_control,3000,0,0.000000,0.434076,0,1,1,0.415037,1
near_hit_control,3000,0,0.000000,0.434076,0,2,0,0.000000,0
near_hit_control,3000,0,0.000000,0.434076,0,3,1,0.415037,1
near_hit_control,3000,0,0.000000,0.434076,1,0,0,0.000000,0
near_hit_control,3000,0,0.000000,0.434076,1,1,1,0.415037,1
near_hit_control,3000,0,0.000000,0.434076,1,2,0,0.000000,0
near_hit_control,3000,0,0.000000,0.434076,1,3,1,0.415037,1
near_hit_control,3000,0,0.000000,0.434076,2,0,1,1.000000,1
near_hit_control,3000,0,0.000000,0.434076,2,1,1,0.415037,1
near_hit_control,3000,0,0.000000,0.434076,2,2,1,0.415037,1
near_hit_control,3000,0,0.000000,0.434076,2,3,0,0.000000,0
near_hit_control,3002,1,0.415037,0.541414,0,0,1,0.415037,0
near_hit_control,3002,1,0.415037,0.541414,0,1,1,0.415037,0
near_hit_control,3002,1,0.415037,0.541414,0,2,0,0.000000,1
near_hit_control,3002,1,0.415037,0.541414,0,3,0,0.000000,1
near_hit_control,3002,1,0.415037,0.541414,1,0,0,0.000000,1
near_hit_control,3002,1,0.415037,0.541414,1,1,1,0.415037,0
near_hit_control,3002,1,0.415037,0.541414,1,2,0,0.000000,1
near_hit_control,3002,1,0.415037,0.541414,1,3,1,2.000000,0
near_hit_control,3002,1,0.415037,0.541414,2,0,1,0.830075,0
near_hit_control,3002,1,0.415037,0.541414,2,1,0,0.000000,1
near_hit_control,3002,1,0.415037,0.541414,2,2,1,0.830075,0
near_hit_control,3002,1,0.415037,0.541414,2,3,1,0.830075,0
near_hit_control,3004,1,0.415037,0.541414,0,0,0,0.000000,1
near_hit_control,3004,1,0.415037,0.541414,0,1,1,0.415037,0
near_hit_control,3004,1,0.415037,0.541414,0,2,0,0.000000,1
near_hit_control,3004,1,0.415037,0.541414,0,3,1,2.000000,0
near_hit_control,3004,1,0.415037,0.541414,1,0,1,0.415037,0
near_hit_control,3004,1,0.415037,0.541414,1,1,1,0.415037,0
near_hit_control,3004,1,0.415037,0.541414,1,2,0,0.000000,1
near_hit_control,3004,1,0.415037,0.541414,1,3,0,0.000000,1
near_hit_control,3004,1,0.415037,0.541414,2,0,1,0.830075,0
near_hit_control,3004,1,0.415037,0.541414,2,1,1,0.830075,0
near_hit_control,3004,1,0.415037,0.541414,2,2,0,0.000000,1
near_hit_control,3004,1,0.415037,0.541414,2,3,1,0.830075,0
near_hit_control,3009,1,0.415037,0.541414,0,0,1,2.000000,0
near_hit_control,3009,1,0.415037,0.541414,0,1,1,0.415037,0
near_hit_control,3009,1,0.415037,0.541414,0,2,0,0.000000,1
near_hit_control,3009,1,0.415037,0.541414,0,3,0,0.000000,1
near_hit_control,3009,1,0.415037,0.541414,1,0,0,0.000000,1
near_hit_control,3009,1,0.415037,0.541414,1,1,1,0.830075,0
near_hit_control,3009,1,0.415037,0.541414,1,2,1,0.830075,0
near_hit_control,3009,1,0.415037,0.541414,1,3,1,0.830075,0
near_hit_control,3009,1,0.415037,0.541414,2,0,0,0.000000,1
near_hit_control,3009,1,0.415037,0.541414,2,1,0,0.000000,1
near_hit_control,3009,1,0.415037,0.541414,2,2,1,0.415037,0
near_hit_control,3009,1,0.415037,0.541414,2,3,1,0.415037,0
near_hit_control,3025,0,0.000000,0.434076,0,0,1,0.415037,1
near_hit_control,3025,0,0.000000,0.434076,0,1,1,0.415037,1
near_hit_control,3025,0,0.000000,0.434076,0,2,0,0.000000,0
near_hit_control,3025,0,0.000000,0.434076,0,3,0,0.000000,0
near_hit_control,3025,0,0.000000,0.434076,1,0,1,0.415037,1
near_hit_control,3025,0,0.000000,0.434076,1,1,0,0.000000,0
near_hit_control,3025,0,0.000000,0.434076,1,2,1,1.000000,1
near_hit_control,3025,0,0.000000,0.434076,1,3,1,0.415037,1
near_hit_control,3025,0,0.000000,0.434076,2,0,0,0.000000,0
near_hit_control,3025,0,0.000000,0.434076,2,1,1,0.415037,1
near_hit_control,3025,0,0.000000,0.434076,2,2,0,0.000000,0
near_hit_control,3025,0,0.000000,0.434076,2,3,1,0.415037,1
near_hit_control,3038,0,0.000000,0.434076,0,0,1,0.830075,1
near_hit_control,3038,0,0.000000,0.434076,0,1,1,0.830075,1
near_hit_control,3038,0,0.000000,0.434076,0,2,0,0.000000,0
near_hit_control,3038,0,0.000000,0.434076,0,3,1,0.830075,1
near_hit_control,3038,0,0.000000,0.434076,1,0,0,0.000000,0
near_hit_control,3038,0,0.000000,0.434076,1,1,0,0.000000,0
near_hit_control,3038,0,0.000000,0.434076,1,2,1,0.830075,1
near_hit_control,3038,0,0.000000,0.434076,1,3,1,0.415037,1
near_hit_control,3038,0,0.000000,0.434076,2,0,0,0.000000,0
near_hit_control,3038,0,0.000000,0.434076,2,1,1,0.830075,1
near_hit_control,3038,0,0.000000,0.434076,2,2,1,0.830075,1
near_hit_control,3038,0,0.000000,0.434076,2,3,1,0.415037,1
near_hit_control,3042,0,0.000000,0.434076,0,0,1,0.830075,1
near_hit_control,3042,0,0.000000,0.434076,0,1,1,0.415037,1
near_hit_control,3042,0,0.000000,0.434076,0,2,0,0.000000,0
near_hit_control,3042,0,0.000000,0.434076,0,3,1,0.830075,1
near_hit_control,3042,0,0.000000,0.434076,1,0,0,0.000000,0
near_hit_control,3042,0,0.000000,0.434076,1,1,1,0.415037,1
near_hit_control,3042,0,0.000000,0.434076,1,2,0,0.000000,0
near_hit_control,3042,0,0.000000,0.434076,1,3,1,0.830075,1
near_hit_control,3042,0,0.000000,0.434076,2,0,1,0.830075,1
near_hit_control,3042,0,0.000000,0.434076,2,1,0,0.000000,0
near_hit_control,3042,0,0.000000,0.434076,2,2,1,0.830075,1
near_hit_control,3042,0,0.000000,0.434076,2,3,1,0.830075,1
near_hit_control,3043,1,0.830075,0.541414,0,0,0,0.000000,1
near_hit_control,3043,1,0.830075,0.541414,0,1,1,2.000000,0
near_hit_control,3043,1,0.830075,0.541414,0,2,0,0.000000,1
near_hit_control,3043,1,0.830075,0.541414,0,3,1,0.415037,0
near_hit_control,3043,1,0.830075,0.541414,1,0,0,0.000000,1
near_hit_control,3043,1,0.830075,0.541414,1,1,0,0.000000,1
near_hit_control,3043,1,0.830075,0.541414,1,2,1,2.000000,0
near_hit_control,3043,1,0.830075,0.541414,1,3,1,2.000000,0
near_hit_control,3043,1,0.830075,0.541414,2,0,0,0.000000,1
near_hit_control,3043,1,0.830075,0.541414,2,1,1,0.830075,0
near_hit_control,3043,1,0.830075,0.541414,2,2,0,0.000000,1
near_hit_control,3043,1,0.830075,0.541414,2,3,0,0.000000,1
near_hit_control,3050,1,0.830075,0.541414,0,0,1,2.000000,0
near_hit_control,3050,1,0.830075,0.541414,0,1,1,2.000000,0
near_hit_control,3050,1,0.830075,0.541414,0,2,0,0.000000,1
near_hit_control,3050,1,0.830075,0.541414,0,3,0,0.000000,1
near_hit_control,3050,1,0.830075,0.541414,1,0,0,0.000000,1
near_hit_control,3050,1,0.830075,0.541414,1,1,1,0.415037,0
near_hit_control,3050,1,0.830075,0.541414,1,2,0,0.000000,1
near_hit_control,3050,1,0.830075,0.541414,1,3,1,2.000000,0
near_hit_control,3050,1,0.830075,0.541414,2,0,0,0.000000,1
near_hit_control,3050,1,0.830075,0.541414,2,1,0,0.000000,1
near_hit_control,3050,1,0.830075,0.541414,2,2,1,0.830075,0
near_hit_control,3050,1,0.830075,0.541414,2,3,0,0.000000,1
near_hit_control,3051,0,0.000000,0.434076,0,0,0,0.000000,0
near_hit_control,3051,0,0.000000,0.434076,0,1,1,0.830075,1
near_hit_control,3051,0,0.000000,0.434076,0,2,0,0.000000,0
near_hit_control,3051,0,0.000000,0.434076,0,3,1,0.415037,1
near_hit_control,3051,0,0.000000,0.434076,1,0,0,0.000000,0
near_hit_control,3051,0,0.000000,0.434076,1,1,1,0.830075,1
near_hit_control,3051,0,0.000000,0.434076,1,2,1,0.830075,1
near_hit_control,3051,0,0.000000,0.434076,1,3,1,0.415037,1
near_hit_control,3051,0,0.000000,0.434076,2,0,1,0.830075,1
near_hit_control,3051,0,0.000000,0.434076,2,1,1,0.830075,1
near_hit_control,3051,0,0.000000,0.434076,2,2,0,0.000000,0
near_hit_control,3051,0,0.000000,0.434076,2,3,1,0.830075,1
near_hit_control,3095,1,0.830075,0.541414,0,0,1,0.830075,0
near_hit_control,3095,1,0.830075,0.541414,0,1,0,0.000000,1
near_hit_control,3095,1,0.830075,0.541414,0,2,0,0.000000,1
near_hit_control,3095,1,0.830075,0.541414,0,3,0,0.000000,1
near_hit_control,3095,1,0.830075,0.541414,1,0,0,0.000000,1
near_hit_control,3095,1,0.830075,0.541414,1,1,0,0.000000,1
near_hit_control,3095,1,0.830075,0.541414,1,2,1,0.415037,0
near_hit_control,3095,1,0.830075,0.541414,1,3,1,2.000000,0
near_hit_control,3095,1,0.830075,0.541414,2,0,1,2.000000,0
near_hit_control,3095,1,0.830075,0.541414,2,1,0,0.000000,1
near_hit_control,3095,1,0.830075,0.541414,2,2,1,2.000000,0
near_hit_control,3095,1,0.830075,0.541414,2,3,0,0.000000,1
near_hit_control,3111,1,0.415037,0.541414,0,0,1,0.830075,0
near_hit_control,3111,1,0.415037,0.541414,0,1,1,0.830075,0
near_hit_control,3111,1,0.415037,0.541414,0,2,1,0.830075,0
near_hit_control,3111,1,0.415037,0.541414,0,3,0,0.000000,1
near_hit_control,3111,1,0.415037,0.541414,1,0,0,0.000000,1
near_hit_control,3111,1,0.415037,0.541414,1,1,0,0.000000,1
near_hit_control,3111,1,0.415037,0.541414,1,2,1,0.415037,0
near_hit_control,3111,1,0.415037,0.541414,1,3,1,2.000000,0
near_hit_control,3111,1,0.415037,0.541414,2,0,1,0.415037,0
near_hit_control,3111,1,0.415037,0.541414,2,1,0,0.000000,1
near_hit_control,3111,1,0.415037,0.541414,2,2,1,0.415037,0
near_hit_control,3111,1,0.415037,0.541414,2,3,0,0.000000,1
near_hit_control,3348,1,0.830075,0.718968,0,0,1,0.415037,0
near_hit_control,3348,1,0.830075,0.718968,0,1,0,0.000000,1
near_hit_control,3348,1,0.830075,0.718968,0,2,1,0.830075,0
near_hit_control,3348,1,0.830075,0.718968,0,3,1,0.415037,0
near_hit_control,3348,1,0.830075,0.718968,1,0,0,0.000000,1
near_hit_control,3348,1,0.830075,0.718968,1,1,1,0.415037,0
near_hit_control,3348,1,0.830075,0.718968,1,2,1,0.415037,0
near_hit_control,3348,1,0.830075,0.718968,1,3,1,0.830075,0
near_hit_control,3348,1,0.830075,0.718968,2,0,1,0.415037,0
near_hit_control,3348,1,0.830075,0.718968,2,1,1,0.830075,0
near_hit_control,3348,1,0.830075,0.718968,2,2,0,0.000000,1
near_hit_control,3348,1,0.830075,0.718968,2,3,1,0.415037,0
near_hit_control,3357,0,0.000000,0.434076,0,0,1,0.415037,1
near_hit_control,3357,0,0.000000,0.434076,0,1,0,0.000000,0
near_hit_control,3357,0,0.000000,0.434076,0,2,1,0.415037,1
near_hit_control,3357,0,0.000000,0.434076,0,3,0,0.000000,0
near_hit_control,3357,0,0.000000,0.434076,1,0,0,0.000000,0
near_hit_control,3357,0,0.000000,0.434076,1,1,1,0.415037,1
near_hit_control,3357,0,0.000000,0.434076,1,2,0,0.000000,0
near_hit_control,3357,0,0.000000,0.434076,1,3,1,0.415037,1
near_hit_control,3357,0,0.000000,0.434076,2,0,1,0.415037,1
near_hit_control,3357,0,0.000000,0.434076,2,1,0,0.000000,0
near_hit_control,3357,0,0.000000,0.434076,2,2,1,1.000000,1
near_hit_control,3357,0,0.000000,0.434076,2,3,1,0.415037,1
near_hit_control,3362,1,0.830075,0.718968,0,0,1,0.415037,0
near_hit_control,3362,1,0.830075,0.718968,0,1,0,0.000000,1
near_hit_control,3362,1,0.830075,0.718968,0,2,1,0.830075,0
near_hit_control,3362,1,0.830075,0.718968,0,3,1,0.415037,0
near_hit_control,3362,1,0.830075,0.718968,1,0,1,0.415037,0
near_hit_control,3362,1,0.830075,0.718968,1,1,0,0.000000,1
near_hit_control,3362,1,0.830075,0.718968,1,2,1,0.830075,0
near_hit_control,3362,1,0.830075,0.718968,1,3,1,0.830075,0
near_hit_control,3362,1,0.830075,0.718968,2,0,1,0.415037,0
near_hit_control,3362,1,0.830075,0.718968,2,1,0,0.000000,1
near_hit_control,3362,1,0.830075,0.718968,2,2,1,0.830075,0
near_hit_control,3362,1,0.830075,0.718968,2,3,0,0.000000,1
near_hit_control,3367,1,0.830075,0.718968,0,0,1,0.415037,0
near_hit_control,3367,1,0.830075,0.718968,0,1,0,0.000000,1
near_hit_control,3367,1,0.830075,0.718968,0,2,1,0.830075,0
near_hit_control,3367,1,0.830075,0.718968,0,3,1,0.415037,0
near_hit_control,3367,1,0.830075,0.718968,1,0,1,0.415037,0
near_hit_control,3367,1,0.830075,0.718968,1,1,0,0.000000,1
near_hit_control,3367,1,0.830075,0.718968,1,2,1,0.830075,0
near_hit_control,3367,1,0.830075,0.718968,1,3,1,0.415037,0
near_hit_control,3367,1,0.830075,0.718968,2,0,1,0.830075,0
near_hit_control,3367,1,0.830075,0.718968,2,1,1,0.415037,0
near_hit_control,3367,1,0.830075,0.718968,2,2,1,0.415037,0
near_hit_control,3367,1,0.830075,0.718968,2,3,0,0.000000,1
near_hit_control,3374,0,0.000000,0.434076,0,0,1,0.830075,1
near_hit_control,3374,0,0.000000,0.434076,0,1,0,0.000000,0
near_hit_control,3374,0,0.000000,0.434076,0,2,1,0.415037,1
near_hit_control,3374,0,0.000000,0.434076,0,3,1,0.830075,1
near_hit_control,3374,0,0.000000,0.434076,1,0,1,0.830075,1
near_hit_control,3374,0,0.000000,0.434076,1,1,0,0.000000,0
near_hit_control,3374,0,0.000000,0.434076,1,2,1,0.830075,1
near_hit_control,3374,0,0.000000,0.434076,1,3,1,0.830075,1
near_hit_control,3374,0,0.000000,0.434076,2,0,0,0.000000,0
near_hit_control,3374,0,0.000000,0.434076,2,1,1,0.415037,1
near_hit_control,3374,0,0.000000,0.434076,2,2,0,0.000000,0
near_hit_control,3374,0,0.000000,0.434076,2,3,1,0.830075,1
near_hit_control,3393,0,0.000000,0.434076,0,0,1,0.415037,1
near_hit_control,3393,0,0.000000,0.434076,0,1,0,0.000000,0
near_hit_control,3393,0,0.000000,0.434076,0,2,1,0.830075,1
near_hit_control,3393,0,0.000000,0.434076,0,3,0,0.000000,0
near_hit_control,3393,0,0.000000,0.434076,1,0,1,0.830075,1
near_hit_control,3393,0,0.000000,0.434076,1,1,1,0.415037,1
near_hit_control,3393,0,0.000000,0.434076,1,2,0,0.000000,0
near_hit_control,3393,0,0.000000,0.434076,1,3,1,0.830075,1
near_hit_control,3393,0,0.000000,0.434076,2,0,0,0.000000,0
near_hit_control,3393,0,0.000000,0.434076,2,1,1,0.830075,1
near_hit_control,3393,0,0.000000,0.434076,2,2,1,0.830075,1
near_hit_control,3393,0,0.000000,0.434076,2,3,1,0.830075,1
near_hit_control,3399,0,0.000000,0.434076,0,0,1,0.830075,1
near_hit_control,3399,0,0.000000,0.434076,0,1,0,0.000000,0
near_hit_control,3399,0,0.000000,0.434076,0,2,1,0.415037,1
near_hit_control,3399,0,0.000000,0.434076,0,3,1,0.830075,1
near_hit_control,3399,0,0.000000,0.434076,1,0,0,0.000000,0
near_hit_control,3399,0,0.000000,0.434076,1,1,1,0.830075,1
near_hit_control,3399,0,0.000000,0.434076,1,2,0,0.000000,0
near_hit_control,3399,0,0.000000,0.434076,1,3,1,0.415037,1
near_hit_control,3399,0,0.000000,0.434076,2,0,1,0.830075,1
near_hit_control,3399,0,0.000000,0.434076,2,1,1,0.830075,1
near_hit_control,3399,0,0.000000,0.434076,2,2,1,0.830075,1
near_hit_control,3399,0,0.000000,0.434076,2,3,0,0.000000,0
near_hit_control,3447,1,0.830075,0.718968,0,0,1,0.415037,0
near_hit_control,3447,1,0.830075,0.718968,0,1,0,0.000000,1
near_hit_control,3447,1,0.830075,0.718968,0,2,1,0.830075,0
near_hit_control,3447,1,0.830075,0.718968,0,3,1,0.415037,0
near_hit_control,3447,1,0.830075,0.718968,1,0,1,0.830075,0
near_hit_control,3447,1,0.830075,0.718968,1,1,0,0.000000,1
near_hit_control,3447,1,0.830075,0.718968,1,2,1,0.415037,0
near_hit_control,3447,1,0.830075,0.718968,1,3,0,0.000000,1
near_hit_control,3447,1,0.830075,0.718968,2,0,1,0.830075,0
near_hit_control,3447,1,0.830075,0.718968,2,1,1,0.830075,0
near_hit_control,3447,1,0.830075,0.718968,2,2,1,0.415037,0
near_hit_control,3447,1,0.830075,0.718968,2,3,0,0.000000,1
near_hit_control,3448,1,0.830075,0.718968,0,0,1,0.415037,0
near_hit_control,3448,1,0.830075,0.718968,0,1,0,0.000000,1
near_hit_control,3448,1,0.830075,0.718968,0,2,1,0.830075,0
near_hit_control,3448,1,0.830075,0.718968,0,3,0,0.000000,1
near_hit_control,3448,1,0.830075,0.718968,1,0,1,0.830075,0
near_hit_control,3448,1,0.830075,0.718968,1,1,1,0.415037,0
near_hit_control,3448,1,0.830075,0.718968,1,2,1,0.415037,0
near_hit_control,3448,1,0.830075,0.718968,1,3,0,0.000000,1
near_hit_control,3448,1,0.830075,0.718968,2,0,1,0.830075,0
near_hit_control,3448,1,0.830075,0.718968,2,1,1,0.415037,0
near_hit_control,3448,1,0.830075,0.718968,2,2,1,0.830075,0
near_hit_control,3448,1,0.830075,0.718968,2,3,0,0.000000,1
near_hit_control,3460,0,0.000000,0.434076,0,0,1,0.830075,1
near_hit_control,3460,0,0.000000,0.434076,0,1,0,0.000000,0
near_hit_control,3460,0,0.000000,0.434076,0,2,1,0.830075,1
near_hit_control,3460,0,0.000000,0.434076,0,3,1,0.830075,1
near_hit_control,3460,0,0.000000,0.434076,1,0,1,0.830075,1
near_hit_control,3460,0,0.000000,0.434076,1,1,1,0.415037,1
near_hit_control,3460,0,0.000000,0.434076,1,2,0,0.000000,0
near_hit_control,3460,0,0.000000,0.434076,1,3,0,0.000000,0
near_hit_control,3460,0,0.000000,0.434076,2,0,1,0.830075,1
near_hit_control,3460,0,0.000000,0.434076,2,1,1,0.415037,1
near_hit_control,3460,0,0.000000,0.434076,2,2,0,0.000000,0
near_hit_control,3460,0,0.000000,0.434076,2,3,1,0.830075,1
near_hit_control,3467,0,0.000000,0.434076,0,0,0,0.000000,0
near_hit_control,3467,0,0.000000,0.434076,0,1,0,0.000000,0
near_hit_control,3467,0,0.000000,0.434076,0,2,1,0.415037,1
near_hit_control,3467,0,0.000000,0.434076,0,3,1,0.415037,1
near_hit_control,3467,0,0.000000,0.434076,1,0,1,1.000000,1
near_hit_control,3467,0,0.000000,0.434076,1,1,1,0.415037,1
near_hit_control,3467,0,0.000000,0.434076,1,2,1,0.415037,1
near_hit_control,3467,0,0.000000,0.434076,1,3,0,0.000000,0
near_hit_control,3467,0,0.000000,0.434076,2,0,0,0.000000,0
near_hit_control,3467,0,0.000000,0.434076,2,1,1,0.415037,1
near_hit_control,3467,0,0.000000,0.434076,2,2,0,0.000000,0
near_hit_control,3467,0,0.000000,0.434076,2,3,1,0.415037,1
near_hit_control,3505,0,0.000000,0.434076,0,0,1,0.415037,1
near_hit_control,3505,0,0.000000,0.434076,0,1,0,0.000000,0
near_hit_control,3505,0,0.000000,0.434076,0,2,1,1.000000,1
near_hit_control,3505,0,0.000000,0.434076,0,3,1,0.415037,1
near_hit_control,3505,0,0.000000,0.434076,1,0,1,0.415037,1
near_hit_control,3505,0,0.000000,0.434076,1,1,1,0.415037,1
near_hit_control,3505,0,0.000000,0.434076,1,2,0,0.000000,0
near_hit_control,3505,0,0.000000,0.434076,1,3,0,0.000000,0
near_hit_control,3505,0,0.000000,0.434076,2,0,0,0.000000,0
near_hit_control,3505,0,0.000000,0.434076,2,1,0,0.000000,0
near_hit_control,3505,0,0.000000,0.434076,2,2,1,0.415037,1
near_hit_control,3505,0,0.000000,0.434076,2,3,1,0.415037,1
near_hit_control,3518,0,0.000000,0.434076,0,0,0,0.000000,0
near_hit_control,3518,0,0.000000,0.434076,0,1,0,0.000000,0
near_hit_control,3518,0,0.000000,0.434076,0,2,1,0.830075,1
near_hit_control,3518,0,0.000000,0.434076,0,3,1,0.415037,1
near_hit_control,3518,0,0.000000,0.434076,1,0,1,0.830075,1
near_hit_control,3518,0,0.000000,0.434076,1,1,1,0.830075,1
near_hit_control,3518,0,0.000000,0.434076,1,2,0,0.000000,0
near_hit_control,3518,0,0.000000,0.434076,1,3,1,0.830075,1
near_hit_control,3518,0,0.000000,0.434076,2,0,0,0.000000,0
near_hit_control,3518,0,0.000000,0.434076,2,1,1,0.830075,1
near_hit_control,3518,0,0.000000,0.434076,2,2,1,0.830075,1
near_hit_control,3518,0,0.000000,0.434076,2,3,1,0.415037,1
near_hit_control,3538,1,0.830075,0.718968,0,0,0,0.000000,1
near_hit_control,3538,1,0.830075,0.718968,0,1,0,0.000000,1
near_hit_control,3538,1,0.830075,0.718968,0,2,1,0.830075,0
near_hit_control,3538,1,0.830075,0.718968,0,3,1,0.415037,0
near_hit_control,3538,1,0.830075,0.718968,1,0,1,0.830075,0
near_hit_control,3538,1,0.830075,0.718968,1,1,0,0.000000,1
near_hit_control,3538,1,0.830075,0.718968,1,2,1,0.830075,0
near_hit_control,3538,1,0.830075,0.718968,1,3,1,0.415037,0
near_hit_control,3538,1,0.830075,0.718968,2,0,1,0.415037,0
near_hit_control,3538,1,0.830075,0.718968,2,1,0,0.000000,1
near_hit_control,3538,1,0.830075,0.718968,2,2,1,0.830075,0
near_hit_control,3538,1,0.830075,0.718968,2,3,1,0.415037,0
near_hit_control,3540,1,0.830075,0.718968,0,0,1,0.830075,0
near_hit_control,3540,1,0.830075,0.718968,0,1,0,0.000000,1
near_hit_control,3540,1,0.830075,0.718968,0,2,1,0.830075,0
near_hit_control,3540,1,0.830075,0.718968,0,3,1,0.415037,0
near_hit_control,3540,1,0.830075,0.718968,1,0,0,0.000000,1
near_hit_control,3540,1,0.830075,0.718968,1,1,0,0.000000,1
near_hit_control,3540,1,0.830075,0.718968,1,2,1,0.830075,0
near_hit_control,3540,1,0.830075,0.718968,1,3,1,0.415037,0
near_hit_control,3540,1,0.830075,0.718968,2,0,1,0.415037,0
near_hit_control,3540,1,0.830075,0.718968,2,1,1,0.830075,0
near_hit_control,3540,1,0.830075,0.718968,2,2,0,0.000000,1
near_hit_control,3540,1,0.830075,0.718968,2,3,1,0.415037,0
near_hit_control,3560,1,0.830075,0.718968,0,0,1,0.415037,0
near_hit_control,3560,1,0.830075,0.718968,0,1,0,0.000000,1
near_hit_control,3560,1,0.830075,0.718968,0,2,1,0.830075,0
near_hit_control,3560,1,0.830075,0.718968,0,3,1,0.830075,0
near_hit_control,3560,1,0.830075,0.718968,1,0,0,0.000000,1
near_hit_control,3560,1,0.830075,0.718968,1,1,1,0.415037,0
near_hit_control,3560,1,0.830075,0.718968,1,2,1,0.415037,0
near_hit_control,3560,1,0.830075,0.718968,1,3,1,0.830075,0
near_hit_control,3560,1,0.830075,0.718968,2,0,1,0.830075,0
near_hit_control,3560,1,0.830075,0.718968,2,1,1,0.415037,0
near_hit_control,3560,1,0.830075,0.718968,2,2,0,0.000000,1
near_hit_control,3560,1,0.830075,0.718968,2,3,0,0.000000,1
near_hit_control,3563,1,0.830075,0.718968,0,0,1,0.415037,0
near_hit_control,3563,1,0.830075,0.718968,0,1,0,0.000000,1
near_hit_control,3563,1,0.830075,0.718968,0,2,1,0.830075,0
near_hit_control,3563,1,0.830075,0.718968,0,3,1,0.415037,0
near_hit_control,3563,1,0.830075,0.718968,1,0,0,0.000000,1
near_hit_control,3563,1,0.830075,0.718968,1,1,1,0.415037,0
near_hit_control,3563,1,0.830075,0.718968,1,2,1,0.415037,0
near_hit_control,3563,1,0.830075,0.718968,1,3,1,0.830075,0
near_hit_control,3563,1,0.830075,0.718968,2,0,1,0.415037,0
near_hit_control,3563,1,0.830075,0.718968,2,1,1,0.830075,0
near_hit_control,3563,1,0.830075,0.718968,2,2,0,0.000000,1
near_hit_control,3563,1,0.830075,0.718968,2,3,1,0.415037,0
near_hit_control,3565,0,0.000000,0.434076,0,0,1,0.830075,1
near_hit_control,3565,0,0.000000,0.434076,0,1,0,0.000000,0
near_hit_control,3565,0,0.000000,0.434076,0,2,1,0.830075,1
near_hit_control,3565,0,0.000000,0.434076,0,3,1,0.830075,1
near_hit_control,3565,0,0.000000,0.434076,1,0,0,0.000000,0
near_hit_control,3565,0,0.000000,0.434076,1,1,1,0.830075,1
near_hit_control,3565,0,0.000000,0.434076,1,2,1,0.830075,1
near_hit_control,3565,0,0.000000,0.434076,1,3,1,0.415037,1
near_hit_control,3565,0,0.000000,0.434076,2,0,0,0.000000,0
near_hit_control,3565,0,0.000000,0.434076,2,1,0,0.000000,0
near_hit_control,3565,0,0.000000,0.434076,2,2,1,0.830075,1
near_hit_control,3565,0,0.000000,0.434076,2,3,1,0.415037,1
near_hit_control,3602,1,0.830075,0.718968,0,0,0,0.000000,1
near_hit_control,3602,1,0.830075,0.718968,0,1,1,0.415037,0
near_hit_control,3602,1,0.830075,0.718968,0,2,1,0.830075,0
near_hit_control,3602,1,0.830075,0.718968,0,3,1,0.830075,0
near_hit_control,3602,1,0.830075,0.718968,1,0,0,0.000000,1
near_hit_control,3602,1,0.830075,0.718968,1,1,1,0.415037,0
near_hit_control,3602,1,0.830075,0.718968,1,2,1,0.415037,0
near_hit_control,3602,1,0.830075,0.718968,1,3,1,0.830075,0
near_hit_control,3602,1,0.830075,0.718968,2,0,0,0.000000,1
near_hit_control,3602,1,0.830075,0.718968,2,1,0,0.000000,1
near_hit_control,3602,1,0.830075,0.718968,2,2,1,0.830075,0
near_hit_control,3602,1,0.830075,0.718968,2,3,1,0.415037,0
near_hit_control,3603,0,0.000000,0.457843,0,0,0,0.000000,0
near_hit_control,3603,0,0.000000,0.457843,0,1,1,2.000000,1
near_hit_control,3603,0,0.000000,0.457843,0,2,0,0.000000,0
near_hit_control,3603,0,0.000000,0.457843,0,3,1,0.415037,1
near_hit_control,3603,0,0.000000,0.457843,1,0,0,0.000000,0
near_hit_control,3603,0,0.000000,0.457843,1,1,0,0.000000,0
near_hit_control,3603,0,0.000000,0.457843,1,2,1,0.415037,1
near_hit_control,3603,0,0.000000,0.457843,1,3,1,0.415037,1
near_hit_control,3603,0,0.000000,0.457843,2,0,1,0.830075,1
near_hit_control,3603,0,0.000000,0.457843,2,1,1,0.830075,1
near_hit_control,3603,0,0.000000,0.457843,2,2,0,0.000000,0
near_hit_control,3603,0,0.000000,0.457843,2,3,1,0.830075,1
near_hit_control,3607,0,0.000000,0.360836,0,0,0,0.000000,0
near_hit_control,3607,0,0.000000,0.360836,0,1,1,0.830075,1
near_hit_control,3607,0,0.000000,0.360836,0,2,1,0.830075,1
near_hit_control,3607,0,0.000000,0.360836,0,3,1,0.830075,1
near_hit_control,3607,0,0.000000,0.360836,1,0,0,0.000000,0
near_hit_control,3607,0,0.000000,0.360836,1,1,1,0.830075,1
near_hit_control,3607,0,0.000000,0.360836,1,2,1,0.830075,1
near_hit_control,3607,0,0.000000,0.360836,1,3,1,0.415037,1
near_hit_control,3607,0,0.000000,0.360836,2,0,1,0.830075,1
near_hit_control,3607,0,0.000000,0.360836,2,1,1,0.415037,1
near_hit_control,3607,0,0.000000,0.360836,2,2,0,0.000000,0
near_hit_control,3607,0,0.000000,0.360836,2,3,0,0.000000,0
near_hit_control,3614,1,0.830075,0.718968,0,0,0,0.000000,1
near_hit_control,3614,1,0.830075,0.718968,0,1,1,0.415037,0
near_hit_control,3614,1,0.830075,0.718968,0,2,1,0.415037,0
near_hit_control,3614,1,0.830075,0.718968,0,3,1,0.830075,0
near_hit_control,3614,1,0.830075,0.718968,1,0,0,0.000000,1
near_hit_control,3614,1,0.830075,0.718968,1,1,1,0.415037,0
near_hit_control,3614,1,0.830075,0.718968,1,2,1,0.415037,0
near_hit_control,3614,1,0.830075,0.718968,1,3,1,0.830075,0
near_hit_control,3614,1,0.830075,0.718968,2,0,0,0.000000,1
near_hit_control,3614,1,0.830075,0.718968,2,1,1,0.415037,0
near_hit_control,3614,1,0.830075,0.718968,2,2,1,0.415037,0
near_hit_control,3614,1,0.830075,0.718968,2,3,1,0.830075,0
near_hit_control,3617,1,0.830075,0.718968,0,0,0,0.000000,1
near_hit_control,3617,1,0.830075,0.718968,0,1,1,0.830075,0
near_hit_control,3617,1,0.830075,0.718968,0,2,1,0.415037,0
near_hit_control,3617,1,0.830075,0.718968,0,3,1,0.830075,0
near_hit_control,3617,1,0.830075,0.718968,1,0,0,0.000000,1
near_hit_control,3617,1,0.830075,0.718968,1,1,0,0.000000,1
near_hit_control,3617,1,0.830075,0.718968,1,2,1,0.830075,0
near_hit_control,3617,1,0.830075,0.718968,1,3,1,0.415037,0
near_hit_control,3617,1,0.830075,0.718968,2,0,0,0.000000,1
near_hit_control,3617,1,0.830075,0.718968,2,1,1,0.415037,0
near_hit_control,3617,1,0.830075,0.718968,2,2,1,0.415037,0
near_hit_control,3617,1,0.830075,0.718968,2,3,1,0.830075,0
near_hit_control,3624,1,0.830075,0.718968,0,0,0,0.000000,1
near_hit_control,3624,1,0.830075,0.718968,0,1,0,0.000000,1
near_hit_control,3624,1,0.830075,0.718968,0,2,1,0.415037,0
near_hit_control,3624,1,0.830075,0.718968,0,3,1,0.830075,0
near_hit_control,3624,1,0.830075,0.718968,1,0,1,0.830075,0
near_hit_control,3624,1,0.830075,0.718968,1,1,0,0.000000,1
near_hit_control,3624,1,0.830075,0.718968,1,2,1,0.830075,0
near_hit_control,3624,1,0.830075,0.718968,1,3,1,0.415037,0
near_hit_control,3624,1,0.830075,0.718968,2,0,1,0.830075,0
near_hit_control,3624,1,0.830075,0.718968,2,1,1,0.415037,0
near_hit_control,3624,1,0.830075,0.718968,2,2,1,0.415037,0
near_hit_control,3624,1,0.830075,0.718968,2,3,0,0.000000,1
near_hit_control,3633,0,0.000000,0.457843,0,0,0,0.000000,0
near_hit_control,3633,0,0.000000,0.457843,0,1,0,0.000000,0
near_hit_control,3633,0,0.000000,0.457843,0,2,1,2.000000,1
near_hit_control,3633,0,0.000000,0.457843,0,3,1,0.415037,1
near_hit_control,3633,0,0.000000,0.457843,1,0,1,0.830075,1
near_hit_control,3633,0,0.000000,0.457843,1,1,1,0.830075,1
near_hit_control,3633,0,0.000000,0.457843,1,2,0,0.000000,0
near_hit_control,3633,0,0.000000,0.457843,1,3,1,0.830075,1
near_hit_control,3633,0,0.000000,0.457843,2,0,0,0.000000,0
near_hit_control,3633,0,0.000000,0.457843,2,1,0,0.000000,0
near_hit_control,3633,0,0.000000,0.457843,2,2,1,0.415037,1
near_hit_control,3633,0,0.000000,0.457843,2,3,1,0.415037,1
near_hit_control,3652,0,0.000000,0.360836,0,0,0,0.000000,0
near_hit_control,3652,0,0.000000,0.360836,0,1,1,0.415037,1
near_hit_control,3652,0,0.000000,0.360836,0,2,1,0.415037,1
near_hit_control,3652,0,0.000000,0.360836,0,3,1,1.000000,1
near_hit_control,3652,0,0.000000,0.360836,1,0,1,0.415037,1
near_hit_control,3652,0,0.000000,0.360836,1,1,1,0.415037,1
near_hit_control,3652,0,0.000000,0.360836,1,2,0,0.000000,0
near_hit_control,3652,0,0.000000,0.360836,1,3,0,0.000000,0
near_hit_control,3652,0,0.000000,0.360836,2,0,1,0.415037,1
near_hit_control,3652,0,0.000000,0.360836,2,1,1,0.415037,1
near_hit_control,3652,0,0.000000,0.360836,2,2,0,0.000000,0
near_hit_control,3652,0,0.000000,0.360836,2,3,0,0.000000,0
near_hit_control,3659,0,0.000000,0.360836,0,0,0,0.000000,0
near_hit_control,3659,0,0.000000,0.360836,0,1,0,0.000000,0
near_hit_control,3659,0,0.000000,0.360836,0,2,1,0.415037,1
near_hit_control,3659,0,0.000000,0.360836,0,3,1,0.830075,1
near_hit_control,3659,0,0.000000,0.360836,1,0,1,0.830075,1
near_hit_control,3659,0,0.000000,0.360836,1,1,1,0.830075,1
near_hit_control,3659,0,0.000000,0.360836,1,2,0,0.000000,0
near_hit_control,3659,0,0.000000,0.360836,1,3,1,0.830075,1
near_hit_control,3659,0,0.000000,0.360836,2,0,1,0.830075,1
near_hit_control,3659,0,0.000000,0.360836,2,1,1,0.415037,1
near_hit_control,3659,0,0.000000,0.360836,2,2,0,0.000000,0
near_hit_control,3659,0,0.000000,0.360836,2,3,1,0.830075,1
near_hit_control,3660,0,0.000000,0.457843,0,0,0,0.000000,0
near_hit_control,3660,0,0.000000,0.457843,0,1,1,0.415037,1
near_hit_control,3660,0,0.000000,0.457843,0,2,0,0.000000,0
near_hit_control,3660,0,0.000000,0.457843,0,3,1,2.000000,1
near_hit_control,3660,0,0.000000,0.457843,1,0,1,2.000000,1
near_hit_control,3660,0,0.000000,0.457843,1,1,1,2.000000,1
near_hit_control,3660,0,0.000000,0.457843,1,2,0,0.000000,0
near_hit_control,3660,0,0.000000,0.457843,1,3,0,0.000000,0
near_hit_control,3660,0,0.000000,0.457843,2,0,1,0.830075,1
near_hit_control,3660,0,0.000000,0.457843,2,1,1,0.830075,1
near_hit_control,3660,0,0.000000,0.457843,2,2,0,0.000000,0
near_hit_control,3660,0,0.000000,0.457843,2,3,0,0.000000,0
near_hit_control,3697,0,0.000000,0.360836,0,0,0,0.000000,0
near_hit_control,3697,0,0.000000,0.360836,0,1,1,0.830075,1
near_hit_control,3697,0,0.000000,0.360836,0,2,1,0.830075,1
near_hit_control,3697,0,0.000000,0.360836,0,3,1,0.830075,1
near_hit_control,3697,0,0.000000,0.360836,1,0,1,0.830075,1
near_hit_control,3697,0,0.000000,0.360836,1,1,1,0.415037,1
near_hit_control,3697,0,0.000000,0.360836,1,2,0,0.000000,0
near_hit_control,3697,0,0.000000,0.360836,1,3,0,0.000000,0
near_hit_control,3697,0,0.000000,0.360836,2,0,0,0.000000,0
near_hit_control,3697,0,0.000000,0.360836,2,1,1,0.830075,1
near_hit_control,3697,0,0.000000,0.360836,2,2,1,0.830075,1
near_hit_control,3697,0,0.000000,0.360836,2,3,1,0.415037,1
near_hit_control,3706,0,0.000000,0.457843,0,0,0,0.000000,0
near_hit_control,3706,0,0.000000,0.457843,0,1,0,0.000000,0
near_hit_control,3706,0,0.000000,0.457843,0,2,1,2.000000,1
near_hit_control,3706,0,0.000000,0.457843,0,3,1,2.000000,1
near_hit_control,3706,0,0.000000,0.457843,1,0,1,2.000000,1
near_hit_control,3706,0,0.000000,0.457843,1,1,0,0.000000,0
near_hit_control,3706,0,0.000000,0.457843,1,2,1,0.415037,1
near_hit_control,3706,0,0.000000,0.457843,1,3,0,0.000000,0
near_hit_control,3706,0,0.000000,0.457843,2,0,0,0.000000,0
near_hit_control,3706,0,0.000000,0.457843,2,1,1,0.830075,1
near_hit_control,3706,0,0.000000,0.457843,2,2,0,0.000000,0
near_hit_control,3706,0,0.000000,0.457843,2,3,1,0.830075,1
near_hit_control,3710,0,0.000000,0.360836,0,0,0,0.000000,0
near_hit_control,3710,0,0.000000,0.360836,0,1,0,0.000000,0
near_hit_control,3710,0,0.000000,0.360836,0,2,1,0.415037,1
near_hit_control,3710,0,0.000000,0.360836,0,3,1,0.415037,1
near_hit_control,3710,0,0.000000,0.360836,1,0,1,1.000000,1
near_hit_control,3710,0,0.000000,0.360836,1,1,1,0.415037,1
near_hit_control,3710,0,0.000000,0.360836,1,2,1,0.415037,1
near_hit_control,3710,0,0.000000,0.360836,1,3,0,0.000000,0
near_hit_control,3710,0,0.000000,0.360836,2,0,0,0.000000,0
near_hit_control,3710,0,0.000000,0.360836,2,1,1,0.415037,1
near_hit_control,3710,0,0.000000,0.360836,2,2,0,0.000000,0
near_hit_control,3710,0,0.000000,0.360836,2,3,1,0.415037,1
near_hit_control,3714,1,0.830075,0.718968,0,0,0,0.000000,1
near_hit_control,3714,1,0.830075,0.718968,0,1,1,0.415037,0
near_hit_control,3714,1,0.830075,0.718968,0,2,0,0.000000,1
near_hit_control,3714,1,0.830075,0.718968,0,3,1,0.830075,0
near_hit_control,3714,1,0.830075,0.718968,1,0,1,0.830075,0
near_hit_control,3714,1,0.830075,0.718968,1,1,1,0.415037,0
near_hit_control,3714,1,0.830075,0.718968,1,2,1,0.415037,0
near_hit_control,3714,1,0.830075,0.718968,1,3,0,0.000000,1
near_hit_control,3714,1,0.830075,0.718968,2,0,1,0.830075,0
near_hit_control,3714,1,0.830075,0.718968,2,1,0,0.000000,1
near_hit_control,3714,1,0.830075,0.718968,2,2,1,0.830075,0
near_hit_control,3714,1,0.830075,0.718968,2,3,1,0.415037,0
near_hit_control,3725,1,0.830075,0.718968,0,0,0,0.000000,1
near_hit_control,3725,1,0.830075,0.718968,0,1,1,0.415037,0
near_hit_control,3725,1,0.830075,0.718968,0,2,1,0.415037,0
near_hit_control,3725,1,0.830075,0.718968,0,3,1,0.830075,0
near_hit_control,3725,1,0.830075,0.718968,1,0,1,0.830075,0
near_hit_control,3725,1,0.830075,0.718968,1,1,0,0.000000,1
near_hit_control,3725,1,0.830075,0.718968,1,2,1,0.415037,0
near_hit_control,3725,1,0.830075,0.718968,1,3,0,0.000000,1
near_hit_control,3725,1,0.830075,0.718968,2,0,1,0.415037,0
near_hit_control,3725,1,0.830075,0.718968,2,1,0,0.000000,1
near_hit_control,3725,1,0.830075,0.718968,2,2,1,0.830075,0
near_hit_control,3725,1,0.830075,0.718968,2,3,1,0.830075,0
near_hit_control,3751,0,0.000000,0.457843,0,0,0,0.000000,0
near_hit_control,3751,0,0.000000,0.457843,0,1,1,2.000000,1
near_hit_control,3751,0,0.000000,0.457843,0,2,0,0.000000,0
near_hit_control,3751,0,0.000000,0.457843,0,3,1,2.000000,1
near_hit_control,3751,0,0.000000,0.457843,1,0,0,0.000000,0
near_hit_control,3751,0,0.000000,0.457843,1,1,1,0.830075,1
near_hit_control,3751,0,0.000000,0.457843,1,2,0,0.000000,0
near_hit_control,3751,0,0.000000,0.457843,1,3,1,0.830075,1
near_hit_control,3751,0,0.000000,0.457843,2,0,1,2.000000,1
near_hit_control,3751,0,0.000000,0.457843,2,1,0,0.000000,0
near_hit_control,3751,0,0.000000,0.457843,2,2,1,0.415037,1
near_hit_control,3751,0,0.000000,0.457843,2,3,0,0.000000,0
near_hit_control,3757,0,0.000000,0.457843,0,0,0,0.000000,0
near_hit_control,3757,0,0.000000,0.457843,0,1,1,0.415037,1
near_hit_control,3757,0,0.000000,0.457843,0,2,0,0.000000,0
near_hit_control,3757,0,0.000000,0.457843,0,3,1,0.415037,1
near_hit_control,3757,0,0.000000,0.457843,1,0,0,0.000000,0
near_hit_control,3757,0,0.000000,0.457843,1,1,1,0.830075,1
near_hit_control,3757,0,0.000000,0.457843,1,2,1,0.830075,1
near_hit_control,3757,0,0.000000,0.457843,1,3,1,0.830075,1
near_hit_control,3757,0,0.000000,0.457843,2,0,1,2.000000,1
near_hit_control,3757,0,0.000000,0.457843,2,1,0,0.000000,0
near_hit_control,3757,0,0.000000,0.457843,2,2,1,0.415037,1
near_hit_control,3757,0,0.000000,0.457843,2,3,0,0.000000,0
near_hit_control,3764,0,0.000000,0.360836,0,0,0,0.000000,0
near_hit_control,3764,0,0.000000,0.360836,0,1,1,0.415037,1
near_hit_control,3764,0,0.000000,0.360836,0,2,0,0.000000,0
near_hit_control,3764,0,0.000000,0.360836,0,3,1,0.830075,1
near_hit_control,3764,0,0.000000,0.360836,1,0,1,0.830075,1
near_hit_control,3764,0,0.000000,0.360836,1,1,1,0.415037,1
near_hit_control,3764,0,0.000000,0.360836,1,2,0,0.000000,0
near_hit_control,3764,0,0.000000,0.360836,1,3,1,0.830075,1
near_hit_control,3764,0,0.000000,0.360836,2,0,1,0.830075,1
near_hit_control,3764,0,0.000000,0.360836,2,1,1,0.830075,1
near_hit_control,3764,0,0.000000,0.360836,2,2,0,0.000000,0
near_hit_control,3764,0,0.000000,0.360836,2,3,1,0.830075,1
near_hit_control,3773,0,0.000000,0.360836,0,0,0,0.000000,0
near_hit_control,3773,0,0.000000,0.360836,0,1,1,0.830075,1
near_hit_control,3773,0,0.000000,0.360836,0,2,1,0.830075,1
near_hit_control,3773,0,0.000000,0.360836,0,3,1,0.415037,1
near_hit_control,3773,0,0.000000,0.360836,1,0,0,0.000000,0
near_hit_control,3773,0,0.000000,0.360836,1,1,1,0.830075,1
near_hit_control,3773,0,0.000000,0.360836,1,2,0,0.000000,0
near_hit_control,3773,0,0.000000,0.360836,1,3,1,0.415037,1
near_hit_control,3773,0,0.000000,0.360836,2,0,1,0.830075,1
near_hit_control,3773,0,0.000000,0.360836,2,1,0,0.000000,0
near_hit_control,3773,0,0.000000,0.360836,2,2,1,0.830075,1
near_hit_control,3773,0,0.000000,0.360836,2,3,1,0.830075,1
near_hit_control,3780,0,0.000000,0.457843,0,0,0,0.000000,0
near_hit_control,3780,0,0.000000,0.457843,0,1,0,0.000000,0
near_hit_control,3780,0,0.000000,0.457843,0,2,1,0.415037,1
near_hit_control,3780,0,0.000000,0.457843,0,3,1,2.000000,1
near_hit_control,3780,0,0.000000,0.457843,1,0,1,0.830075,1
near_hit_control,3780,0,0.000000,0.457843,1,1,1,0.830075,1
near_hit_control,3780,0,0.000000,0.457843,1,2,0,0.000000,0
near_hit_control,3780,0,0.000000,0.457843,1,3,0,0.000000,0
near_hit_control,3780,0,0.000000,0.457843,2,0,1,2.000000,1
near_hit_control,3780,0,0.000000,0.457843,2,1,1,2.000000,1
near_hit_control,3780,0,0.000000,0.457843,2,2,0,0.000000,0
near_hit_control,3780,0,0.000000,0.457843,2,3,0,0.000000,0
near_hit_control,3800,1,0.830075,0.718968,0,0,0,0.000000,1
near_hit_control,3800,1,0.830075,0.718968,0,1,1,0.415037,0
near_hit_control,3800,1,0.830075,0.718968,0,2,1,0.415037,0
near_hit_control,3800,1,0.830075,0.718968,0,3,1,0.830075,0
near_hit_control,3800,1,0.830075,0.718968,1,0,1,0.415037,0
near_hit_control,3800,1,0.830075,0.718968,1,1,0,0.000000,1
near_hit_control,3800,1,0.830075,0.718968,1,2,1,0.830075,0
near_hit_control,3800,1,0.830075,0.718968,1,3,1,0.830075,0
near_hit_control,3800,1,0.830075,0.718968,2,0,1,0.830075,0
near_hit_control,3800,1,0.830075,0.718968,2,1,0,0.000000,1
near_hit_control,3800,1,0.830075,0.718968,2,2,1,0.415037,0
near_hit_control,3800,1,0.830075,0.718968,2,3,0,0.000000,1
near_hit_control,3802,0,0.000000,0.457843,0,0,0,0.000000,0
near_hit_control,3802,0,0.000000,0.457843,0,1,0,0.000000,0
near_hit_control,3802,0,0.000000,0.457843,0,2,1,0.415037,1
near_hit_control,3802,0,0.000000,0.457843,0,3,1,0.415037,1
near_hit_control,3802,0,0.000000,0.457843,1,0,1,2.000000,1
near_hit_control,3802,0,0.000000,0.457843,1,1,0,0.000000,0
near_hit_control,3802,0,0.000000,0.457843,1,2,1,0.415037,1
near_hit_control,3802,0,0.000000,0.457843,1,3,0,0.000000,0
near_hit_control,3802,0,0.000000,0.457843,2,0,0,0.000000,0
near_hit_control,3802,0,0.000000,0.457843,2,1,1,0.830075,1
near_hit_control,3802,0,0.000000,0.457843,2,2,1,0.830075,1
near_hit_control,3802,0,0.000000,0.457843,2,3,1,0.830075,1
near_hit_control,3803,0,0.000000,0.360836,0,0,0,0.000000,0
near_hit_control,3803,0,0.000000,0.360836,0,1,1,0.830075,1
near_hit_control,3803,0,0.000000,0.360836,0,2,1,0.830075,1
near_hit_control,3803,0,0.000000,0.360836,0,3,1,0.415037,1
near_hit_control,3803,0,0.000000,0.360836,1,0,1,0.830075,1
near_hit_control,3803,0,0.000000,0.360836,1,1,0,0.000000,0
near_hit_control,3803,0,0.000000,0.360836,1,2,1,0.830075,1
near_hit_control,3803,0,0.000000,0.360836,1,3,1,0.830075,1
near_hit_control,3803,0,0.000000,0.360836,2,0,0,0.000000,0
near_hit_control,3803,0,0.000000,0.360836,2,1,1,0.830075,1
near_hit_control,3803,0,0.000000,0.360836,2,2,0,0.000000,0
near_hit_control,3803,0,0.000000,0.360836,2,3,1,0.415037,1
near_hit_control,3805,1,0.830075,0.718968,0,0,0,0.000000,1
near_hit_control,3805,1,0.830075,0.718968,0,1,1,0.415037,0
near_hit_control,3805,1,0.830075,0.718968,0,2,1,0.415037,0
near_hit_control,3805,1,0.830075,0.718968,0,3,1,0.830075,0
near_hit_control,3805,1,0.830075,0.718968,1,0,1,0.415037,0
near_hit_control,3805,1,0.830075,0.718968,1,1,0,0.000000,1
near_hit_control,3805,1,0.830075,0.718968,1,2,1,0.830075,0
near_hit_control,3805,1,0.830075,0.718968,1,3,1,0.415037,0
near_hit_control,3805,1,0.830075,0.718968,2,0,1,0.415037,0
near_hit_control,3805,1,0.830075,0.718968,2,1,0,0.000000,1
near_hit_control,3805,1,0.830075,0.718968,2,2,1,0.830075,0
near_hit_control,3805,1,0.830075,0.718968,2,3,1,0.415037,0
near_hit_control,3809,1,0.830075,0.718968,0,0,0,0.000000,1
near_hit_control,3809,1,0.830075,0.718968,0,1,1,0.415037,0
near_hit_control,3809,1,0.830075,0.718968,0,2,1,0.415037,0
near_hit_control,3809,1,0.830075,0.718968,0,3,1,0.830075,0
near_hit_control,3809,1,0.830075,0.718968,1,0,0,0.000000,1
near_hit_control,3809,1,0.830075,0.718968,1,1,1,0.415037,0
near_hit_control,3809,1,0.830075,0.718968,1,2,1,0.415037,0
near_hit_control,3809,1,0.830075,0.718968,1,3,1,0.830075,0
near_hit_control,3809,1,0.830075,0.718968,2,0,0,0.000000,1
near_hit_control,3809,1,0.830075,0.718968,2,1,1,0.415037,0
near_hit_control,3809,1,0.830075,0.718968,2,2,1,0.415037,0
near_hit_control,3809,1,0.830075,0.718968,2,3,1,0.830075,0
near_hit_control,3815,0,0.000000,0.360836,0,0,0,0.000000,0
near_hit_control,3815,0,0.000000,0.360836,0,1,1,0.415037,1
near_hit_control,3815,0,0.000000,0.360836,0,2,0,0.000000,0
near_hit_control,3815,0,0.000000,0.360836,0,3,1,0.415037,1
near_hit_control,3815,0,0.000000,0.360836,1,0,0,0.000000,0
near_hit_control,3815,0,0.000000,0.360836,1,1,1,0.415037,1
near_hit_control,3815,0,0.000000,0.360836,1,2,0,0.000000,0
near_hit_control,3815,0,0.000000,0.360836,1,3,1,0.415037,1
near_hit_control,3815,0,0.000000,0.360836,2,0,1,1.000000,1
near_hit_control,3815,0,0.000000,0.360836,2,1,1,0.415037,1
near_hit_control,3815,0,0.000000,0.360836,2,2,1,0.415037,1
near_hit_control,3815,0,0.000000,0.360836,2,3,0,0.000000,0
far_hit_control,2708,1,0.415037,1.000000,0,0,1,0.830075,0
far_hit_control,2708,1,0.415037,1.000000,0,1,1,0.830075,0
far_hit_control,2708,1,0.415037,1.000000,0,2,1,0.415037,0
far_hit_control,2708,1,0.415037,1.000000,0,3,1,0.830075,0
far_hit_control,2708,1,0.415037,1.000000,1,0,1,0.830075,0
far_hit_control,2708,1,0.415037,1.000000,1,1,0,0.000000,1
far_hit_control,2708,1,0.415037,1.000000,1,2,1,0.830075,0
far_hit_control,2708,1,0.415037,1.000000,1,3,1,0.415037,0
far_hit_control,2708,1,0.415037,1.000000,2,0,1,2.000000,0
far_hit_control,2708,1,0.415037,1.000000,2,1,1,2.000000,0
far_hit_control,2708,1,0.415037,1.000000,2,2,0,0.000000,1
far_hit_control,2708,1,0.415037,1.000000,2,3,1,0.500000,0
far_hit_control,2424,1,0.830075,1.000000,0,0,1,0.830075,0
far_hit_control,2424,1,0.830075,1.000000,0,1,1,0.830075,0
far_hit_control,2424,1,0.830075,1.000000,0,2,1,0.830075,0
far_hit_control,2424,1,0.830075,1.000000,0,3,0,0.000000,1
far_hit_control,2424,1,0.830075,1.000000,1,0,1,0.415037,0
far_hit_control,2424,1,0.830075,1.000000,1,1,1,0.415037,0
far_hit_control,2424,1,0.830075,1.000000,1,2,1,0.415037,0
far_hit_control,2424,1,0.830075,1.000000,1,3,0,0.000000,1
far_hit_control,2424,1,0.830075,1.000000,2,0,1,2.000000,0
far_hit_control,2424,1,0.830075,1.000000,2,1,1,2.000000,0
far_hit_control,2424,1,0.830075,1.000000,2,2,1,2.000000,0
far_hit_control,2424,1,0.830075,1.000000,2,3,0,0.000000,1
far_hit_control,2041,0,0.000000,0.000000,0,0,0,0.000000,0
far_hit_control,2041,0,0.000000,0.000000,0,1,0,0.000000,0
far_hit_control,2041,0,0.000000,0.000000,0,2,0,0.000000,0
far_hit_control,2041,0,0.000000,0.000000,0,3,0,0.000000,0
far_hit_control,2041,0,0.000000,0.000000,1,0,1,0.415037,1
far_hit_control,2041,0,0.000000,0.000000,1,1,1,0.830075,1
far_hit_control,2041,0,0.000000,0.000000,1,2,1,0.830075,1
far_hit_control,2041,0,0.000000,0.000000,1,3,1,0.830075,1
far_hit_control,2041,0,0.000000,0.000000,2,0,0,0.000000,0
far_hit_control,2041,0,0.000000,0.000000,2,1,0,0.000000,0
far_hit_control,2041,0,0.000000,0.000000,2,2,0,0.000000,0
far_hit_control,2041,0,0.000000,0.000000,2,3,0,0.000000,0
far_hit_control,1776,0,0.000000,0.000000,0,0,0,0.000000,0
far_hit_control,1776,0,0.000000,0.000000,0,1,0,0.000000,0
far_hit_control,1776,0,0.000000,0.000000,0,2,0,0.000000,0
far_hit_control,1776,0,0.000000,0.000000,0,3,0,0.000000,0
far_hit_control,1776,0,0.000000,0.000000,1,0,0,0.000000,0
far_hit_control,1776,0,0.000000,0.000000,1,1,0,0.000000,0
far_hit_control,1776,0,0.000000,0.000000,1,2,0,0.000000,0
far_hit_control,1776,0,0.000000,0.000000,1,3,0,0.000000,0
far_hit_control,1776,0,0.000000,0.000000,2,0,0,0.000000,0
far_hit_control,1776,0,0.000000,0.000000,2,1,0,0.000000,0
far_hit_control,1776,0,0.000000,0.000000,2,2,0,0.000000,0
far_hit_control,1776,0,0.000000,0.000000,2,3,0,0.000000,0
far_hit_control,313,1,0.415037,1.000000,0,0,0,0.000000,1
far_hit_control,313,1,0.415037,1.000000,0,1,1,0.500000,0
far_hit_control,313,1,0.415037,1.000000,0,2,1,2.000000,0
far_hit_control,313,1,0.415037,1.000000,0,3,1,2.000000,0
far_hit_control,313,1,0.415037,1.000000,1,0,1,0.830075,0
far_hit_control,313,1,0.415037,1.000000,1,1,1,0.415037,0
far_hit_control,313,1,0.415037,1.000000,1,2,1,0.830075,0
far_hit_control,313,1,0.415037,1.000000,1,3,1,0.415037,0
far_hit_control,313,1,0.415037,1.000000,2,0,1,0.830075,0
far_hit_control,313,1,0.415037,1.000000,2,1,1,0.830075,0
far_hit_control,313,1,0.415037,1.000000,2,2,1,0.415037,0
far_hit_control,313,1,0.415037,1.000000,2,3,1,0.415037,0
far_hit_control,3068,0,0.000000,0.000000,0,0,0,0.000000,0
far_hit_control,3068,0,0.000000,0.000000,0,1,0,0.000000,0
far_hit_control,3068,0,0.000000,0.000000,0,2,0,0.000000,0
far_hit_control,3068,0,0.000000,0.000000,0,3,0,0.000000,0
far_hit_control,3068,0,0.000000,0.000000,1,0,1,0.830075,1
far_hit_control,3068,0,0.000000,0.000000,1,1,1,0.830075,1
far_hit_control,3068,0,0.000000,0.000000,1,2,1,0.415037,1
far_hit_control,3068,0,0.000000,0.000000,1,3,1,0.415037,1
far_hit_control,3068,0,0.000000,0.000000,2,0,0,0.000000,0
far_hit_control,3068,0,0.000000,0.000000,2,1,0,0.000000,0
far_hit_control,3068,0,0.000000,0.000000,2,2,0,0.000000,0
far_hit_control,3068,0,0.000000,0.000000,2,3,0,0.000000,0
far_hit_control,2824,0,0.000000,0.000000,0,0,0,0.000000,0
far_hit_control,2824,0,0.000000,0.000000,0,1,0,0.000000,0
far_hit_control,2824,0,0.000000,0.000000,0,2,0,0.000000,0
far_hit_control,2824,0,0.000000,0.000000,0,3,0,0.000000,0
far_hit_control,2824,0,0.000000,0.000000,1,0,1,0.415037,1
far_hit_control,2824,0,0.000000,0.000000,1,1,1,0.830075,1
far_hit_control,2824,0,0.000000,0.000000,1,2,0,0.000000,0
far_hit_control,2824,0,0.000000,0.000000,1,3,1,0.830075,1
far_hit_control,2824,0,0.000000,0.000000,2,0,0,0.000000,0
far_hit_control,2824,0,0.000000,0.000000,2,1,0,0.000000,0
far_hit_control,2824,0,0.000000,0.000000,2,2,0,0.000000,0
far_hit_control,2824,0,0.000000,0.000000,2,3,0,0.000000,0
far_hit_control,1305,1,2.000000,1.000000,0,0,1,0.830075,0
far_hit_control,1305,1,2.000000,1.000000,0,1,1,0.830075,0
far_hit_control,1305,1,2.000000,1.000000,0,2,1,0.415037,0
far_hit_control,1305,1,2.000000,1.000000,0,3,1,1.000000,0
far_hit_control,1305,1,2.000000,1.000000,1,0,0,0.000000,1
far_hit_control,1305,1,2.000000,1.000000,1,1,1,2.000000,0
far_hit_control,1305,1,2.000000,1.000000,1,2,0,0.000000,1
far_hit_control,1305,1,2.000000,1.000000,1,3,1,2.000000,0
far_hit_control,1305,1,2.000000,1.000000,2,0,1,0.830075,0
far_hit_control,1305,1,2.000000,1.000000,2,1,1,1.000000,0
far_hit_control,1305,1,2.000000,1.000000,2,2,0,0.000000,1
far_hit_control,1305,1,2.000000,1.000000,2,3,1,0.415037,0
far_hit_control,3313,0,0.000000,0.000000,0,0,0,0.000000,0
far_hit_control,3313,0,0.000000,0.000000,0,1,0,0.000000,0
far_hit_control,3313,0,0.000000,0.000000,0,2,0,0.000000,0
far_hit_control,3313,0,0.000000,0.000000,0,3,0,0.000000,0
far_hit_control,3313,0,0.000000,0.000000,1,0,1,0.415037,1
far_hit_control,3313,0,0.000000,0.000000,1,1,1,0.830075,1
far_hit_control,3313,0,0.000000,0.000000,1,2,1,0.415037,1
far_hit_control,3313,0,0.000000,0.000000,1,3,1,0.830075,1
far_hit_control,3313,0,0.000000,0.000000,2,0,0,0.000000,0
far_hit_control,3313,0,0.000000,0.000000,2,1,0,0.000000,0
far_hit_control,3313,0,0.000000,0.000000,2,2,0,0.000000,0
far_hit_control,3313,0,0.000000,0.000000,2,3,0,0.000000,0
far_hit_control,491,1,0.830075,1.000000,0,0,0,0.000000,1
far_hit_control,491,1,0.830075,1.000000,0,1,1,0.415037,0
far_hit_control,491,1,0.830075,1.000000,0,2,1,0.415037,0
far_hit_control,491,1,0.830075,1.000000,0,3,1,0.830075,0
far_hit_control,491,1,0.830075,1.000000,1,0,0,0.000000,1
far_hit_control,491,1,0.830075,1.000000,1,1,1,0.415037,0
far_hit_control,491,1,0.830075,1.000000,1,2,1,0.830075,0
far_hit_control,491,1,0.830075,1.000000,1,3,1,0.415037,0
far_hit_control,491,1,0.830075,1.000000,2,0,1,0.415037,0
far_hit_control,491,1,0.830075,1.000000,2,1,1,0.830075,0
far_hit_control,491,1,0.830075,1.000000,2,2,0,0.000000,1
far_hit_control,491,1,0.830075,1.000000,2,3,1,0.415037,0
far_hit_control,3484,1,0.415037,1.000000,0,0,1,2.000000,0
far_hit_control,3484,1,0.415037,1.000000,0,1,0,0.000000,1
far_hit_control,3484,1,0.415037,1.000000,0,2,1,2.000000,0
far_hit_control,3484,1,0.415037,1.000000,0,3,1,0.500000,0
far_hit_control,3484,1,0.415037,1.000000,1,0,1,0.830075,0
far_hit_control,3484,1,0.415037,1.000000,1,1,1,0.830075,0
far_hit_control,3484,1,0.415037,1.000000,1,2,1,0.415037,0
far_hit_control,3484,1,0.415037,1.000000,1,3,1,0.415037,0
far_hit_control,3484,1,0.415037,1.000000,2,0,1,0.415037,0
far_hit_control,3484,1,0.415037,1.000000,2,1,1,0.830075,0
far_hit_control,3484,1,0.415037,1.000000,2,2,1,0.415037,0
far_hit_control,3484,1,0.415037,1.000000,2,3,1,0.830075,0
far_hit_control,779,0,0.000000,0.000000,0,0,0,0.000000,0
far_hit_control,779,0,0.000000,0.000000,0,1,0,0.000000,0
far_hit_control,779,0,0.000000,0.000000,0,2,0,0.000000,0
far_hit_control,779,0,0.000000,0.000000,0,3,0,0.000000,0
far_hit_control,779,0,0.000000,0.000000,1,0,1,0.415037,1
far_hit_control,779,0,0.000000,0.000000,1,1,1,0.830075,1
far_hit_control,779,0,0.000000,0.000000,1,2,1,0.415037,1
far_hit_control,779,0,0.000000,0.000000,1,3,1,0.830075,1
far_hit_control,779,0,0.000000,0.000000,2,0,0,0.000000,0
far_hit_control,779,0,0.000000,0.000000,2,1,0,0.000000,0
far_hit_control,779,0,0.000000,0.000000,2,2,0,0.000000,0
far_hit_control,779,0,0.000000,0.000000,2,3,0,0.000000,0
far_hit_control,3492,1,0.415037,1.000000,0,0,1,0.415037,0
far_hit_control,3492,1,0.415037,1.000000,0,1,0,0.000000,1
far_hit_control,3492,1,0.415037,1.000000,0,2,1,0.415037,0
far_hit_control,3492,1,0.415037,1.000000,0,3,0,0.000000,1
far_hit_control,3492,1,0.415037,1.000000,1,0,1,0.830075,0
far_hit_control,3492,1,0.415037,1.000000,1,1,0,0.000000,1
far_hit_control,3492,1,0.415037,1.000000,1,2,1,0.830075,0
far_hit_control,3492,1,0.415037,1.000000,1,3,1,0.830075,0
far_hit_control,3492,1,0.415037,1.000000,2,0,1,2.000000,0
far_hit_control,3492,1,0.415037,1.000000,2,1,1,2.000000,0
far_hit_control,3492,1,0.415037,1.000000,2,2,0,0.000000,1
far_hit_control,3492,1,0.415037,1.000000,2,3,1,0.415037,0
far_hit_control,2392,1,0.415037,1.000000,0,0,1,0.415037,0
far_hit_control,2392,1,0.415037,1.000000,0,1,1,0.830075,0
far_hit_control,2392,1,0.415037,1.000000,0,2,1,0.415037,0
far_hit_control,2392,1,0.415037,1.000000,0,3,1,0.830075,0
far_hit_control,2392,1,0.415037,1.000000,1,0,1,0.830075,0
far_hit_control,2392,1,0.415037,1.000000,1,1,1,0.830075,0
far_hit_control,2392,1,0.415037,1.000000,1,2,1,0.415037,0
far_hit_control,2392,1,0.415037,1.000000,1,3,1,0.415037,0
far_hit_control,2392,1,0.415037,1.000000,2,0,1,2.000000,0
far_hit_control,2392,1,0.415037,1.000000,2,1,1,0.500000,0
far_hit_control,2392,1,0.415037,1.000000,2,2,1,2.000000,0
far_hit_control,2392,1,0.415037,1.000000,2,3,0,0.000000,1
far_hit_control,1901,1,0.830075,1.000000,0,0,1,2.000000,0
far_hit_control,1901,1,0.830075,1.000000,0,1,1,2.000000,0
far_hit_control,1901,1,0.830075,1.000000,0,2,1,0.415037,0
far_hit_control,1901,1,0.830075,1.000000,0,3,0,0.000000,1
far_hit_control,1901,1,0.830075,1.000000,1,0,1,0.830075,0
far_hit_control,1901,1,0.830075,1.000000,1,1,1,0.830075,0
far_hit_control,1901,1,0.830075,1.000000,1,2,1,0.830075,0
far_hit_control,1901,1,0.830075,1.000000,1,3,0,0.000000,1
far_hit_control,1901,1,0.830075,1.000000,2,0,1,2.000000,0
far_hit_control,1901,1,0.830075,1.000000,2,1,0,0.000000,1
far_hit_control,1901,1,0.830075,1.000000,2,2,1,0.415037,0
far_hit_control,1901,1,0.830075,1.000000,2,3,1,2.000000,0
far_hit_control,3907,0,0.000000,0.000000,0,0,1,0.830075,1
far_hit_control,3907,0,0.000000,0.000000,0,1,1,0.830075,1
far_hit_control,3907,0,0.000000,0.000000,0,2,1,0.415037,1
far_hit_control,3907,0,0.000000,0.000000,0,3,1,0.415037,1
far_hit_control,3907,0,0.000000,0.000000,1,0,0,0.000000,0
far_hit_control,3907,0,0.000000,0.000000,1,1,0,0.000000,0
far_hit_control,3907,0,0.000000,0.000000,1,2,0,0.000000,0
far_hit_control,3907,0,0.000000,0.000000,1,3,0,0.000000,0
far_hit_control,3907,0,0.000000,0.000000,2,0,0,0.000000,0
far_hit_control,3907,0,0.000000,0.000000,2,1,0,0.000000,0
far_hit_control,3907,0,0.000000,0.000000,2,2,0,0.000000,0
far_hit_control,3907,0,0.000000,0.000000,2,3,0,0.000000,0
far_hit_control,1362,0,0.000000,0.000000,0,0,1,1.000000,1
far_hit_control,1362,0,0.000000,0.000000,0,1,0,0.000000,0
far_hit_control,1362,0,0.000000,0.000000,0,2,1,0.415037,1
far_hit_control,1362,0,0.000000,0.000000,0,3,1,0.415037,1
far_hit_control,1362,0,0.000000,0.000000,1,0,0,0.000000,0
far_hit_control,1362,0,0.000000,0.000000,1,1,1,1.000000,1
far_hit_control,1362,0,0.000000,0.000000,1,2,1,0.415037,1
far_hit_control,1362,0,0.000000,0.000000,1,3,1,0.415037,1
far_hit_control,1362,0,0.000000,0.000000,2,0,0,0.000000,0
far_hit_control,1362,0,0.000000,0.000000,2,1,0,0.000000,0
far_hit_control,1362,0,0.000000,0.000000,2,2,0,0.000000,0
far_hit_control,1362,0,0.000000,0.000000,2,3,0,0.000000,0
far_hit_control,3436,1,0.415037,1.000000,0,0,1,2.000000,0
far_hit_control,3436,1,0.415037,1.000000,0,1,0,0.000000,1
far_hit_control,3436,1,0.415037,1.000000,0,2,1,2.000000,0
far_hit_control,3436,1,0.415037,1.000000,0,3,1,0.500000,0
far_hit_control,3436,1,0.415037,1.000000,1,0,1,0.830075,0
far_hit_control,3436,1,0.415037,1.000000,1,1,1,0.830075,0
far_hit_control,3436,1,0.415037,1.000000,1,2,1,0.415037,0
far_hit_control,3436,1,0.415037,1.000000,1,3,0,0.000000,1
far_hit_control,3436,1,0.415037,1.000000,2,0,1,0.415037,0
far_hit_control,3436,1,0.415037,1.000000,2,1,1,0.830075,0
far_hit_control,3436,1,0.415037,1.000000,2,2,1,0.830075,0
far_hit_control,3436,1,0.415037,1.000000,2,3,1,0.830075,0
far_hit_control,1887,0,0.000000,0.000000,0,0,0,0.000000,0
far_hit_control,1887,0,0.000000,0.000000,0,1,0,0.000000,0
far_hit_control,1887,0,0.000000,0.000000,0,2,0,0.000000,0
far_hit_control,1887,0,0.000000,0.000000,0,3,0,0.000000,0
far_hit_control,1887,0,0.000000,0.000000,1,0,0,0.000000,0
far_hit_control,1887,0,0.000000,0.000000,1,1,0,0.000000,0
far_hit_control,1887,0,0.000000,0.000000,1,2,0,0.000000,0
far_hit_control,1887,0,0.000000,0.000000,1,3,0,0.000000,0
far_hit_control,1887,0,0.000000,0.000000,2,0,1,0.830075,1
far_hit_control,1887,0,0.000000,0.000000,2,1,1,0.415037,1
far_hit_control,1887,0,0.000000,0.000000,2,2,1,0.415037,1
far_hit_control,1887,0,0.000000,0.000000,2,3,1,0.415037,1
far_hit_control,3202,1,0.415037,1.000000,0,0,1,0.830075,0
far_hit_control,3202,1,0.415037,1.000000,0,1,1,0.830075,0
far_hit_control,3202,1,0.415037,1.000000,0,2,1,0.830075,0
far_hit_control,3202,1,0.415037,1.000000,0,3,1,0.830075,0
far_hit_control,3202,1,0.415037,1.000000,1,0,1,0.415037,0
far_hit_control,3202,1,0.415037,1.000000,1,1,1,0.415037,0
far_hit_control,3202,1,0.415037,1.000000,1,2,0,0.000000,1
far_hit_control,3202,1,0.415037,1.000000,1,3,0,0.000000,1
far_hit_control,3202,1,0.415037,1.000000,2,0,1,2.000000,0
far_hit_control,3202,1,0.415037,1.000000,2,1,0,0.000000,1
far_hit_control,3202,1,0.415037,1.000000,2,2,1,2.000000,0
far_hit_control,3202,1,0.415037,1.000000,2,3,0,0.000000,1
far_hit_control,3868,0,0.000000,0.000000,0,0,1,0.415037,1
far_hit_control,3868,0,0.000000,0.000000,0,1,1,0.415037,1
far_hit_control,3868,0,0.000000,0.000000,0,2,1,0.830075,1
far_hit_control,3868,0,0.000000,0.000000,0,3,1,0.830075,1
far_hit_control,3868,0,0.000000,0.000000,1,0,0,0.000000,0
far_hit_control,3868,0,0.000000,0.000000,1,1,0,0.000000,0
far_hit_control,3868,0,0.000000,0.000000,1,2,0,0.000000,0
far_hit_control,3868,0,0.000000,0.000000,1,3,0,0.000000,0
far_hit_control,3868,0,0.000000,0.000000,2,0,0,0.000000,0
far_hit_control,3868,0,0.000000,0.000000,2,1,0,0.000000,0
far_hit_control,3868,0,0.000000,0.000000,2,2,0,0.000000,0
far_hit_control,3868,0,0.000000,0.000000,2,3,0,0.000000,0
far_hit_control,3581,0,0.000000,0.000000,0,0,0,0.000000,0
far_hit_control,3581,0,0.000000,0.000000,0,1,0,0.000000,0
far_hit_control,3581,0,0.000000,0.000000,0,2,0,0.000000,0
far_hit_control,3581,0,0.000000,0.000000,0,3,0,0.000000,0
far_hit_control,3581,0,0.000000,0.000000,1,0,0,0.000000,0
far_hit_control,3581,0,0.000000,0.000000,1,1,1,0.830075,1
far_hit_control,3581,0,0.000000,0.000000,1,2,1,0.415037,1
far_hit_control,3581,0,0.000000,0.000000,1,3,1,0.830075,1
far_hit_control,3581,0,0.000000,0.000000,2,0,0,0.000000,0
far_hit_control,3581,0,0.000000,0.000000,2,1,0,0.000000,0
far_hit_control,3581,0,0.000000,0.000000,2,2,0,0.000000,0
far_hit_control,3581,0,0.000000,0.000000,2,3,0,0.000000,0
far_hit_control,3091,1,2.000000,1.000000,0,0,1,1.000000,0
far_hit_control,3091,1,2.000000,1.000000,0,1,0,0.000000,1
far_hit_control,3091,1,2.000000,1.000000,0,2,1,0.830075,0
far_hit_control,3091,1,2.000000,1.000000,0,3,1,0.415037,0
far_hit_control,3091,1,2.000000,1.000000,1,0,0,0.000000,1
far_hit_control,3091,1,2.000000,1.000000,1,1,0,0.000000,1
far_hit_control,3091,1,2.000000,1.000000,1,2,1,2.000000,0
far_hit_control,3091,1,2.000000,1.000000,1,3,1,2.000000,0
far_hit_control,3091,1,2.000000,1.000000,2,0,1,0.415037,0
far_hit_control,3091,1,2.000000,1.000000,2,1,1,0.415037,0
far_hit_control,3091,1,2.000000,1.000000,2,2,1,0.830075,0
far_hit_control,3091,1,2.000000,1.000000,2,3,1,1.000000,0
far_hit_control,404,1,0.830075,1.000000,0,0,0,0.000000,1
far_hit_control,404,1,0.830075,1.000000,0,1,1,0.415037,0
far_hit_control,404,1,0.830075,1.000000,0,2,1,2.000000,0
far_hit_control,404,1,0.830075,1.000000,0,3,1,2.000000,0
far_hit_control,404,1,0.830075,1.000000,1,0,0,0.000000,1
far_hit_control,404,1,0.830075,1.000000,1,1,1,0.830075,0
far_hit_control,404,1,0.830075,1.000000,1,2,1,0.830075,0
far_hit_control,404,1,0.830075,1.000000,1,3,1,0.830075,0
far_hit_control,404,1,0.830075,1.000000,2,0,1,2.000000,0
far_hit_control,404,1,0.830075,1.000000,2,1,1,0.415037,0
far_hit_control,404,1,0.830075,1.000000,2,2,0,0.000000,1
far_hit_control,404,1,0.830075,1.000000,2,3,1,2.000000,0
far_hit_control,2677,1,0.415037,1.000000,0,0,0,0.000000,1
far_hit_control,2677,1,0.415037,1.000000,0,1,1,0.415037,0
far_hit_control,2677,1,0.415037,1.000000,0,2,1,0.830075,0
far_hit_control,2677,1,0.415037,1.000000,0,3,1,0.830075,0
far_hit_control,2677,1,0.415037,1.000000,1,0,1,2.000000,0
far_hit_control,2677,1,0.415037,1.000000,1,1,0,0.000000,1
far_hit_control,2677,1,0.415037,1.000000,1,2,1,2.000000,0
far_hit_control,2677,1,0.415037,1.000000,1,3,0,0.000000,1
far_hit_control,2677,1,0.415037,1.000000,2,0,1,0.830075,0
far_hit_control,2677,1,0.415037,1.000000,2,1,1,0.415037,0
far_hit_control,2677,1,0.415037,1.000000,2,2,1,0.830075,0
far_hit_control,2677,1,0.415037,1.000000,2,3,1,0.415037,0
far_hit_control,1104,0,0.000000,0.000000,0,0,0,0.000000,0
far_hit_control,1104,0,0.000000,0.000000,0,1,0,0.000000,0
far_hit_control,1104,0,0.000000,0.000000,0,2,0,0.000000,0
far_hit_control,1104,0,0.000000,0.000000,0,3,0,0.000000,0
far_hit_control,1104,0,0.000000,0.000000,1,0,0,0.000000,0
far_hit_control,1104,0,0.000000,0.000000,1,1,0,0.000000,0
far_hit_control,1104,0,0.000000,0.000000,1,2,0,0.000000,0
far_hit_control,1104,0,0.000000,0.000000,1,3,0,0.000000,0
far_hit_control,1104,0,0.000000,0.000000,2,0,0,0.000000,0
far_hit_control,1104,0,0.000000,0.000000,2,1,1,1.000000,1
far_hit_control,1104,0,0.000000,0.000000,2,2,0,0.000000,0
far_hit_control,1104,0,0.000000,0.000000,2,3,1,0.830075,1
far_hit_control,2100,1,0.415037,1.000000,0,0,1,2.000000,0
far_hit_control,2100,1,0.415037,1.000000,0,1,1,0.415037,0
far_hit_control,2100,1,0.415037,1.000000,0,2,1,2.000000,0
far_hit_control,2100,1,0.415037,1.000000,0,3,0,0.000000,1
far_hit_control,2100,1,0.415037,1.000000,1,0,0,0.000000,1
far_hit_control,2100,1,0.415037,1.000000,1,1,1,0.830075,0
far_hit_control,2100,1,0.415037,1.000000,1,2,1,0.830075,0
far_hit_control,2100,1,0.415037,1.000000,1,3,1,0.830075,0
far_hit_control,2100,1,0.415037,1.000000,2,0,1,0.415037,0
far_hit_control,2100,1,0.415037,1.000000,2,1,1,0.415037,0
far_hit_control,2100,1,0.415037,1.000000,2,2,0,0.000000,1
far_hit_control,2100,1,0.415037,1.000000,2,3,0,0.000000,1
far_hit_control,3432,1,0.830075,1.000000,0,0,1,0.415037,0
far_hit_control,3432,1,0.830075,1.000000,0,1,0,0.000000,1
far_hit_control,3432,1,0.830075,1.000000,0,2,1,0.415037,0
far_hit_control,3432,1,0.830075,1.000000,0,3,1,0.415037,0
far_hit_control,3432,1,0.830075,1.000000,1,0,1,0.830075,0
far_hit_control,3432,1,0.830075,1.000000,1,1,0,0.000000,1
far_hit_control,3432,1,0.830075,1.000000,1,2,1,0.830075,0
far_hit_control,3432,1,0.830075,1.000000,1,3,1,0.830075,0
far_hit_control,3432,1,0.830075,1.000000,2,0,1,0.415037,0
far_hit_control,3432,1,0.830075,1.000000,2,1,1,0.415037,0
far_hit_control,3432,1,0.830075,1.000000,2,2,1,0.415037,0
far_hit_control,3432,1,0.830075,1.000000,2,3,0,0.000000,1
far_hit_control,3736,1,0.830075,1.000000,0,0,0,0.000000,1
far_hit_control,3736,1,0.830075,1.000000,0,1,1,2.000000,0
far_hit_control,3736,1,0.830075,1.000000,0,2,1,2.000000,0
far_hit_control,3736,1,0.830075,1.000000,0,3,1,0.415037,0
far_hit_control,3736,1,0.830075,1.000000,1,0,1,0.830075,0
far_hit_control,3736,1,0.830075,1.000000,1,1,0,0.000000,1
far_hit_control,3736,1,0.830075,1.000000,1,2,1,0.830075,0
far_hit_control,3736,1,0.830075,1.000000,1,3,1,0.830075,0
far_hit_control,3736,1,0.830075,1.000000,2,0,1,2.000000,0
far_hit_control,3736,1,0.830075,1.000000,2,1,1,0.415037,0
far_hit_control,3736,1,0.830075,1.000000,2,2,1,2.000000,0
far_hit_control,3736,1,0.830075,1.000000,2,3,0,0.000000,1
far_hit_control,638,1,0.415037,1.000000,0,0,1,0.830075,0
far_hit_control,638,1,0.415037,1.000000,0,1,0,0.000000,1
far_hit_control,638,1,0.415037,1.000000,0,2,1,0.415037,0
far_hit_control,638,1,0.415037,1.000000,0,3,1,0.415037,0
far_hit_control,638,1,0.415037,1.000000,1,0,1,0.415037,0
far_hit_control,638,1,0.415037,1.000000,1,1,1,0.830075,0
far_hit_control,638,1,0.415037,1.000000,1,2,1,0.415037,0
far_hit_control,638,1,0.415037,1.000000,1,3,0,0.000000,1
far_hit_control,638,1,0.415037,1.000000,2,0,0,0.000000,1
far_hit_control,638,1,0.415037,1.000000,2,1,1,0.830075,0
far_hit_control,638,1,0.415037,1.000000,2,2,1,0.415037,0
far_hit_control,638,1,0.415037,1.000000,2,3,1,0.415037,0
far_hit_control,2748,0,0.000000,0.000000,0,0,1,0.415037,1
far_hit_control,2748,0,0.000000,0.000000,0,1,1,0.415037,1
far_hit_control,2748,0,0.000000,0.000000,0,2,1,0.830075,1
far_hit_control,2748,0,0.000000,0.000000,0,3,1,0.830075,1
far_hit_control,2748,0,0.000000,0.000000,1,0,0,0.000000,0
far_hit_control,2748,0,0.000000,0.000000,1,1,1,0.500000,1
far_hit_control,2748,0,0.000000,0.000000,1,2,0,0.000000,0
far_hit_control,2748,0,0.000000,0.000000,1,3,0,0.000000,0
far_hit_control,2748,0,0.000000,0.000000,2,0,1,0.830075,1
far_hit_control,2748,0,0.000000,0.000000,2,1,1,0.415037,1
far_hit_control,2748,0,0.000000,0.000000,2,2,0,0.000000,0
far_hit_control,2748,0,0.000000,0.000000,2,3,0,0.000000,0
far_hit_control,3852,0,0.000000,0.000000,0,0,0,0.000000,0
far_hit_control,3852,0,0.000000,0.000000,0,1,0,0.000000,0
far_hit_control,3852,0,0.000000,0.000000,0,2,0,0.000000,0
far_hit_control,3852,0,0.000000,0.000000,0,3,0,0.000000,0
far_hit_control,3852,0,0.000000,0.000000,1,0,0,0.000000,0
far_hit_control,3852,0,0.000000,0.000000,1,1,0,0.000000,0
far_hit_control,3852,0,0.000000,0.000000,1,2,0,0.000000,0
far_hit_control,3852,0,0.000000,0.000000,1,3,0,0.000000,0
far_hit_control,3852,0,0.000000,0.000000,2,0,0,0.000000,0
far_hit_control,3852,0,0.000000,0.000000,2,1,0,0.000000,0
far_hit_control,3852,0,0.000000,0.000000,2,2,0,0.000000,0
far_hit_control,3852,0,0.000000,0.000000,2,3,0,0.000000,0
far_hit_control,3306,0,0.000000,0.000000,0,0,1,0.415037,1
far_hit_control,3306,0,0.000000,0.000000,0,1,1,1.000000,1
far_hit_control,3306,0,0.000000,0.000000,0,2,1,0.415037,1
far_hit_control,3306,0,0.000000,0.000000,0,3,0,0.000000,0
far_hit_control,3306,0,0.000000,0.000000,1,0,0,0.000000,0
far_hit_control,3306,0,0.000000,0.000000,1,1,0,0.000000,0
far_hit_control,3306,0,0.000000,0.000000,1,2,0,0.000000,0
far_hit_control,3306,0,0.000000,0.000000,1,3,0,0.000000,0
far_hit_control,3306,0,0.000000,0.000000,2,0,1,0.415037,1
far_hit_control,3306,0,0.000000,0.000000,2,1,1,0.415037,1
far_hit_control,3306,0,0.000000,0.000000,2,2,1,1.000000,1
far_hit_control,3306,0,0.000000,0.000000,2,3,0,0.000000,0
far_hit_control,2255,0,0.000000,0.000000,0,0,0,0.000000,0
far_hit_control,2255,0,0.000000,0.000000,0,1,0,0.000000,0
far_hit_control,2255,0,0.000000,0.000000,0,2,0,0.000000,0
far_hit_control,2255,0,0.000000,0.000000,0,3,0,0.000000,0
far_hit_control,2255,0,0.000000,0.000000,1,0,0,0.000000,0
far_hit_control,2255,0,0.000000,0.000000,1,1,0,0.000000,0
far_hit_control,2255,0,0.000000,0.000000,1,2,0,0.000000,0
far_hit_control,2255,0,0.000000,0.000000,1,3,0,0.000000,0
far_hit_control,2255,0,0.000000,0.000000,2,0,1,0.415037,1
far_hit_control,2255,0,0.000000,0.000000,2,1,0,0.000000,0
far_hit_control,2255,0,0.000000,0.000000,2,2,1,0.415037,1
far_hit_control,2255,0,0.000000,0.000000,2,3,1,0.415037,1
far_hit_control,3500,1,0.415037,1.000000,0,0,1,2.000000,0
far_hit_control,3500,1,0.415037,1.000000,0,1,0,0.000000,1
far_hit_control,3500,1,0.415037,1.000000,0,2,1,2.000000,0
far_hit_control,3500,1,0.415037,1.000000,0,3,0,0.000000,1
far_hit_control,3500,1,0.415037,1.000000,1,0,1,0.830075,0
far_hit_control,3500,1,0.415037,1.000000,1,1,1,0.830075,0
far_hit_control,3500,1,0.415037,1.000000,1,2,0,0.000000,1
far_hit_control,3500,1,0.415037,1.000000,1,3,1,0.415037,0
far_hit_control,3500,1,0.415037,1.000000,2,0,1,0.830075,0
far_hit_control,3500,1,0.415037,1.000000,2,1,1,0.830075,0
far_hit_control,3500,1,0.415037,1.000000,2,2,1,0.415037,0
far_hit_control,3500,1,0.415037,1.000000,2,3,1,0.415037,0
far_hit_control,2049,0,0.000000,0.000000,0,0,0,0.000000,0
far_hit_control,2049,0,0.000000,0.000000,0,1,0,0.000000,0
far_hit_control,2049,0,0.000000,0.000000,0,2,0,0.000000,0
far_hit_control,2049,0,0.000000,0.000000,0,3,0,0.000000,0
far_hit_control,2049,0,0.000000,0.000000,1,0,1,0.830075,1
far_hit_control,2049,0,0.000000,0.000000,1,1,0,0.000000,0
far_hit_control,2049,0,0.000000,0.000000,1,2,1,0.830075,1
far_hit_control,2049,0,0.000000,0.000000,1,3,0,0.000000,0
far_hit_control,2049,0,0.000000,0.000000,2,0,0,0.000000,0
far_hit_control,2049,0,0.000000,0.000000,2,1,0,0.000000,0
far_hit_control,2049,0,0.000000,0.000000,2,2,0,0.000000,0
far_hit_control,2049,0,0.000000,0.000000,2,3,0,0.000000,0
far_hit_control,1199,0,0.000000,0.000000,0,0,0,0.000000,0
far_hit_control,1199,0,0.000000,0.000000,0,1,0,0.000000,0
far_hit_control,1199,0,0.000000,0.000000,0,2,0,0.000000,0
far_hit_control,1199,0,0.000000,0.000000,0,3,0,0.000000,0
far_hit_control,1199,0,0.000000,0.000000,1,0,0,0.000000,0
far_hit_control,1199,0,0.000000,0.000000,1,1,0,0.000000,0
far_hit_control,1199,0,0.000000,0.000000,1,2,0,0.000000,0
far_hit_control,1199,0,0.000000,0.000000,1,3,0,0.000000,0
far_hit_control,1199,0,0.000000,0.000000,2,0,1,0.415037,1
far_hit_control,1199,0,0.000000,0.000000,2,1,1,0.415037,1
far_hit_control,1199,0,0.000000,0.000000,2,2,1,0.830075,1
far_hit_control,1199,0,0.000000,0.000000,2,3,1,0.415037,1
far_hit_control,3713,1,0.830075,1.000000,0,0,0,0.000000,1
far_hit_control,3713,1,0.830075,1.000000,0,1,1,0.415037,0
far_hit_control,3713,1,0.830075,1.000000,0,2,0,0.000000,1
far_hit_control,3713,1,0.830075,1.000000,0,3,1,0.415037,0
far_hit_control,3713,1,0.830075,1.000000,1,0,1,0.830075,0
far_hit_control,3713,1,0.830075,1.000000,1,1,1,0.415037,0
far_hit_control,3713,1,0.830075,1.000000,1,2,1,0.415037,0
far_hit_control,3713,1,0.830075,1.000000,1,3,0,0.000000,1
far_hit_control,3713,1,0.830075,1.000000,2,0,0,0.000000,1
far_hit_control,3713,1,0.830075,1.000000,2,1,1,0.830075,0
far_hit_control,3713,1,0.830075,1.000000,2,2,1,0.830075,0
far_hit_control,3713,1,0.830075,1.000000,2,3,1,0.830075,0
far_hit_control,551,1,6.000000,1.000000,0,0,1,1.000000,0
far_hit_control,551,1,6.000000,1.000000,0,1,0,0.000000,1
far_hit_control,551,1,6.000000,1.000000,0,2,1,1.000000,0
far_hit_control,551,1,6.000000,1.000000,0,3,1,1.000000,0
far_hit_control,551,1,6.000000,1.000000,1,0,1,1.000000,0
far_hit_control,551,1,6.000000,1.000000,1,1,0,0.000000,1
far_hit_control,551,1,6.000000,1.000000,1,2,1,1.000000,0
far_hit_control,551,1,6.000000,1.000000,1,3,1,1.000000,0
far_hit_control,551,1,6.000000,1.000000,2,0,1,1.000000,0
far_hit_control,551,1,6.000000,1.000000,2,1,1,1.000000,0
far_hit_control,551,1,6.000000,1.000000,2,2,1,1.000000,0
far_hit_control,551,1,6.000000,1.000000,2,3,0,0.000000,1
far_hit_control,3077,0,0.000000,0.000000,0,0,0,0.000000,0
far_hit_control,3077,0,0.000000,0.000000,0,1,0,0.000000,0
far_hit_control,3077,0,0.000000,0.000000,0,2,0,0.000000,0
far_hit_control,3077,0,0.000000,0.000000,0,3,0,0.000000,0
far_hit_control,3077,0,0.000000,0.000000,1,0,0,0.000000,0
far_hit_control,3077,0,0.000000,0.000000,1,1,0,0.000000,0
far_hit_control,3077,0,0.000000,0.000000,1,2,0,0.000000,0
far_hit_control,3077,0,0.000000,0.000000,1,3,0,0.000000,0
far_hit_control,3077,0,0.000000,0.000000,2,0,0,0.000000,0
far_hit_control,3077,0,0.000000,0.000000,2,1,0,0.000000,0
far_hit_control,3077,0,0.000000,0.000000,2,2,0,0.000000,0
far_hit_control,3077,0,0.000000,0.000000,2,3,0,0.000000,0
far_hit_control,3191,1,0.415037,1.000000,0,0,1,0.830075,0
far_hit_control,3191,1,0.415037,1.000000,0,1,1,0.830075,0
far_hit_control,3191,1,0.415037,1.000000,0,2,1,0.830075,0
far_hit_control,3191,1,0.415037,1.000000,0,3,1,0.830075,0
far_hit_control,3191,1,0.415037,1.000000,1,0,1,0.415037,0
far_hit_control,3191,1,0.415037,1.000000,1,1,1,0.415037,0
far_hit_control,3191,1,0.415037,1.000000,1,2,0,0.000000,1
far_hit_control,3191,1,0.415037,1.000000,1,3,0,0.000000,1
far_hit_control,3191,1,0.415037,1.000000,2,0,1,2.000000,0
far_hit_control,3191,1,0.415037,1.000000,2,1,0,0.000000,1
far_hit_control,3191,1,0.415037,1.000000,2,2,1,2.000000,0
far_hit_control,3191,1,0.415037,1.000000,2,3,0,0.000000,1
far_hit_control,2592,0,0.000000,0.000000,0,0,0,0.000000,0
far_hit_control,2592,0,0.000000,0.000000,0,1,0,0.000000,0
far_hit_control,2592,0,0.000000,0.000000,0,2,0,0.000000,0
far_hit_control,2592,0,0.000000,0.000000,0,3,0,0.000000,0
far_hit_control,2592,0,0.000000,0.000000,1,0,0,0.000000,0
far_hit_control,2592,0,0.000000,0.000000,1,1,0,0.000000,0
far_hit_control,2592,0,0.000000,0.000000,1,2,0,0.000000,0
far_hit_control,2592,0,0.000000,0.000000,1,3,0,0.000000,0
far_hit_control,2592,0,0.000000,0.000000,2,0,1,0.415037,1
far_hit_control,2592,0,0.000000,0.000000,2,1,1,0.415037,1
far_hit_control,2592,0,0.000000,0.000000,2,2,1,0.830075,1
far_hit_control,2592,0,0.000000,0.000000,2,3,1,0.415037,1
far_hit_control,2112,0,0.000000,0.000000,0,0,0,0.000000,0
far_hit_control,2112,0,0.000000,0.000000,0,1,0,0.000000,0
far_hit_control,2112,0,0.000000,0.000000,0,2,0,0.000000,0
far_hit_control,2112,0,0.000000,0.000000,0,3,0,0.000000,0
far_hit_control,2112,0,0.000000,0.000000,1,0,0,0.000000,0
far_hit_control,2112,0,0.000000,0.000000,1,1,0,0.000000,0
far_hit_control,2112,0,0.000000,0.000000,1,2,0,0.000000,0
far_hit_control,2112,0,0.000000,0.000000,1,3,0,0.000000,0
far_hit_control,2112,0,0.000000,0.000000,2,0,1,0.830075,1
far_hit_control,2112,0,0.000000,0.000000,2,1,0,0.000000,0
far_hit_control,2112,0,0.000000,0.000000,2,2,1,0.830075,1
far_hit_control,2112,0,0.000000,0.000000,2,3,1,0.830075,1
far_hit_control,3783,1,0.415037,1.000000,0,0,0,0.000000,1
far_hit_control,3783,1,0.415037,1.000000,0,1,1,2.000000,0
far_hit_control,3783,1,0.415037,1.000000,0,2,1,2.000000,0
far_hit_control,3783,1,0.415037,1.000000,0,3,1,0.415037,0
far_hit_control,3783,1,0.415037,1.000000,1,0,1,0.830075,0
far_hit_control,3783,1,0.415037,1.000000,1,1,0,0.000000,1
far_hit_control,3783,1,0.415037,1.000000,1,2,1,0.830075,0
far_hit_control,3783,1,0.415037,1.000000,1,3,1,0.415037,0
far_hit_control,3783,1,0.415037,1.000000,2,0,1,2.000000,0
far_hit_control,3783,1,0.415037,1.000000,2,1,1,2.000000,0
far_hit_control,3783,1,0.415037,1.000000,2,2,0,0.000000,1
far_hit_control,3783,1,0.415037,1.000000,2,3,0,0.000000,1
far_hit_control,2696,1,1.000000,1.000000,0,0,1,0.830075,0
far_hit_control,2696,1,1.000000,1.000000,0,1,1,6.000000,0
far_hit_control,2696,1,1.000000,1.000000,0,2,1,0.830075,0
far_hit_control,2696,1,1.000000,1.000000,0,3,1,0.830075,0
far_hit_control,2696,1,1.000000,1.000000,1,0,1,2.000000,0
far_hit_control,2696,1,1.000000,1.000000,1,1,0,0.000000,1
far_hit_control,2696,1,1.000000,1.000000,1,2,1,2.000000,0
far_hit_control,2696,1,1.000000,1.000000,1,3,0,0.000000,1
far_hit_control,2696,1,1.000000,1.000000,2,0,1,2.000000,0
far_hit_control,2696,1,1.000000,1.000000,2,1,1,2.000000,0
far_hit_control,2696,1,1.000000,1.000000,2,2,1,2.000000,0
far_hit_control,2696,1,1.000000,1.000000,2,3,0,0.000000,1
far_hit_control,587,1,0.830075,1.000000,0,0,1,0.415037,0
far_hit_control,587,1,0.830075,1.000000,0,1,0,0.000000,1
far_hit_control,587,1,0.830075,1.000000,0,2,1,0.830075,0
far_hit_control,587,1,0.830075,1.000000,0,3,1,0.415037,0
far_hit_control,587,1,0.830075,1.000000,1,0,1,0.415037,0
far_hit_control,587,1,0.830075,1.000000,1,1,1,0.830075,0
far_hit_control,587,1,0.830075,1.000000,1,2,0,0.000000,1
far_hit_control,587,1,0.830075,1.000000,1,3,1,0.415037,0
far_hit_control,587,1,0.830075,1.000000,2,0,1,0.830075,0
far_hit_control,587,1,0.830075,1.000000,2,1,1,0.415037,0
far_hit_control,587,1,0.830075,1.000000,2,2,0,0.000000,1
far_hit_control,587,1,0.830075,1.000000,2,3,1,0.415037,0
far_hit_control,2000,0,0.000000,0.000000,0,0,0,0.000000,0
far_hit_control,2000,0,0.000000,0.000000,0,1,0,0.000000,0
far_hit_control,2000,0,0.000000,0.000000,0,2,0,0.000000,0
far_hit_control,2000,0,0.000000,0.000000,0,3,0,0.000000,0
far_hit_control,2000,0,0.000000,0.000000,1,0,0,0.000000,0
far_hit_control,2000,0,0.000000,0.000000,1,1,0,0.000000,0
far_hit_control,2000,0,0.000000,0.000000,1,2,0,0.000000,0
far_hit_control,2000,0,0.000000,0.000000,1,3,0,0.000000,0
far_hit_control,2000,0,0.000000,0.000000,2,0,0,0.000000,0
far_hit_control,2000,0,0.000000,0.000000,2,1,1,0.830075,1
far_hit_control,2000,0,0.000000,0.000000,2,2,1,0.830075,1
far_hit_control,2000,0,0.000000,0.000000,2,3,1,0.830075,1
far_hit_control,4070,0,0.000000,0.000000,0,0,1,1.000000,1
far_hit_control,4070,0,0.000000,0.000000,0,1,1,0.830075,1
far_hit_control,4070,0,0.000000,0.000000,0,2,1,0.830075,1
far_hit_control,4070,0,0.000000,0.000000,0,3,1,0.415037,1
far_hit_control,4070,0,0.000000,0.000000,1,0,0,0.000000,0
far_hit_control,4070,0,0.000000,0.000000,1,1,0,0.000000,0
far_hit_control,4070,0,0.000000,0.000000,1,2,0,0.000000,0
far_hit_control,4070,0,0.000000,0.000000,1,3,0,0.000000,0
far_hit_control,4070,0,0.000000,0.000000,2,0,0,0.000000,0
far_hit_control,4070,0,0.000000,0.000000,2,1,0,0.000000,0
far_hit_control,4070,0,0.000000,0.000000,2,2,0,0.000000,0
far_hit_control,4070,0,0.000000,0.000000,2,3,0,0.000000,0
far_hit_control,3361,1,0.830075,1.000000,0,0,1,0.830075,0
far_hit_control,3361,1,0.830075,1.000000,0,1,0,0.000000,1
far_hit_control,3361,1,0.830075,1.000000,0,2,1,0.830075,0
far_hit_control,3361,1,0.830075,1.000000,0,3,1,0.830075,0
far_hit_control,3361,1,0.830075,1.000000,1,0,0,0.000000,1
far_hit_control,3361,1,0.830075,1.000000,1,1,0,0.000000,1
far_hit_control,3361,1,0.830075,1.000000,1,2,1,0.415037,0
far_hit_control,3361,1,0.830075,1.000000,1,3,1,0.415037,0
far_hit_control,3361,1,0.830075,1.000000,2,0,0,0.000000,1
far_hit_control,3361,1,0.830075,1.000000,2,1,1,0.415037,0
far_hit_control,3361,1,0.830075,1.000000,2,2,1,0.415037,0
far_hit_control,3361,1,0.830075,1.000000,2,3,1,0.830075,0
far_hit_control,2799,0,0.000000,0.000000,0,0,0,0.000000,0
far_hit_control,2799,0,0.000000,0.000000,0,1,0,0.000000,0
far_hit_control,2799,0,0.000000,0.000000,0,2,0,0.000000,0
far_hit_control,2799,0,0.000000,0.000000,0,3,0,0.000000,0
far_hit_control,2799,0,0.000000,0.000000,1,0,0,0.000000,0
far_hit_control,2799,0,0.000000,0.000000,1,1,0,0.000000,0
far_hit_control,2799,0,0.000000,0.000000,1,2,0,0.000000,0
far_hit_control,2799,0,0.000000,0.000000,1,3,0,0.000000,0
far_hit_control,2799,0,0.000000,0.000000,2,0,1,1.000000,1
far_hit_control,2799,0,0.000000,0.000000,2,1,1,0.830075,1
far_hit_control,2799,0,0.000000,0.000000,2,2,0,0.000000,0
far_hit_control,2799,0,0.000000,0.000000,2,3,0,0.000000,0
far_hit_control,1688,1,0.415037,1.000000,0,0,1,0.830075,0
far_hit_control,1688,1,0.415037,1.000000,0,1,1,0.830075,0
far_hit_control,1688,1,0.415037,1.000000,0,2,1,0.830075,0
far_hit_control,1688,1,0.415037,1.000000,0,3,1,0.830075,0
far_hit_control,1688,1,0.415037,1.000000,1,0,1,0.830075,0
far_hit_control,1688,1,0.415037,1.000000,1,1,1,0.415037,0
far_hit_control,1688,1,0.415037,1.000000,1,2,1,0.830075,0
far_hit_control,1688,1,0.415037,1.000000,1,3,1,0.415037,0
far_hit_control,1688,1,0.415037,1.000000,2,0,1,1.500000,0
far_hit_control,1688,1,0.415037,1.000000,2,1,1,2.000000,0
far_hit_control,1688,1,0.415037,1.000000,2,2,1,2.000000,0
far_hit_control,1688,1,0.415037,1.000000,2,3,0,0.000000,1
far_hit_control,3604,1,0.830075,1.000000,0,0,0,0.000000,1
far_hit_control,3604,1,0.830075,1.000000,0,1,1,0.415037,0
far_hit_control,3604,1,0.830075,1.000000,0,2,1,0.415037,0
far_hit_control,3604,1,0.830075,1.000000,0,3,1,0.830075,0
far_hit_control,3604,1,0.830075,1.000000,1,0,0,0.000000,1
far_hit_control,3604,1,0.830075,1.000000,1,1,1,0.830075,0
far_hit_control,3604,1,0.830075,1.000000,1,2,1,0.415037,0
far_hit_control,3604,1,0.830075,1.000000,1,3,1,0.415037,0
far_hit_control,3604,1,0.830075,1.000000,2,0,1,0.415037,0
far_hit_control,3604,1,0.830075,1.000000,2,1,1,0.830075,0
far_hit_control,3604,1,0.830075,1.000000,2,2,0,0.000000,1
far_hit_control,3604,1,0.830075,1.000000,2,3,1,0.415037,0
far_hit_control,2216,1,1.000000,1.000000,0,0,1,2.000000,0
far_hit_control,2216,1,1.000000,1.000000,0,1,0,0.000000,1
far_hit_control,2216,1,1.000000,1.000000,0,2,1,2.000000,0
far_hit_control,2216,1,1.000000,1.000000,0,3,0,0.000000,1
far_hit_control,2216,1,1.000000,1.000000,1,0,1,0.830075,0
far_hit_control,2216,1,1.000000,1.000000,1,1,1,6.000000,0
far_hit_control,2216,1,1.000000,1.000000,1,2,1,0.830075,0
far_hit_control,2216,1,1.000000,1.000000,1,3,1,0.830075,0
far_hit_control,2216,1,1.000000,1.000000,2,0,1,2.000000,0
far_hit_control,2216,1,1.000000,1.000000,2,1,1,2.000000,0
far_hit_control,2216,1,1.000000,1.000000,2,2,1,2.000000,0
far_hit_control,2216,1,1.000000,1.000000,2,3,0,0.000000,1
far_hit_control,880,0,0.000000,0.000000,0,0,0,0.000000,0
far_hit_control,880,0,0.000000,0.000000,0,1,0,0.000000,0
far_hit_control,880,0,0.000000,0.000000,0,2,0,0.000000,0
far_hit_control,880,0,0.000000,0.000000,0,3,0,0.000000,0
far_hit_control,880,0,0.000000,0.000000,1,0,0,0.000000,0
far_hit_control,880,0,0.000000,0.000000,1,1,0,0.000000,0
far_hit_control,880,0,0.000000,0.000000,1,2,0,0.000000,0
far_hit_control,880,0,0.000000,0.000000,1,3,0,0.000000,0
far_hit_control,880,0,0.000000,0.000000,2,0,1,0.830075,1
far_hit_control,880,0,0.000000,0.000000,2,1,1,0.415037,1
far_hit_control,880,0,0.000000,0.000000,2,2,1,0.830075,1
far_hit_control,880,0,0.000000,0.000000,2,3,1,0.415037,1
far_hit_control,2721,0,0.000000,0.000000,0,0,1,1.000000,1
far_hit_control,2721,0,0.000000,0.000000,0,1,0,0.000000,0
far_hit_control,2721,0,0.000000,0.000000,0,2,1,0.415037,1
far_hit_control,2721,0,0.000000,0.000000,0,3,1,0.415037,1
far_hit_control,2721,0,0.000000,0.000000,1,0,1,1.000000,1
far_hit_control,2721,0,0.000000,0.000000,1,1,0,0.000000,0
far_hit_control,2721,0,0.000000,0.000000,1,2,1,0.415037,1
far_hit_control,2721,0,0.000000,0.000000,1,3,1,0.415037,1
far_hit_control,2721,0,0.000000,0.000000,2,0,0,0.000000,0
far_hit_control,2721,0,0.000000,0.000000,2,1,0,0.000000,0
far_hit_control,2721,0,0.000000,0.000000,2,2,0,0.000000,0
far_hit_control,2721,0,0.000000,0.000000,2,3,0,0.000000,0
far_hit_control,1547,0,0.000000,0.000000,0,0,0,0.000000,0
far_hit_control,1547,0,0.000000,0.000000,0,1,0,0.000000,0
far_hit_control,1547,0,0.000000,0.000000,0,2,0,0.000000,0
far_hit_control,1547,0,0.000000,0.000000,0,3,0,0.000000,0
far_hit_control,1547,0,0.000000,0.000000,1,0,1,0.830075,1
far_hit_control,1547,0,0.000000,0.000000,1,1,1,0.830075,1
far_hit_control,1547,0,0.000000,0.000000,1,2,1,0.830075,1
far_hit_control,1547,0,0.000000,0.000000,1,3,1,0.415037,1
far_hit_control,1547,0,0.000000,0.000000,2,0,0,0.000000,0
far_hit_control,1547,0,0.000000,0.000000,2,1,0,0.000000,0
far_hit_control,1547,0,0.000000,0.000000,2,2,0,0.000000,0
far_hit_control,1547,0,0.000000,0.000000,2,3,0,0.000000,0
far_hit_control,3280,0,0.000000,0.000000,0,0,0,0.000000,0
far_hit_control,3280,0,0.000000,0.000000,0,1,0,0.000000,0
far_hit_control,3280,0,0.000000,0.000000,0,2,0,0.000000,0
far_hit_control,3280,0,0.000000,0.000000,0,3,0,0.000000,0
far_hit_control,3280,0,0.000000,0.000000,1,0,0,0.000000,0
far_hit_control,3280,0,0.000000,0.000000,1,1,0,0.000000,0
far_hit_control,3280,0,0.000000,0.000000,1,2,0,0.000000,0
far_hit_control,3280,0,0.000000,0.000000,1,3,0,0.000000,0
far_hit_control,3280,0,0.000000,0.000000,2,0,1,0.830075,1
far_hit_control,3280,0,0.000000,0.000000,2,1,0,0.000000,0
far_hit_control,3280,0,0.000000,0.000000,2,2,1,0.830075,1
far_hit_control,3280,0,0.000000,0.000000,2,3,1,0.415037,1
far_hit_control,817,1,2.000000,1.000000,0,0,1,0.415037,0
far_hit_control,817,1,2.000000,1.000000,0,1,1,0.415037,0
far_hit_control,817,1,2.000000,1.000000,0,2,1,0.830075,0
far_hit_control,817,1,2.000000,1.000000,0,3,1,1.000000,0
far_hit_control,817,1,2.000000,1.000000,1,0,1,0.415037,0
far_hit_control,817,1,2.000000,1.000000,1,1,1,0.415037,0
far_hit_control,817,1,2.000000,1.000000,1,2,1,0.830075,0
far_hit_control,817,1,2.000000,1.000000,1,3,1,1.000000,0
far_hit_control,817,1,2.000000,1.000000,2,0,0,0.000000,1
far_hit_control,817,1,2.000000,1.000000,2,1,0,0.000000,1
far_hit_control,817,1,2.000000,1.000000,2,2,0,0.000000,1
far_hit_control,817,1,2.000000,1.000000,2,3,1,0.500000,0
far_hit_control,2285,0,0.000000,0.000000,0,0,1,0.830075,1
far_hit_control,2285,0,0.000000,0.000000,0,1,1,0.830075,1
far_hit_control,2285,0,0.000000,0.000000,0,2,1,0.830075,1
far_hit_control,2285,0,0.000000,0.000000,0,3,0,0.000000,0
far_hit_control,2285,0,0.000000,0.000000,1,0,0,0.000000,0
far_hit_control,2285,0,0.000000,0.000000,1,1,0,0.000000,0
far_hit_control,2285,0,0.000000,0.000000,1,2,1,0.830075,1
far_hit_control,2285,0,0.000000,0.000000,1,3,1,0.415037,1
far_hit_control,2285,0,0.000000,0.000000,2,0,1,0.415037,1
far_hit_control,2285,0,0.000000,0.000000,2,1,0,0.000000,0
far_hit_control,2285,0,0.000000,0.000000,2,2,1,0.830075,1
far_hit_control,2285,0,0.000000,0.000000,2,3,1,0.830075,1
far_hit_control,3443,1,0.415037,1.000000,0,0,1,2.000000,0
far_hit_control,3443,1,0.415037,1.000000,0,1,0,0.000000,1
far_hit_control,3443,1,0.415037,1.000000,0,2,1,0.415037,0
far_hit_control,3443,1,0.415037,1.000000,0,3,1,2.000000,0
far_hit_control,3443,1,0.415037,1.000000,1,0,1,2.000000,0
far_hit_control,3443,1,0.415037,1.000000,1,1,1,2.000000,0
far_hit_control,3443,1,0.415037,1.000000,1,2,0,0.000000,1
far_hit_control,3443,1,0.415037,1.000000,1,3,0,0.000000,1
far_hit_control,3443,1,0.415037,1.000000,2,0,1,0.830075,0
far_hit_control,3443,1,0.415037,1.000000,2,1,0,0.000000,1
far_hit_control,3443,1,0.415037,1.000000,2,2,1,0.830075,0
far_hit_control,3443,1,0.415037,1.000000,2,3,1,0.830075,0
far_hit_control,315,1,0.830075,1.000000,0,0,0,0.000000,1
far_hit_control,315,1,0.830075,1.000000,0,1,0,0.000000,1
far_hit_control,315,1,0.830075,1.000000,0,2,1,2.000000,0
far_hit_control,315,1,0.830075,1.000000,0,3,1,2.000000,0
far_hit_control,315,1,0.830075,1.000000,1,0,0,0.000000,1
far_hit_control,315,1,0.830075,1.000000,1,1,1,0.830075,0
far_hit_control,315,1,0.830075,1.000000,1,2,0,0.000000,1
far_hit_control,315,1,0.830075,1.000000,1,3,1,0.830075,0
far_hit_control,315,1,0.830075,1.000000,2,0,1,0.415037,0
far_hit_control,315,1,0.830075,1.000000,2,1,1,0.415037,0
far_hit_control,315,1,0.830075,1.000000,2,2,0,0.000000,1
far_hit_control,315,1,0.830075,1.000000,2,3,0,0.000000,1
far_hit_control,1507,1,2.000000,1.000000,0,0,1,0.415037,0
far_hit_control,1507,1,2.000000,1.000000,0,1,1,0.830075,0
far_hit_control,1507,1,2.000000,1.000000,0,2,1,0.415037,0
far_hit_control,1507,1,2.000000,1.000000,0,3,1,0.415037,0
far_hit_control,1507,1,2.000000,1.000000,1,0,0,0.000000,1
far_hit_control,1507,1,2.000000,1.000000,1,1,0,0.000000,1
far_hit_control,1507,1,2.000000,1.000000,1,2,0,0.000000,1
far_hit_control,1507,1,2.000000,1.000000,1,3,1,0.500000,0
far_hit_control,1507,1,2.000000,1.000000,2,0,1,0.415037,0
far_hit_control,1507,1,2.000000,1.000000,2,1,1,0.415037,0
far_hit_control,1507,1,2.000000,1.000000,2,2,1,0.830075,0
far_hit_control,1507,1,2.000000,1.000000,2,3,1,0.415037,0
far_hit_control,1084,0,0.000000,0.000000,0,0,0,0.000000,0
far_hit_control,1084,0,0.000000,0.000000,0,1,0,0.000000,0
far_hit_control,1084,0,0.000000,0.000000,0,2,0,0.000000,0
far_hit_control,1084,0,0.000000,0.000000,0,3,0,0.000000,0
far_hit_control,1084,0,0.000000,0.000000,1,0,1,0.830075,1
far_hit_control,1084,0,0.000000,0.000000,1,1,1,0.830075,1
far_hit_control,1084,0,0.000000,0.000000,1,2,1,0.415037,1
far_hit_control,1084,0,0.000000,0.000000,1,3,1,0.415037,1
far_hit_control,1084,0,0.000000,0.000000,2,0,1,0.415037,1
far_hit_control,1084,0,0.000000,0.000000,2,1,1,0.415037,1
far_hit_control,1084,0,0.000000,0.000000,2,2,1,0.830075,1
far_hit_control,1084,0,0.000000,0.000000,2,3,1,0.415037,1
far_hit_control,3732,1,0.415037,1.000000,0,0,0,0.000000,1
far_hit_control,3732,1,0.415037,1.000000,0,1,1,2.000000,0
far_hit_control,3732,1,0.415037,1.000000,0,2,1,0.415037,0
far_hit_control,3732,1,0.415037,1.000000,0,3,1,0.415037,0
far_hit_control,3732,1,0.415037,1.000000,1,0,0,0.000000,1
far_hit_control,3732,1,0.415037,1.000000,1,1,0,0.000000,1
far_hit_control,3732,1,0.415037,1.000000,1,2,1,0.830075,0
far_hit_control,3732,1,0.415037,1.000000,1,3,1,0.830075,0
far_hit_control,3732,1,0.415037,1.000000,2,0,1,2.000000,0
far_hit_control,3732,1,0.415037,1.000000,2,1,1,0.415037,0
far_hit_control,3732,1,0.415037,1.000000,2,2,0,0.000000,1
far_hit_control,3732,1,0.415037,1.000000,2,3,1,2.000000,0
far_hit_control,4009,0,0.000000,0.000000,0,0,1,0.415037,1
far_hit_control,4009,0,0.000000,0.000000,0,1,1,0.415037,1
far_hit_control,4009,0,0.000000,0.000000,0,2,1,2.000000,1
far_hit_control,4009,0,0.000000,0.000000,0,3,1,2.000000,1
far_hit_control,4009,0,0.000000,0.000000,1,0,0,0.000000,0
far_hit_control,4009,0,0.000000,0.000000,1,1,0,0.000000,0
far_hit_control,4009,0,0.000000,0.000000,1,2,0,0.000000,0
far_hit_control,4009,0,0.000000,0.000000,1,3,0,0.000000,0
far_hit_control,4009,0,0.000000,0.000000,2,0,0,0.000000,0
far_hit_control,4009,0,0.000000,0.000000,2,1,0,0.000000,0
far_hit_control,4009,0,0.000000,0.000000,2,2,0,0.000000,0
far_hit_control,4009,0,0.000000,0.000000,2,3,0,0.000000,0
far_hit_control,620,1,0.415037,1.000000,0,0,1,2.000000,0
far_hit_control,620,1,0.415037,1.000000,0,1,0,0.000000,1
far_hit_control,620,1,0.415037,1.000000,0,2,1,2.000000,0
far_hit_control,620,1,0.415037,1.000000,0,3,1,0.500000,0
far_hit_control,620,1,0.415037,1.000000,1,0,1,0.830075,0
far_hit_control,620,1,0.415037,1.000000,1,1,1,0.830075,0
far_hit_control,620,1,0.415037,1.000000,1,2,1,0.415037,0
far_hit_control,620,1,0.415037,1.000000,1,3,1,0.415037,0
far_hit_control,620,1,0.415037,1.000000,2,0,1,0.830075,0
far_hit_control,620,1,0.415037,1.000000,2,1,1,0.415037,0
far_hit_control,620,1,0.415037,1.000000,2,2,1,0.830075,0
far_hit_control,620,1,0.415037,1.000000,2,3,1,0.415037,0
far_hit_control,2916,1,0.830075,1.000000,0,0,1,0.415037,0
far_hit_control,2916,1,0.830075,1.000000,0,1,1,0.415037,0
far_hit_control,2916,1,0.830075,1.000000,0,2,0,0.000000,1
far_hit_control,2916,1,0.830075,1.000000,0,3,1,2.000000,0
far_hit_control,2916,1,0.830075,1.000000,1,0,0,0.000000,1
far_hit_control,2916,1,0.830075,1.000000,1,1,1,0.830075,0
far_hit_control,2916,1,0.830075,1.000000,1,2,0,0.000000,1
far_hit_control,2916,1,0.830075,1.000000,1,3,0,0.000000,1
far_hit_control,2916,1,0.830075,1.000000,2,0,1,0.415037,0
far_hit_control,2916,1,0.830075,1.000000,2,1,1,2.000000,0
far_hit_control,2916,1,0.830075,1.000000,2,2,0,0.000000,1
far_hit_control,2916,1,0.830075,1.000000,2,3,1,0.415037,0
far_hit_control,1253,1,0.830075,1.000000,0,0,1,0.415037,0
far_hit_control,1253,1,0.830075,1.000000,0,1,1,0.415037,0
far_hit_control,1253,1,0.830075,1.000000,0,2,0,0.000000,1
far_hit_control,1253,1,0.830075,1.000000,0,3,0,0.000000,1
far_hit_control,1253,1,0.830075,1.000000,1,0,0,0.000000,1
far_hit_control,1253,1,0.830075,1.000000,1,1,1,0.415037,0
far_hit_control,1253,1,0.830075,1.000000,1,2,1,2.000000,0
far_hit_control,1253,1,0.830075,1.000000,1,3,1,0.415037,0
far_hit_control,1253,1,0.830075,1.000000,2,0,1,0.830075,0
far_hit_control,1253,1,0.830075,1.000000,2,1,1,0.415037,0
far_hit_control,1253,1,0.830075,1.000000,2,2,1,0.830075,0
far_hit_control,1253,1,0.830075,1.000000,2,3,0,0.000000,1
far_hit_control,3592,0,0.000000,0.000000,0,0,0,0.000000,0
far_hit_control,3592,0,0.000000,0.000000,0,1,0,0.000000,0
far_hit_control,3592,0,0.000000,0.000000,0,2,0,0.000000,0
far_hit_control,3592,0,0.000000,0.000000,0,3,0,0.000000,0
far_hit_control,3592,0,0.000000,0.000000,1,0,1,0.830075,1
far_hit_control,3592,0,0.000000,0.000000,1,1,1,0.830075,1
far_hit_control,3592,0,0.000000,0.000000,1,2,0,0.000000,0
far_hit_control,3592,0,0.000000,0.000000,1,3,1,0.830075,1
far_hit_control,3592,0,0.000000,0.000000,2,0,0,0.000000,0
far_hit_control,3592,0,0.000000,0.000000,2,1,0,0.000000,0
far_hit_control,3592,0,0.000000,0.000000,2,2,0,0.000000,0
far_hit_control,3592,0,0.000000,0.000000,2,3,0,0.000000,0
far_hit_control,1088,0,0.000000,0.000000,0,0,0,0.000000,0
far_hit_control,1088,0,0.000000,0.000000,0,1,0,0.000000,0
far_hit_control,1088,0,0.000000,0.000000,0,2,0,0.000000,0
far_hit_control,1088,0,0.000000,0.000000,0,3,0,0.000000,0
far_hit_control,1088,0,0.000000,0.000000,1,0,0,0.000000,0
far_hit_control,1088,0,0.000000,0.000000,1,1,0,0.000000,0
far_hit_control,1088,0,0.000000,0.000000,1,2,0,0.000000,0
far_hit_control,1088,0,0.000000,0.000000,1,3,0,0.000000,0
far_hit_control,1088,0,0.000000,0.000000,2,0,1,0.830075,1
far_hit_control,1088,0,0.000000,0.000000,2,1,1,0.830075,1
far_hit_control,1088,0,0.000000,0.000000,2,2,1,0.830075,1
far_hit_control,1088,0,0.000000,0.000000,2,3,0,0.000000,0
far_hit_control,2457,1,1.500000,0.957500,0,0,1,2.000000,0
far_hit_control,2457,1,1.500000,0.957500,0,1,1,2.000000,0
far_hit_control,2457,1,1.500000,0.957500,0,2,1,2.000000,0
far_hit_control,2457,1,1.500000,0.957500,0,3,1,2.000000,0
far_hit_control,2457,1,1.500000,0.957500,1,0,1,2.000000,0
far_hit_control,2457,1,1.500000,0.957500,1,1,1,2.000000,0
far_hit_control,2457,1,1.500000,0.957500,1,2,1,2.000000,0
far_hit_control,2457,1,1.500000,0.957500,1,3,1,2.000000,0
far_hit_control,2457,1,1.500000,0.957500,2,0,1,2.000000,0
far_hit_control,2457,1,1.500000,0.957500,2,1,1,2.000000,0
far_hit_control,2457,1,1.500000,0.957500,2,2,1,2.000000,0
far_hit_control,2457,1,1.500000,0.957500,2,3,1,2.000000,0
far_hit_control,2437,1,0.415037,1.000000,0,0,1,0.415037,0
far_hit_control,2437,1,0.415037,1.000000,0,1,1,0.415037,0
far_hit_control,2437,1,0.415037,1.000000,0,2,1,0.830075,0
far_hit_control,2437,1,0.415037,1.000000,0,3,1,0.830075,0
far_hit_control,2437,1,0.415037,1.000000,1,0,1,2.000000,0
far_hit_control,2437,1,0.415037,1.000000,1,1,1,0.500000,0
far_hit_control,2437,1,0.415037,1.000000,1,2,1,2.000000,0
far_hit_control,2437,1,0.415037,1.000000,1,3,0,0.000000,1
far_hit_control,2437,1,0.415037,1.000000,2,0,1,0.830075,0
far_hit_control,2437,1,0.415037,1.000000,2,1,1,0.830075,0
far_hit_control,2437,1,0.415037,1.000000,2,2,1,0.415037,0
far_hit_control,2437,1,0.415037,1.000000,2,3,1,0.415037,0
far_hit_control,3244,1,2.000000,1.000000,0,0,1,0.415037,0
far_hit_control,3244,1,2.000000,1.000000,0,1,1,2.000000,0
far_hit_control,3244,1,2.000000,1.000000,0,2,1,2.000000,0
far_hit_control,3244,1,2.000000,1.000000,0,3,1,0.415037,0
far_hit_control,3244,1,2.000000,1.000000,1,0,1,0.415037,0
far_hit_control,3244,1,2.000000,1.000000,1,1,1,2.000000,0
far_hit_control,3244,1,2.000000,1.000000,1,2,1,2.000000,0
far_hit_control,3244,1,2.000000,1.000000,1,3,1,0.415037,0
far_hit_control,3244,1,2.000000,1.000000,2,0,1,0.415037,0
far_hit_control,3244,1,2.000000,1.000000,2,1,1,2.000000,0
far_hit_control,3244,1,2.000000,1.000000,2,2,1,2.000000,0
far_hit_control,3244,1,2.000000,1.000000,2,3,1,0.415037,0
far_hit_control,176,0,0.000000,0.000000,0,0,0,0.000000,0
far_hit_control,176,0,0.000000,0.000000,0,1,0,0.000000,0
far_hit_control,176,0,0.000000,0.000000,0,2,0,0.000000,0
far_hit_control,176,0,0.000000,0.000000,0,3,0,0.000000,0
far_hit_control,176,0,0.000000,0.000000,1,0,0,0.000000,0
far_hit_control,176,0,0.000000,0.000000,1,1,0,0.000000,0
far_hit_control,176,0,0.000000,0.000000,1,2,0,0.000000,0
far_hit_control,176,0,0.000000,0.000000,1,3,0,0.000000,0
far_hit_control,176,0,0.000000,0.000000,2,0,0,0.000000,0
far_hit_control,176,0,0.000000,0.000000,2,1,0,0.000000,0
far_hit_control,176,0,0.000000,0.000000,2,2,0,0.000000,0
far_hit_control,176,0,0.000000,0.000000,2,3,0,0.000000,0
far_hit_control,59,0,0.000000,0.000000,0,0,1,0.830075,1
far_hit_control,59,0,0.000000,0.000000,0,1,1,0.415037,1
far_hit_control,59,0,0.000000,0.000000,0,2,1,0.415037,1
far_hit_control,59,0,0.000000,0.000000,0,3,1,0.415037,1
far_hit_control,59,0,0.000000,0.000000,1,0,0,0.000000,0
far_hit_control,59,0,0.000000,0.000000,1,1,0,0.000000,0
far_hit_control,59,0,0.000000,0.000000,1,2,0,0.000000,0
far_hit_control,59,0,0.000000,0.000000,1,3,0,0.000000,0
far_hit_control,59,0,0.000000,0.000000,2,0,0,0.000000,0
far_hit_control,59,0,0.000000,0.000000,2,1,0,0.000000,0
far_hit_control,59,0,0.000000,0.000000,2,2,0,0.000000,0
far_hit_control,59,0,0.000000,0.000000,2,3,0,0.000000,0
far_hit_control,2890,1,0.415037,1.000000,0,0,1,0.415037,0
far_hit_control,2890,1,0.415037,1.000000,0,1,1,0.415037,0
far_hit_control,2890,1,0.415037,1.000000,0,2,0,0.000000,1
far_hit_control,2890,1,0.415037,1.000000,0,3,0,0.000000,1
far_hit_control,2890,1,0.415037,1.000000,1,0,1,2.000000,0
far_hit_control,2890,1,0.415037,1.000000,1,1,1,2.000000,0
far_hit_control,2890,1,0.415037,1.000000,1,2,0,0.000000,1
far_hit_control,2890,1,0.415037,1.000000,1,3,1,0.415037,0
far_hit_control,2890,1,0.415037,1.000000,2,0,1,0.830075,0
far_hit_control,2890,1,0.415037,1.000000,2,1,0,0.000000,1
far_hit_control,2890,1,0.415037,1.000000,2,2,1,0.830075,0
far_hit_control,2890,1,0.415037,1.000000,2,3,1,0.830075,0
far_hit_control,3106,1,0.415037,1.000000,0,0,1,0.830075,0
far_hit_control,3106,1,0.415037,1.000000,0,1,1,0.830075,0
far_hit_control,3106,1,0.415037,1.000000,0,2,0,0.000000,1
far_hit_control,3106,1,0.415037,1.000000,0,3,1,0.830075,0
far_hit_control,3106,1,0.415037,1.000000,1,0,1,2.000000,0
far_hit_control,3106,1,0.415037,1.000000,1,1,0,0.000000,1
far_hit_control,3106,1,0.415037,1.000000,1,2,1,2.000000,0
far_hit_control,3106,1,0.415037,1.000000,1,3,1,0.415037,0
far_hit_control,3106,1,0.415037,1.000000,2,0,1,0.415037,0
far_hit_control,3106,1,0.415037,1.000000,2,1,0,0.000000,1
far_hit_control,3106,1,0.415037,1.000000,2,2,1,0.415037,0
far_hit_control,3106,1,0.415037,1.000000,2,3,0,0.000000,1
far_hit_control,257,0,0.000000,0.000000,0,0,0,0.000000,0
far_hit_control,257,0,0.000000,0.000000,0,1,0,0.000000,0
far_hit_control,257,0,0.000000,0.000000,0,2,0,0.000000,0
far_hit_control,257,0,0.000000,0.000000,0,3,0,0.000000,0
far_hit_control,257,0,0.000000,0.000000,1,0,1,0.830075,1
far_hit_control,257,0,0.000000,0.000000,1,1,1,0.830075,1
far_hit_control,257,0,0.000000,0.000000,1,2,1,0.830075,1
far_hit_control,257,0,0.000000,0.000000,1,3,1,0.830075,1
far_hit_control,257,0,0.000000,0.000000,2,0,0,0.000000,0
far_hit_control,257,0,0.000000,0.000000,2,1,0,0.000000,0
far_hit_control,257,0,0.000000,0.000000,2,2,0,0.000000,0
far_hit_control,257,0,0.000000,0.000000,2,3,0,0.000000,0
far_hit_control,2982,1,0.415037,1.000000,0,0,0,0.000000,1
far_hit_control,2982,1,0.415037,1.000000,0,1,1,2.000000,0
far_hit_control,2982,1,0.415037,1.000000,0,2,0,0.000000,1
far_hit_control,2982,1,0.415037,1.000000,0,3,1,2.000000,0
far_hit_control,2982,1,0.415037,1.000000,1,0,1,0.830075,0
far_hit_control,2982,1,0.415037,1.000000,1,1,1,0.830075,0
far_hit_control,2982,1,0.415037,1.000000,1,2,1,0.830075,0
far_hit_control,2982,1,0.415037,1.000000,1,3,1,0.830075,0
far_hit_control,2982,1,0.415037,1.000000,2,0,1,0.415037,0
far_hit_control,2982,1,0.415037,1.000000,2,1,1,0.830075,0
far_hit_control,2982,1,0.415037,1.000000,2,2,0,0.000000,1
far_hit_control,2982,1,0.415037,1.000000,2,3,1,0.415037,0
far_hit_control,2297,0,0.000000,0.000000,0,0,0,0.000000,0
far_hit_control,2297,0,0.000000,0.000000,0,1,0,0.000000,0
far_hit_control,2297,0,0.000000,0.000000,0,2,0,0.000000,0
far_hit_control,2297,0,0.000000,0.000000,0,3,0,0.000000,0
far_hit_control,2297,0,0.000000,0.000000,1,0,1,0.830075,1
far_hit_control,2297,0,0.000000,0.000000,1,1,1,0.415037,1
far_hit_control,2297,0,0.000000,0.000000,1,2,1,0.415037,1
far_hit_control,2297,0,0.000000,0.000000,1,3,1,0.830075,1
far_hit_control,2297,0,0.000000,0.000000,2,0,0,0.000000,0
far_hit_control,2297,0,0.000000,0.000000,2,1,0,0.000000,0
far_hit_control,2297,0,0.000000,0.000000,2,2,0,0.000000,0
far_hit_control,2297,0,0.000000,0.000000,2,3,0,0.000000,0
far_hit_control,571,1,0.415037,1.000000,0,0,0,0.000000,1
far_hit_control,571,1,0.415037,1.000000,0,1,0,0.000000,1
far_hit_control,571,1,0.415037,1.000000,0,2,1,0.415037,0
far_hit_control,571,1,0.415037,1.000000,0,3,1,0.415037,0
far_hit_control,571,1,0.415037,1.000000,1,0,1,0.830075,0
far_hit_control,571,1,0.415037,1.000000,1,1,1,0.830075,0
far_hit_control,571,1,0.415037,1.000000,1,2,1,0.830075,0
far_hit_control,571,1,0.415037,1.000000,1,3,1,0.830075,0
far_hit_control,571,1,0.415037,1.000000,2,0,1,2.000000,0
far_hit_control,571,1,0.415037,1.000000,2,1,1,2.000000,0
far_hit_control,571,1,0.415037,1.000000,2,2,0,0.000000,1
far_hit_control,571,1,0.415037,1.000000,2,3,0,0.000000,1
far_hit_control,3251,1,0.415037,1.000000,0,0,0,0.000000,1
far_hit_control,3251,1,0.415037,1.000000,0,1,1,0.830075,0
far_hit_control,3251,1,0.415037,1.000000,0,2,1,0.415037,0
far_hit_control,3251,1,0.415037,1.000000,0,3,1,0.415037,0
far_hit_control,3251,1,0.415037,1.000000,1,0,1,2.000000,0
far_hit_control,3251,1,0.415037,1.000000,1,1,1,2.000000,0
far_hit_control,3251,1,0.415037,1.000000,1,2,0,0.000000,1
far_hit_control,3251,1,0.415037,1.000000,1,3,0,0.000000,1
far_hit_control,3251,1,0.415037,1.000000,2,0,1,0.830075,0
far_hit_control,3251,1,0.415037,1.000000,2,1,1,0.415037,0
far_hit_control,3251,1,0.415037,1.000000,2,2,1,0.830075,0
far_hit_control,3251,1,0.415037,1.000000,2,3,1,0.415037,0
far_hit_control,1810,0,0.000000,0.000000,0,0,1,0.830075,1
far_hit_control,1810,0,0.000000,0.000000,0,1,1,0.415037,1
far_hit_control,1810,0,0.000000,0.000000,0,2,1,0.830075,1
far_hit_control,1810,0,0.000000,0.000000,0,3,0,0.000000,0
far_hit_control,1810,0,0.000000,0.000000,1,0,0,0.000000,0
far_hit_control,1810,0,0.000000,0.000000,1,1,1,0.830075,1
far_hit_control,1810,0,0.000000,0.000000,1,2,0,0.000000,0
far_hit_control,1810,0,0.000000,0.000000,1,3,1,0.415037,1
far_hit_control,1810,0,0.000000,0.000000,2,0,1,0.830075,1
far_hit_control,1810,0,0.000000,0.000000,2,1,0,0.000000,0
far_hit_control,1810,0,0.000000,0.000000,2,2,1,0.830075,1
far_hit_control,1810,0,0.000000,0.000000,2,3,1,0.830075,1
far_hit_control,2593,1,0.415037,1.000000,0,0,1,0.830075,0
far_hit_control,2593,1,0.415037,1.000000,0,1,0,0.000000,1
far_hit_control,2593,1,0.415037,1.000000,0,2,1,0.830075,0
far_hit_control,2593,1,0.415037,1.000000,0,3,1,0.830075,0
far_hit_control,2593,1,0.415037,1.000000,1,0,1,2.000000,0
far_hit_control,2593,1,0.415037,1.000000,1,1,0,0.000000,1
far_hit_control,2593,1,0.415037,1.000000,1,2,1,2.000000,0
far_hit_control,2593,1,0.415037,1.000000,1,3,0,0.000000,1
far_hit_control,2593,1,0.415037,1.000000,2,0,0,0.000000,1
far_hit_control,2593,1,0.415037,1.000000,2,1,1,2.000000,0
far_hit_control,2593,1,0.415037,1.000000,2,2,1,2.000000,0
far_hit_control,2593,1,0.415037,1.000000,2,3,1,0.415037,0
far_hit_control,2567,0,0.000000,0.000000,0,0,0,0.000000,0
far_hit_control,2567,0,0.000000,0.000000,0,1,0,0.000000,0
far_hit_control,2567,0,0.000000,0.000000,0,2,0,0.000000,0
far_hit_control,2567,0,0.000000,0.000000,0,3,0,0.000000,0
far_hit_control,2567,0,0.000000,0.000000,1,0,1,0.830075,1
far_hit_control,2567,0,0.000000,0.000000,1,1,1,1.000000,1
far_hit_control,2567,0,0.000000,0.000000,1,2,1,0.415037,1
far_hit_control,2567,0,0.000000,0.000000,1,3,1,0.415037,1
far_hit_control,2567,0,0.000000,0.000000,2,0,0,0.000000,0
far_hit_control,2567,0,0.000000,0.000000,2,1,0,0.000000,0
far_hit_control,2567,0,0.000000,0.000000,2,2,0,0.000000,0
far_hit_control,2567,0,0.000000,0.000000,2,3,0,0.000000,0
far_hit_control,1679,0,0.000000,0.000000,0,0,0,0.000000,0
far_hit_control,1679,0,0.000000,0.000000,0,1,0,0.000000,0
far_hit_control,1679,0,0.000000,0.000000,0,2,0,0.000000,0
far_hit_control,1679,0,0.000000,0.000000,0,3,0,0.000000,0
far_hit_control,1679,0,0.000000,0.000000,1,0,0,0.000000,0
far_hit_control,1679,0,0.000000,0.000000,1,1,0,0.000000,0
far_hit_control,1679,0,0.000000,0.000000,1,2,0,0.000000,0
far_hit_control,1679,0,0.000000,0.000000,1,3,0,0.000000,0
far_hit_control,1679,0,0.000000,0.000000,2,0,1,0.830075,1
far_hit_control,1679,0,0.000000,0.000000,2,1,1,0.830075,1
far_hit_control,1679,0,0.000000,0.000000,2,2,1,0.415037,1
far_hit_control,1679,0,0.000000,0.000000,2,3,1,0.830075,1
far_hit_control,2637,1,0.830075,1.000000,0,0,1,0.830075,0
far_hit_control,2637,1,0.830075,1.000000,0,1,1,0.830075,0
far_hit_control,2637,1,0.830075,1.000000,0,2,1,0.830075,0
far_hit_control,2637,1,0.830075,1.000000,0,3,0,0.000000,1
far_hit_control,2637,1,0.830075,1.000000,1,0,0,0.000000,1
far_hit_control,2637,1,0.830075,1.000000,1,1,1,0.415037,0
far_hit_control,2637,1,0.830075,1.000000,1,2,0,0.000000,1
far_hit_control,2637,1,0.830075,1.000000,1,3,1,0.415037,0
far_hit_control,2637,1,0.830075,1.000000,2,0,0,0.000000,1
far_hit_control,2637,1,0.830075,1.000000,2,1,0,0.000000,1
far_hit_control,2637,1,0.830075,1.000000,2,2,1,2.000000,0
far_hit_control,2637,1,0.830075,1.000000,2,3,1,2.000000,0
far_hit_control,875,1,2.000000,1.000000,0,0,1,0.830075,0
far_hit_control,875,1,2.000000,1.000000,0,1,1,0.415037,0
far_hit_control,875,1,2.000000,1.000000,0,2,1,0.830075,0
far_hit_control,875,1,2.000000,1.000000,0,3,1,0.415037,0
far_hit_control,875,1,2.000000,1.000000,1,0,1,0.830075,0
far_hit_control,875,1,2.000000,1.000000,1,1,1,0.415037,0
far_hit_control,875,1,2.000000,1.000000,1,2,1,0.830075,0
far_hit_control,875,1,2.000000,1.000000,1,3,1,0.415037,0
far_hit_control,875,1,2.000000,1.000000,2,0,0,0.000000,1
far_hit_control,875,1,2.000000,1.000000,2,1,1,2.000000,0
far_hit_control,875,1,2.000000,1.000000,2,2,0,0.000000,1
far_hit_control,875,1,2.000000,1.000000,2,3,1,2.000000,0
far_hit_control,3745,1,0.415037,1.000000,0,0,0,0.000000,1
far_hit_control,3745,1,0.415037,1.000000,0,1,1,2.000000,0
far_hit_control,3745,1,0.415037,1.000000,0,2,0,0.000000,1
far_hit_control,3745,1,0.415037,1.000000,0,3,1,2.000000,0
far_hit_control,3745,1,0.415037,1.000000,1,0,1,0.830075,0
far_hit_control,3745,1,0.415037,1.000000,1,1,1,0.830075,0
far_hit_control,3745,1,0.415037,1.000000,1,2,1,0.830075,0
far_hit_control,3745,1,0.415037,1.000000,1,3,1,0.830075,0
far_hit_control,3745,1,0.415037,1.000000,2,0,0,0.000000,1
far_hit_control,3745,1,0.415037,1.000000,2,1,1,0.415037,0
far_hit_control,3745,1,0.415037,1.000000,2,2,0,0.000000,1
far_hit_control,3745,1,0.415037,1.000000,2,3,1,0.415037,0
far_hit_control,3786,1,2.000000,1.000000,0,0,0,0.000000,1
far_hit_control,3786,1,2.000000,1.000000,0,1,0,0.000000,1
far_hit_control,3786,1,2.000000,1.000000,0,2,1,2.000000,0
far_hit_control,3786,1,2.000000,1.000000,0,3,1,2.000000,0
far_hit_control,3786,1,2.000000,1.000000,1,0,0,0.000000,1
far_hit_control,3786,1,2.000000,1.000000,1,1,1,1.000000,0
far_hit_control,3786,1,2.000000,1.000000,1,2,1,0.415037,0
far_hit_control,3786,1,2.000000,1.000000,1,3,1,0.830075,0
far_hit_control,3786,1,2.000000,1.000000,2,0,1,0.830075,0
far_hit_control,3786,1,2.000000,1.000000,2,1,1,0.415037,0
far_hit_control,3786,1,2.000000,1.000000,2,2,1,1.000000,0
far_hit_control,3786,1,2.000000,1.000000,2,3,1,0.415037,0
far_hit_control,2047,0,0.000000,0.000000,0,0,0,0.000000,0
far_hit_control,2047,0,0.000000,0.000000,0,1,0,0.000000,0
far_hit_control,2047,0,0.000000,0.000000,0,2,0,0.000000,0
far_hit_control,2047,0,0.000000,0.000000,0,3,0,0.000000,0
far_hit_control,2047,0,0.000000,0.000000,1,0,0,0.000000,0
far_hit_control,2047,0,0.000000,0.000000,1,1,0,0.000000,0
far_hit_control,2047,0,0.000000,0.000000,1,2,0,0.000000,0
far_hit_control,2047,0,0.000000,0.000000,1,3,0,0.000000,0
far_hit_control,2047,0,0.000000,0.000000,2,0,0,0.000000,0
far_hit_control,2047,0,0.000000,0.000000,2,1,0,0.000000,0
far_hit_control,2047,0,0.000000,0.000000,2,2,0,0.000000,0
far_hit_control,2047,0,0.000000,0.000000,2,3,0,0.000000,0
far_hit_control,868,1,2.000000,1.000000,0,0,1,0.415037,0
far_hit_control,868,1,2.000000,1.000000,0,1,1,0.830075,0
far_hit_control,868,1,2.000000,1.000000,0,2,1,1.000000,0
far_hit_control,868,1,2.000000,1.000000,0,3,1,0.830075,0
far_hit_control,868,1,2.000000,1.000000,1,0,1,0.830075,0
far_hit_control,868,1,2.000000,1.000000,1,1,1,1.000000,0
far_hit_control,868,1,2.000000,1.000000,1,2,0,0.000000,1
far_hit_control,868,1,2.000000,1.000000,1,3,1,0.415037,0
far_hit_control,868,1,2.000000,1.000000,2,0,0,0.000000,1
far_hit_control,868,1,2.000000,1.000000,2,1,1,2.000000,0
far_hit_control,868,1,2.000000,1.000000,2,2,0,0.000000,1
far_hit_control,868,1,2.000000,1.000000,2,3,1,2.000000,0
far_hit_control,1293,0,0.000000,0.000000,0,0,0,0.000000,0
far_hit_control,1293,0,0.000000,0.000000,0,1,0,0.000000,0
far_hit_control,1293,0,0.000000,0.000000,0,2,0,0.000000,0
far_hit_control,1293,0,0.000000,0.000000,0,3,0,0.000000,0
far_hit_control,1293,0,0.000000,0.000000,1,0,0,0.000000,0
far_hit_control,1293,0,0.000000,0.000000,1,1,1,0.415037,1
far_hit_control,1293,0,0.000000,0.000000,1,2,1,0.415037,1
far_hit_control,1293,0,0.000000,0.000000,1,3,1,0.415037,1
far_hit_control,1293,0,0.000000,0.000000,2,0,0,0.000000,0
far_hit_control,1293,0,0.000000,0.000000,2,1,0,0.000000,0
far_hit_control,1293,0,0.000000,0.000000,2,2,0,0.000000,0
far_hit_control,1293,0,0.000000,0.000000,2,3,0,0.000000,0
far_hit_control,2833,1,0.830075,1.000000,0,0,1,0.415037,0
far_hit_control,2833,1,0.830075,1.000000,0,1,1,0.415037,0
far_hit_control,2833,1,0.830075,1.000000,0,2,0,0.000000,1
far_hit_control,2833,1,0.830075,1.000000,0,3,1,0.415037,0
far_hit_control,2833,1,0.830075,1.000000,1,0,0,0.000000,1
far_hit_control,2833,1,0.830075,1.000000,1,1,1,1.000000,0
far_hit_control,2833,1,0.830075,1.000000,1,2,1,0.415037,0
far_hit_control,2833,1,0.830075,1.000000,1,3,1,1.000000,0
far_hit_control,2833,1,0.830075,1.000000,2,0,0,0.000000,1
far_hit_control,2833,1,0.830075,1.000000,2,1,0,0.000000,1
far_hit_control,2833,1,0.830075,1.000000,2,2,1,0.830075,0
far_hit_control,2833,1,0.830075,1.000000,2,3,1,0.415037,0
far_hit_control,1729,1,2.000000,1.000000,0,0,1,0.830075,0
far_hit_control,1729,1,2.000000,1.000000,0,1,1,0.415037,0
far_hit_control,1729,1,2.000000,1.000000,0,2,1,0.830075,0
far_hit_control,1729,1,2.000000,1.000000,0,3,1,0.415037,0
far_hit_control,1729,1,2.000000,1.000000,1,0,1,0.415037,0
far_hit_control,1729,1,2.000000,1.000000,1,1,1,0.830075,0
far_hit_control,1729,1,2.000000,1.000000,1,2,1,0.415037,0
far_hit_control,1729,1,2.000000,1.000000,1,3,1,0.830075,0
far_hit_control,1729,1,2.000000,1.000000,2,0,0,0.000000,1
far_hit_control,1729,1,2.000000,1.000000,2,1,0,0.000000,1
far_hit_control,1729,1,2.000000,1.000000,2,2,1,2.000000,0
far_hit_control,1729,1,2.000000,1.000000,2,3,1,2.000000,0
far_hit_control,2773,1,2.000000,1.000000,0,0,0,0.000000,1
far_hit_control,2773,1,2.000000,1.000000,0,1,1,0.415037,0
far_hit_control,2773,1,2.000000,1.000000,0,2,1,0.415037,0
far_hit_control,2773,1,2.000000,1.000000,0,3,1,0.415037,0
far_hit_control,2773,1,2.000000,1.000000,1,0,1,2.000000,0
far_hit_control,2773,1,2.000000,1.000000,1,1,0,0.000000,1
far_hit_control,2773,1,2.000000,1.000000,1,2,1,2.000000,0
far_hit_control,2773,1,2.000000,1.000000,1,3,0,0.000000,1
far_hit_control,2773,1,2.000000,1.000000,2,0,1,0.830075,0
far_hit_control,2773,1,2.000000,1.000000,2,1,1,0.415037,0
far_hit_control,2773,1,2.000000,1.000000,2,2,1,0.415037,0
far_hit_control,2773,1,2.000000,1.000000,2,3,1,0.415037,0
far_hit_control,1582,1,0.415037,1.000000,0,0,1,0.415037,0
far_hit_control,1582,1,0.415037,1.000000,0,1,1,0.830075,0
far_hit_control,1582,1,0.415037,1.000000,0,2,0,0.000000,1
far_hit_control,1582,1,0.415037,1.000000,0,3,1,0.830075,0
far_hit_control,1582,1,0.415037,1.000000,1,0,1,0.415037,0
far_hit_control,1582,1,0.415037,1.000000,1,1,0,0.000000,1
far_hit_control,1582,1,0.415037,1.000000,1,2,1,2.000000,0
far_hit_control,1582,1,0.415037,1.000000,1,3,1,2.000000,0
far_hit_control,1582,1,0.415037,1.000000,2,0,0,0.000000,1
far_hit_control,1582,1,0.415037,1.000000,2,1,1,0.415037,0
far_hit_control,1582,1,0.415037,1.000000,2,2,1,0.415037,0
far_hit_control,1582,1,0.415037,1.000000,2,3,1,2.000000,0
far_hit_control,518,0,0.000000,0.000000,0,0,0,0.000000,0
far_hit_control,518,0,0.000000,0.000000,0,1,0,0.000000,0
far_hit_control,518,0,0.000000,0.000000,0,2,0,0.000000,0
far_hit_control,518,0,0.000000,0.000000,0,3,0,0.000000,0
far_hit_control,518,0,0.000000,0.000000,1,0,1,0.830075,1
far_hit_control,518,0,0.000000,0.000000,1,1,1,1.000000,1
far_hit_control,518,0,0.000000,0.000000,1,2,1,0.415037,1
far_hit_control,518,0,0.000000,0.000000,1,3,1,0.830075,1
far_hit_control,518,0,0.000000,0.000000,2,0,0,0.000000,0
far_hit_control,518,0,0.000000,0.000000,2,1,0,0.000000,0
far_hit_control,518,0,0.000000,0.000000,2,2,0,0.000000,0
far_hit_control,518,0,0.000000,0.000000,2,3,0,0.000000,0
far_hit_control,1052,1,0.830075,1.000000,0,0,0,0.000000,1
far_hit_control,1052,1,0.830075,1.000000,0,1,1,2.000000,0
far_hit_control,1052,1,0.830075,1.000000,0,2,0,0.000000,1
far_hit_control,1052,1,0.830075,1.000000,0,3,1,2.000000,0
far_hit_control,1052,1,0.830075,1.000000,1,0,0,0.000000,1
far_hit_control,1052,1,0.830075,1.000000,1,1,0,0.000000,1
far_hit_control,1052,1,0.830075,1.000000,1,2,1,0.415037,0
far_hit_control,1052,1,0.830075,1.000000,1,3,1,0.415037,0
far_hit_control,1052,1,0.830075,1.000000,2,0,1,0.830075,0
far_hit_control,1052,1,0.830075,1.000000,2,1,1,0.830075,0
far_hit_control,1052,1,0.830075,1.000000,2,2,0,0.000000,1
far_hit_control,1052,1,0.830075,1.000000,2,3,1,0.830075,0
far_hit_control,3810,1,0.830075,1.000000,0,0,0,0.000000,1
far_hit_control,3810,1,0.830075,1.000000,0,1,0,0.000000,1
far_hit_control,3810,1,0.830075,1.000000,0,2,1,0.830075,0
far_hit_control,3810,1,0.830075,1.000000,0,3,1,0.415037,0
far_hit_control,3810,1,0.830075,1.000000,1,0,0,0.000000,1
far_hit_control,3810,1,0.830075,1.000000,1,1,1,0.415037,0
far_hit_control,3810,1,0.830075,1.000000,1,2,1,0.415037,0
far_hit_control,3810,1,0.830075,1.000000,1,3,1,0.415037,0
far_hit_control,3810,1,0.830075,1.000000,2,0,1,0.415037,0
far_hit_control,3810,1,0.830075,1.000000,2,1,0,0.000000,1
far_hit_control,3810,1,0.830075,1.000000,2,2,1,1.000000,0
far_hit_control,3810,1,0.830075,1.000000,2,3,1,1.000000,0
far_hit_control,1886,1,0.830075,1.000000,0,0,1,0.415037,0
far_hit_control,1886,1,0.830075,1.000000,0,1,0,0.000000,1
far_hit_control,1886,1,0.830075,1.000000,0,2,1,0.415037,0
far_hit_control,1886,1,0.830075,1.000000,0,3,0,0.000000,1
far_hit_control,1886,1,0.830075,1.000000,1,0,1,0.830075,0
far_hit_control,1886,1,0.830075,1.000000,1,1,1,0.830075,0
far_hit_control,1886,1,0.830075,1.000000,1,2,0,0.000000,1
far_hit_control,1886,1,0.830075,1.000000,1,3,0,0.000000,1
far_hit_control,1886,1,0.830075,1.000000,2,0,0,0.000000,1
far_hit_control,1886,1,0.830075,1.000000,2,1,1,2.000000,0
far_hit_control,1886,1,0.830075,1.000000,2,2,0,0.000000,1
far_hit_control,1886,1,0.830075,1.000000,2,3,1,2.000000,0
far_hit_control,1073,1,0.415037,1.000000,0,0,1,0.415037,0
far_hit_control,1073,1,0.415037,1.000000,0,1,1,0.415037,0
far_hit_control,1073,1,0.415037,1.000000,0,2,0,0.000000,1
far_hit_control,1073,1,0.415037,1.000000,0,3,0,0.000000,1
far_hit_control,1073,1,0.415037,1.000000,1,0,1,0.830075,0
far_hit_control,1073,1,0.415037,1.000000,1,1,1,0.830075,0
far_hit_control,1073,1,0.415037,1.000000,1,2,1,0.830075,0
far_hit_control,1073,1,0.415037,1.000000,1,3,1,0.830075,0
far_hit_control,1073,1,0.415037,1.000000,2,0,0,0.000000,1
far_hit_control,1073,1,0.415037,1.000000,2,1,0,0.000000,1
far_hit_control,1073,1,0.415037,1.000000,2,2,1,2.000000,0
far_hit_control,1073,1,0.415037,1.000000,2,3,1,2.000000,0
far_hit_control,2390,1,2.000000,1.000000,0,0,1,2.000000,0
far_hit_control,2390,1,2.000000,1.000000,0,1,1,2.000000,0
far_hit_control,2390,1,2.000000,1.000000,0,2,1,0.415037,0
far_hit_control,2390,1,2.000000,1.000000,0,3,1,0.415037,0
far_hit_control,2390,1,2.000000,1.000000,1,0,1,0.415037,0
far_hit_control,2390,1,2.000000,1.000000,1,1,1,0.415037,0
far_hit_control,2390,1,2.000000,1.000000,1,2,1,0.415037,0
far_hit_control,2390,1,2.000000,1.000000,1,3,1,0.415037,0
far_hit_control,2390,1,2.000000,1.000000,2,0,1,0.415037,0
far_hit_control,2390,1,2.000000,1.000000,2,1,1,2.000000,0
far_hit_control,2390,1,2.000000,1.000000,2,2,1,2.000000,0
far_hit_control,2390,1,2.000000,1.000000,2,3,1,0.415037,0
far_hit_control,2102,1,0.415037,1.000000,0,0,1,2.000000,0
far_hit_control,2102,1,0.415037,1.000000,0,1,1,2.000000,0
far_hit_control,2102,1,0.415037,1.000000,0,2,1,0.500000,0
far_hit_control,2102,1,0.415037,1.000000,0,3,0,0.000000,1
far_hit_control,2102,1,0.415037,1.000000,1,0,1,0.830075,0
far_hit_control,2102,1,0.415037,1.000000,1,1,1,0.415037,0
far_hit_control,2102,1,0.415037,1.000000,1,2,1,0.830075,0
far_hit_control,2102,1,0.415037,1.000000,1,3,1,0.830075,0
far_hit_control,2102,1,0.415037,1.000000,2,0,0,0.000000,1
far_hit_control,2102,1,0.415037,1.000000,2,1,1,0.415037,0
far_hit_control,2102,1,0.415037,1.000000,2,2,1,0.830075,0
far_hit_control,2102,1,0.415037,1.000000,2,3,1,0.830075,0
far_hit_control,3456,0,0.000000,0.000000,0,0,0,0.000000,0
far_hit_control,3456,0,0.000000,0.000000,0,1,0,0.000000,0
far_hit_control,3456,0,0.000000,0.000000,0,2,0,0.000000,0
far_hit_control,3456,0,0.000000,0.000000,0,3,0,0.000000,0
far_hit_control,3456,0,0.000000,0.000000,1,0,0,0.000000,0
far_hit_control,3456,0,0.000000,0.000000,1,1,0,0.000000,0
far_hit_control,3456,0,0.000000,0.000000,1,2,0,0.000000,0
far_hit_control,3456,0,0.000000,0.000000,1,3,0,0.000000,0
far_hit_control,3456,0,0.000000,0.000000,2,0,1,0.415037,1
far_hit_control,3456,0,0.000000,0.000000,2,1,1,0.830075,1
far_hit_control,3456,0,0.000000,0.000000,2,2,0,0.000000,0
far_hit_control,3456,0,0.000000,0.000000,2,3,1,0.830075,1
far_hit_control,1527,0,0.000000,0.000000,0,0,0,0.000000,0
far_hit_control,1527,0,0.000000,0.000000,0,1,0,0.000000,0
far_hit_control,1527,0,0.000000,0.000000,0,2,0,0.000000,0
far_hit_control,1527,0,0.000000,0.000000,0,3,0,0.000000,0
far_hit_control,1527,0,0.000000,0.000000,1,0,1,0.830075,1
far_hit_control,1527,0,0.000000,0.000000,1,1,0,0.000000,0
far_hit_control,1527,0,0.000000,0.000000,1,2,1,0.830075,1
far_hit_control,1527,0,0.000000,0.000000,1,3,1,0.415037,1
far_hit_control,1527,0,0.000000,0.000000,2,0,0,0.000000,0
far_hit_control,1527,0,0.000000,0.000000,2,1,0,0.000000,0
far_hit_control,1527,0,0.000000,0.000000,2,2,0,0.000000,0
far_hit_control,1527,0,0.000000,0.000000,2,3,0,0.000000,0
far_hit_control,794,0,0.000000,0.000000,0,0,1,0.415037,1
far_hit_control,794,0,0.000000,0.000000,0,1,1,0.415037,1
far_hit_control,794,0,0.000000,0.000000,0,2,1,0.830075,1
far_hit_control,794,0,0.000000,0.000000,0,3,1,0.415037,1
far_hit_control,794,0,0.000000,0.000000,1,0,0,0.000000,0
far_hit_control,794,0,0.000000,0.000000,1,1,0,0.000000,0
far_hit_control,794,0,0.000000,0.000000,1,2,0,0.000000,0
far_hit_control,794,0,0.000000,0.000000,1,3,0,0.000000,0
far_hit_control,794,0,0.000000,0.000000,2,0,1,0.415037,1
far_hit_control,794,0,0.000000,0.000000,2,1,1,0.830075,1
far_hit_control,794,0,0.000000,0.000000,2,2,1,0.415037,1
far_hit_control,794,0,0.000000,0.000000,2,3,1,0.830075,1
far_hit_control,2997,1,1.000000,1.000000,0,0,1,2.000000,0
far_hit_control,2997,1,1.000000,1.000000,0,1,1,2.000000,0
far_hit_control,2997,1,1.000000,1.000000,0,2,0,0.000000,1
far_hit_control,2997,1,1.000000,1.000000,0,3,0,0.000000,1
far_hit_control,2997,1,1.000000,1.000000,1,0,1,2.000000,0
far_hit_control,2997,1,1.000000,1.000000,1,1,1,2.000000,0
far_hit_control,2997,1,1.000000,1.000000,1,2,0,0.000000,1
far_hit_control,2997,1,1.000000,1.000000,1,3,1,2.000000,0
far_hit_control,2997,1,1.000000,1.000000,2,0,1,0.830075,0
far_hit_control,2997,1,1.000000,1.000000,2,1,1,0.830075,0
far_hit_control,2997,1,1.000000,1.000000,2,2,1,6.000000,0
far_hit_control,2997,1,1.000000,1.000000,2,3,1,0.830075,0
far_hit_control,3925,0,0.000000,0.000000,0,0,1,2.000000,1
far_hit_control,3925,0,0.000000,0.000000,0,1,0,0.000000,0
far_hit_control,3925,0,0.000000,0.000000,0,2,0,0.000000,0
far_hit_control,3925,0,0.000000,0.000000,0,3,1,2.000000,1
far_hit_control,3925,0,0.000000,0.000000,1,0,0,0.000000,0
far_hit_control,3925,0,0.000000,0.000000,1,1,0,0.000000,0
far_hit_control,3925,0,0.000000,0.000000,1,2,0,0.000000,0
far_hit_control,3925,0,0.000000,0.000000,1,3,0,0.000000,0
far_hit_control,3925,0,0.000000,0.000000,2,0,0,0.000000,0
far_hit_control,3925,0,0.000000,0.000000,2,1,0,0.000000,0
far_hit_control,3925,0,0.000000,0.000000,2,2,0,0.000000,0
far_hit_control,3925,0,0.000000,0.000000,2,3,0,0.000000,0
far_hit_control,1266,0,0.000000,0.000000,0,0,0,0.000000,0
far_hit_control,1266,0,0.000000,0.000000,0,1,0,0.000000,0
far_hit_control,1266,0,0.000000,0.000000,0,2,0,0.000000,0
far_hit_control,1266,0,0.000000,0.000000,0,3,0,0.000000,0
far_hit_control,1266,0,0.000000,0.000000,1,0,0,0.000000,0
far_hit_control,1266,0,0.000000,0.000000,1,1,1,0.830075,1
far_hit_control,1266,0,0.000000,0.000000,1,2,1,0.830075,1
far_hit_control,1266,0,0.000000,0.000000,1,3,1,6.000000,1
far_hit_control,1266,0,0.000000,0.000000,2,0,0,0.000000,0
far_hit_control,1266,0,0.000000,0.000000,2,1,0,0.000000,0
far_hit_control,1266,0,0.000000,0.000000,2,2,0,0.000000,0
far_hit_control,1266,0,0.000000,0.000000,2,3,0,0.000000,0
far_hit_control,113,0,0.000000,0.000000,0,0,0,0.000000,0
far_hit_control,113,0,0.000000,0.000000,0,1,0,0.000000,0
far_hit_control,113,0,0.000000,0.000000,0,2,1,0.830075,1
far_hit_control,113,0,0.000000,0.000000,0,3,0,0.000000,0
far_hit_control,113,0,0.000000,0.000000,1,0,0,0.000000,0
far_hit_control,113,0,0.000000,0.000000,1,1,0,0.000000,0
far_hit_control,113,0,0.000000,0.000000,1,2,0,0.000000,0
far_hit_control,113,0,0.000000,0.000000,1,3,0,0.000000,0
far_hit_control,113,0,0.000000,0.000000,2,0,0,0.000000,0
far_hit_control,113,0,0.000000,0.000000,2,1,0,0.000000,0
far_hit_control,113,0,0.000000,0.000000,2,2,0,0.000000,0
far_hit_control,113,0,0.000000,0.000000,2,3,0,0.000000,0
far_hit_control,1751,1,0.830075,1.000000,0,0,1,0.830075,0
far_hit_control,1751,1,0.830075,1.000000,0,1,0,0.000000,1
far_hit_control,1751,1,0.830075,1.000000,0,2,1,0.830075,0
far_hit_control,1751,1,0.830075,1.000000,0,3,1,0.830075,0
far_hit_control,1751,1,0.830075,1.000000,1,0,1,0.415037,0
far_hit_control,1751,1,0.830075,1.000000,1,1,0,0.000000,1
far_hit_control,1751,1,0.830075,1.000000,1,2,1,0.415037,0
far_hit_control,1751,1,0.830075,1.000000,1,3,1,0.415037,0
far_hit_control,1751,1,0.830075,1.000000,2,0,1,2.000000,0
far_hit_control,1751,1,0.830075,1.000000,2,1,1,2.000000,0
far_hit_control,1751,1,0.830075,1.000000,2,2,1,2.000000,0
far_hit_control,1751,1,0.830075,1.000000,2,3,0,0.000000,1
far_hit_control,3884,0,0.000000,0.000000,0,0,1,0.415037,1
far_hit_control,3884,0,0.000000,0.000000,0,1,1,0.415037,1
far_hit_control,3884,0,0.000000,0.000000,0,2,1,0.830075,1
far_hit_control,3884,0,0.000000,0.000000,0,3,1,0.415037,1
far_hit_control,3884,0,0.000000,0.000000,1,0,0,0.000000,0
far_hit_control,3884,0,0.000000,0.000000,1,1,0,0.000000,0
far_hit_control,3884,0,0.000000,0.000000,1,2,0,0.000000,0
far_hit_control,3884,0,0.000000,0.000000,1,3,0,0.000000,0
far_hit_control,3884,0,0.000000,0.000000,2,0,0,0.000000,0
far_hit_control,3884,0,0.000000,0.000000,2,1,0,0.000000,0
far_hit_control,3884,0,0.000000,0.000000,2,2,0,0.000000,0
far_hit_control,3884,0,0.000000,0.000000,2,3,0,0.000000,0
far_hit_control,1259,1,0.830075,1.000000,0,0,1,0.415037,0
far_hit_control,1259,1,0.830075,1.000000,0,1,1,0.830075,0
far_hit_control,1259,1,0.830075,1.000000,0,2,0,0.000000,1
far_hit_control,1259,1,0.830075,1.000000,0,3,1,0.415037,0
far_hit_control,1259,1,0.830075,1.000000,1,0,0,0.000000,1
far_hit_control,1259,1,0.830075,1.000000,1,1,1,0.830075,0
far_hit_control,1259,1,0.830075,1.000000,1,2,1,0.830075,0
far_hit_control,1259,1,0.830075,1.000000,1,3,1,0.830075,0
far_hit_control,1259,1,0.830075,1.000000,2,0,0,0.000000,1
far_hit_control,1259,1,0.830075,1.000000,2,1,1,0.415037,0
far_hit_control,1259,1,0.830075,1.000000,2,2,0,0.000000,1
far_hit_control,1259,1,0.830075,1.000000,2,3,1,0.415037,0
far_hit_control,1388,1,0.500000,1.000000,0,0,1,0.415037,0
far_hit_control,1388,1,0.500000,1.000000,0,1,1,2.000000,0
far_hit_control,1388,1,0.500000,1.000000,0,2,1,2.000000,0
far_hit_control,1388,1,0.500000,1.000000,0,3,1,0.415037,0
far_hit_control,1388,1,0.500000,1.000000,1,0,0,0.000000,1
far_hit_control,1388,1,0.500000,1.000000,1,1,1,2.000000,0
far_hit_control,1388,1,0.500000,1.000000,1,2,1,2.000000,0
far_hit_control,1388,1,0.500000,1.000000,1,3,0,0.000000,1
far_hit_control,1388,1,0.500000,1.000000,2,0,1,2.000000,0
far_hit_control,1388,1,0.500000,1.000000,2,1,1,0.415037,0
far_hit_control,1388,1,0.500000,1.000000,2,2,1,0.415037,0
far_hit_control,1388,1,0.500000,1.000000,2,3,1,2.000000,0
far_hit_control,2138,0,0.000000,0.000000,0,0,1,0.500000,1
far_hit_control,2138,0,0.000000,0.000000,0,1,0,0.000000,0
far_hit_control,2138,0,0.000000,0.000000,0,2,0,0.000000,0
far_hit_control,2138,0,0.000000,0.000000,0,3,0,0.000000,0
far_hit_control,2138,0,0.000000,0.000000,1,0,0,0.000000,0
far_hit_control,2138,0,0.000000,0.000000,1,1,1,0.415037,1
far_hit_control,2138,0,0.000000,0.000000,1,2,0,0.000000,0
far_hit_control,2138,0,0.000000,0.000000,1,3,1,0.830075,1
far_hit_control,2138,0,0.000000,0.000000,2,0,1,0.415037,1
far_hit_control,2138,0,0.000000,0.000000,2,1,1,0.415037,1
far_hit_control,2138,0,0.000000,0.000000,2,2,1,0.830075,1
far_hit_control,2138,0,0.000000,0.000000,2,3,1,0.830075,1
far_hit_control,1308,0,0.000000,0.000000,0,0,1,0.830075,1
far_hit_control,1308,0,0.000000,0.000000,0,1,1,0.830075,1
far_hit_control,1308,0,0.000000,0.000000,0,2,1,0.415037,1
far_hit_control,1308,0,0.000000,0.000000,0,3,1,0.415037,1
far_hit_control,1308,0,0.000000,0.000000,1,0,0,0.000000,0
far_hit_control,1308,0,0.000000,0.000000,1,1,0,0.000000,0
far_hit_control,1308,0,0.000000,0.000000,1,2,0,0.000000,0
far_hit_control,1308,0,0.000000,0.000000,1,3,1,0.500000,1
far_hit_control,1308,0,0.000000,0.000000,2,0,0,0.000000,0
far_hit_control,1308,0,0.000000,0.000000,2,1,0,0.000000,0
far_hit_control,1308,0,0.000000,0.000000,2,2,1,0.830075,1
far_hit_control,1308,0,0.000000,0.000000,2,3,1,0.415037,1
far_hit_control,2977,1,1.000000,1.000000,0,0,0,0.000000,1
far_hit_control,2977,1,1.000000,1.000000,0,1,1,2.000000,0
far_hit_control,2977,1,1.000000,1.000000,0,2,0,0.000000,1
far_hit_control,2977,1,1.000000,1.000000,0,3,1,2.000000,0
far_hit_control,2977,1,1.000000,1.000000,1,0,1,6.000000,0
far_hit_control,2977,1,1.000000,1.000000,1,1,1,0.830075,0
far_hit_control,2977,1,1.000000,1.000000,1,2,1,0.830075,0
far_hit_control,2977,1,1.000000,1.000000,1,3,1,0.830075,0
far_hit_control,2977,1,1.000000,1.000000,2,0,0,0.000000,1
far_hit_control,2977,1,1.000000,1.000000,2,1,1,2.000000,0
far_hit_control,2977,1,1.000000,1.000000,2,2,1,2.000000,0
far_hit_control,2977,1,1.000000,1.000000,2,3,1,2.000000,0
far_hit_control,1622,1,2.000000,1.000000,0,0,1,2.000000,0
far_hit_control,1622,1,2.000000,1.000000,0,1,1,2.000000,0
far_hit_control,1622,1,2.000000,1.000000,0,2,1,0.415037,0
far_hit_control,1622,1,2.000000,1.000000,0,3,1,0.415037,0
far_hit_control,1622,1,2.000000,1.000000,1,0,1,2.000000,0
far_hit_control,1622,1,2.000000,1.000000,1,1,1,2.000000,0
far_hit_control,1622,1,2.000000,1.000000,1,2,1,2.000000,0
far_hit_control,1622,1,2.000000,1.000000,1,3,1,2.000000,0
far_hit_control,1622,1,2.000000,1.000000,2,0,1,0.415037,0
far_hit_control,1622,1,2.000000,1.000000,2,1,1,2.000000,0
far_hit_control,1622,1,2.000000,1.000000,2,2,1,2.000000,0
far_hit_control,1622,1,2.000000,1.000000,2,3,1,0.415037,0
far_hit_control,3326,0,0.000000,0.000000,0,0,0,0.000000,0
far_hit_control,3326,0,0.000000,0.000000,0,1,0,0.000000,0
far_hit_control,3326,0,0.000000,0.000000,0,2,0,0.000000,0
far_hit_control,3326,0,0.000000,0.000000,0,3,0,0.000000,0
far_hit_control,3326,0,0.000000,0.000000,1,0,1,1.000000,1
far_hit_control,3326,0,0.000000,0.000000,1,1,1,0.830075,1
far_hit_control,3326,0,0.000000,0.000000,1,2,0,0.000000,0
far_hit_control,3326,0,0.000000,0.000000,1,3,0,0.000000,0
far_hit_control,3326,0,0.000000,0.000000,2,0,0,0.000000,0
far_hit_control,3326,0,0.000000,0.000000,2,1,0,0.000000,0
far_hit_control,3326,0,0.000000,0.000000,2,2,0,0.000000,0
far_hit_control,3326,0,0.000000,0.000000,2,3,0,0.000000,0
far_hit_control,1283,0,0.000000,0.000000,0,0,0,0.000000,0
far_hit_control,1283,0,0.000000,0.000000,0,1,0,0.000000,0
far_hit_control,1283,0,0.000000,0.000000,0,2,0,0.000000,0
far_hit_control,1283,0,0.000000,0.000000,0,3,0,0.000000,0
far_hit_control,1283,0,0.000000,0.000000,1,0,1,2.000000,1
far_hit_control,1283,0,0.000000,0.000000,1,1,0,0.000000,0
far_hit_control,1283,0,0.000000,0.000000,1,2,0,0.000000,0
far_hit_control,1283,0,0.000000,0.000000,1,3,1,2.000000,1
far_hit_control,1283,0,0.000000,0.000000,2,0,0,0.000000,0
far_hit_control,1283,0,0.000000,0.000000,2,1,0,0.000000,0
far_hit_control,1283,0,0.000000,0.000000,2,2,0,0.000000,0
far_hit_control,1283,0,0.000000,0.000000,2,3,0,0.000000,0
far_hit_control,978,1,0.415037,1.000000,0,0,1,0.830075,0
far_hit_control,978,1,0.415037,1.000000,0,1,1,0.830075,0
far_hit_control,978,1,0.415037,1.000000,0,2,1,0.830075,0
far_hit_control,978,1,0.415037,1.000000,0,3,1,0.830075,0
far_hit_control,978,1,0.415037,1.000000,1,0,1,2.000000,0
far_hit_control,978,1,0.415037,1.000000,1,1,0,0.000000,1
far_hit_control,978,1,0.415037,1.000000,1,2,1,2.000000,0
far_hit_control,978,1,0.415037,1.000000,1,3,1,2.000000,0
far_hit_control,978,1,0.415037,1.000000,2,0,1,2.000000,0
far_hit_control,978,1,0.415037,1.000000,2,1,0,0.000000,1
far_hit_control,978,1,0.415037,1.000000,2,2,1,2.000000,0
far_hit_control,978,1,0.415037,1.000000,2,3,0,0.000000,1
far_hit_control,676,1,0.415037,1.000000,0,0,1,0.415037,0
far_hit_control,676,1,0.415037,1.000000,0,1,0,0.000000,1
far_hit_control,676,1,0.415037,1.000000,0,2,1,0.415037,0
far_hit_control,676,1,0.415037,1.000000,0,3,0,0.000000,1
far_hit_control,676,1,0.415037,1.000000,1,0,1,0.830075,0
far_hit_control,676,1,0.415037,1.000000,1,1,0,0.000000,1
far_hit_control,676,1,0.415037,1.000000,1,2,1,0.830075,0
far_hit_control,676,1,0.415037,1.000000,1,3,1,0.830075,0
far_hit_control,676,1,0.415037,1.000000,2,0,1,2.000000,0
far_hit_control,676,1,0.415037,1.000000,2,1,1,2.000000,0
far_hit_control,676,1,0.415037,1.000000,2,2,0,0.000000,1
far_hit_control,676,1,0.415037,1.000000,2,3,1,0.415037,0
far_hit_control,951,1,0.415037,1.000000,0,0,1,0.830075,0
far_hit_control,951,1,0.415037,1.000000,0,1,0,0.000000,1
far_hit_control,951,1,0.415037,1.000000,0,2,1,0.830075,0
far_hit_control,951,1,0.415037,1.000000,0,3,1,0.830075,0
far_hit_control,951,1,0.415037,1.000000,1,0,1,2.000000,0
far_hit_control,951,1,0.415037,1.000000,1,1,1,0.415037,0
far_hit_control,951,1,0.415037,1.000000,1,2,0,0.000000,1
far_hit_control,951,1,0.415037,1.000000,1,3,1,2.000000,0
far_hit_control,951,1,0.415037,1.000000,2,0,1,2.000000,0
far_hit_control,951,1,0.415037,1.000000,2,1,0,0.000000,1
far_hit_control,951,1,0.415037,1.000000,2,2,1,2.000000,0
far_hit_control,951,1,0.415037,1.000000,2,3,0,0.000000,1
far_hit_control,3569,0,0.000000,0.000000,0,0,0,0.000000,0
far_hit_control,3569,0,0.000000,0.000000,0,1,0,0.000000,0
far_hit_control,3569,0,0.000000,0.000000,0,2,0,0.000000,0
far_hit_control,3569,0,0.000000,0.000000,0,3,0,0.000000,0
far_hit_control,3569,0,0.000000,0.000000,1,0,1,0.830075,1
far_hit_control,3569,0,0.000000,0.000000,1,1,1,0.830075,1
far_hit_control,3569,0,0.000000,0.000000,1,2,0,0.000000,0
far_hit_control,3569,0,0.000000,0.000000,1,3,0,0.000000,0
far_hit_control,3569,0,0.000000,0.000000,2,0,0,0.000000,0
far_hit_control,3569,0,0.000000,0.000000,2,1,0,0.000000,0
far_hit_control,3569,0,0.000000,0.000000,2,2,0,0.000000,0
far_hit_control,3569,0,0.000000,0.000000,2,3,0,0.000000,0
far_hit_control,2147,1,0.415037,1.000000,0,0,1,2.000000,0
far_hit_control,2147,1,0.415037,1.000000,0,1,1,0.500000,0
far_hit_control,2147,1,0.415037,1.000000,0,2,1,2.000000,0
far_hit_control,2147,1,0.415037,1.000000,0,3,0,0.000000,1
far_hit_control,2147,1,0.415037,1.000000,1,0,0,0.000000,1
far_hit_control,2147,1,0.415037,1.000000,1,1,1,0.415037,0
far_hit_control,2147,1,0.415037,1.000000,1,2,1,0.830075,0
far_hit_control,2147,1,0.415037,1.000000,1,3,1,0.830075,0
far_hit_control,2147,1,0.415037,1.000000,2,0,1,0.830075,0
far_hit_control,2147,1,0.415037,1.000000,2,1,1,0.415037,0
far_hit_control,2147,1,0.415037,1.000000,2,2,1,0.830075,0
far_hit_control,2147,1,0.415037,1.000000,2,3,1,0.830075,0
far_hit_control,3795,1,0.415037,1.000000,0,0,0,0.000000,1
far_hit_control,3795,1,0.415037,1.000000,0,1,1,0.415037,0
far_hit_control,3795,1,0.415037,1.000000,0,2,1,2.000000,0
far_hit_control,3795,1,0.415037,1.000000,0,3,1,2.000000,0
far_hit_control,3795,1,0.415037,1.000000,1,0,0,0.000000,1
far_hit_control,3795,1,0.415037,1.000000,1,1,0,0.000000,1
far_hit_control,3795,1,0.415037,1.000000,1,2,1,0.415037,0
far_hit_control,3795,1,0.415037,1.000000,1,3,1,0.415037,0
far_hit_control,3795,1,0.415037,1.000000,2,0,1,0.830075,0
far_hit_control,3795,1,0.415037,1.000000,2,1,1,0.830075,0
far_hit_control,3795,1,0.415037,1.000000,2,2,1,0.830075,0
far_hit_control,3795,1,0.415037,1.000000,2,3,0,0.000000,1
far_hit_control,820,0,0.000000,0.000000,0,0,1,0.415037,1
far_hit_control,820,0,0.000000,0.000000,0,1,1,0.830075,1
far_hit_control,820,0,0.000000,0.000000,0,2,1,0.415037,1
far_hit_control,820,0,0.000000,0.000000,0,3,1,0.830075,1
far_hit_control,820,0,0.000000,0.000000,1,0,0,0.000000,0
far_hit_control,820,0,0.000000,0.000000,1,1,0,0.000000,0
far_hit_control,820,0,0.000000,0.000000,1,2,1,0.830075,1
far_hit_control,820,0,0.000000,0.000000,1,3,1,0.415037,1
far_hit_control,820,0,0.000000,0.000000,2,0,0,0.000000,0
far_hit_control,820,0,0.000000,0.000000,2,1,1,0.500000,1
far_hit_control,820,0,0.000000,0.000000,2,2,0,0.000000,0
far_hit_control,820,0,0.000000,0.000000,2,3,0,0.000000,0
far_hit_control,1090,1,0.830075,1.000000,0,0,0,0.000000,1
far_hit_control,1090,1,0.830075,1.000000,0,1,1,0.415037,0
far_hit_control,1090,1,0.830075,1.000000,0,2,0,0.000000,1
far_hit_control,1090,1,0.830075,1.000000,0,3,1,0.830075,0
far_hit_control,1090,1,0.830075,1.000000,1,0,1,1.000000,0
far_hit_control,1090,1,0.830075,1.000000,1,1,1,1.000000,0
far_hit_control,1090,1,0.830075,1.000000,1,2,0,0.000000,1
far_hit_control,1090,1,0.830075,1.000000,1,3,1,0.415037,0
far_hit_control,1090,1,0.830075,1.000000,2,0,1,0.415037,0
far_hit_control,1090,1,0.830075,1.000000,2,1,0,0.000000,1
far_hit_control,1090,1,0.830075,1.000000,2,2,1,0.415037,0
far_hit_control,1090,1,0.830075,1.000000,2,3,1,0.415037,0
far_hit_control,3508,1,0.830075,1.000000,0,0,1,0.415037,0
far_hit_control,3508,1,0.830075,1.000000,0,1,0,0.000000,1
far_hit_control,3508,1,0.830075,1.000000,0,2,1,0.830075,0
far_hit_control,3508,1,0.830075,1.000000,0,3,1,0.415037,0
far_hit_control,3508,1,0.830075,1.000000,1,0,1,0.415037,0
far_hit_control,3508,1,0.830075,1.000000,1,1,1,0.830075,0
far_hit_control,3508,1,0.830075,1.000000,1,2,0,0.000000,1
far_hit_control,3508,1,0.830075,1.000000,1,3,1,0.415037,0
far_hit_control,3508,1,0.830075,1.000000,2,0,1,0.415037,0
far_hit_control,3508,1,0.830075,1.000000,2,1,1,0.415037,0
far_hit_control,3508,1,0.830075,1.000000,2,2,0,0.000000,1
far_hit_control,3508,1,0.830075,1.000000,2,3,1,0.830075,0
far_hit_control,3841,0,0.000000,0.000000,0,0,0,0.000000,0
far_hit_control,3841,0,0.000000,0.000000,0,1,0,0.000000,0
far_hit_control,3841,0,0.000000,0.000000,0,2,0,0.000000,0
far_hit_control,3841,0,0.000000,0.000000,0,3,0,0.000000,0
far_hit_control,3841,0,0.000000,0.000000,1,0,0,0.000000,0
far_hit_control,3841,0,0.000000,0.000000,1,1,0,0.000000,0
far_hit_control,3841,0,0.000000,0.000000,1,2,0,0.000000,0
far_hit_control,3841,0,0.000000,0.000000,1,3,0,0.000000,0
far_hit_control,3841,0,0.000000,0.000000,2,0,0,0.000000,0
far_hit_control,3841,0,0.000000,0.000000,2,1,0,0.000000,0
far_hit_control,3841,0,0.000000,0.000000,2,2,0,0.000000,0
far_hit_control,3841,0,0.000000,0.000000,2,3,0,0.000000,0
far_hit_control,2413,1,0.415037,1.000000,0,0,1,0.415037,0
far_hit_control,2413,1,0.415037,1.000000,0,1,1,0.830075,0
far_hit_control,2413,1,0.415037,1.000000,0,2,1,0.415037,0
far_hit_control,2413,1,0.415037,1.000000,0,3,1,0.830075,0
far_hit_control,2413,1,0.415037,1.000000,1,0,1,0.830075,0
far_hit_control,2413,1,0.415037,1.000000,1,1,1,0.830075,0
far_hit_control,2413,1,0.415037,1.000000,1,2,1,0.830075,0
far_hit_control,2413,1,0.415037,1.000000,1,3,1,0.830075,0
far_hit_control,2413,1,0.415037,1.000000,2,0,1,2.000000,0
far_hit_control,2413,1,0.415037,1.000000,2,1,0,0.000000,1
far_hit_control,2413,1,0.415037,1.000000,2,2,1,1.500000,0
far_hit_control,2413,1,0.415037,1.000000,2,3,1,2.000000,0
far_hit_control,2045,0,0.000000,0.000000,0,0,0,0.000000,0
far_hit_control,2045,0,0.000000,0.000000,0,1,0,0.000000,0
far_hit_control,2045,0,0.000000,0.000000,0,2,0,0.000000,0
far_hit_control,2045,0,0.000000,0.000000,0,3,0,0.000000,0
far_hit_control,2045,0,0.000000,0.000000,1,0,0,0.000000,0
far_hit_control,2045,0,0.000000,0.000000,1,1,1,0.830075,1
far_hit_control,2045,0,0.000000,0.000000,1,2,1,0.830075,1
far_hit_control,2045,0,0.000000,0.000000,1,3,1,0.830075,1
far_hit_control,2045,0,0.000000,0.000000,2,0,0,0.000000,0
far_hit_control,2045,0,0.000000,0.000000,2,1,0,0.000000,0
far_hit_control,2045,0,0.000000,0.000000,2,2,0,0.000000,0
far_hit_control,2045,0,0.000000,0.000000,2,3,0,0.000000,0
far_hit_control,2454,1,1.500000,0.995000,0,0,1,0.415037,0
far_hit_control,2454,1,1.500000,0.995000,0,1,1,0.415037,0
far_hit_control,2454,1,1.500000,0.995000,0,2,1,0.415037,0
far_hit_control,2454,1,1.500000,0.995000,0,3,1,0.415037,0
far_hit_control,2454,1,1.500000,0.995000,1,0,1,0.415037,0
far_hit_control,2454,1,1.500000,0.995000,1,1,1,0.415037,0
far_hit_control,2454,1,1.500000,0.995000,1,2,1,0.415037,0
far_hit_control,2454,1,1.500000,0.995000,1,3,1,0.415037,0
far_hit_control,2454,1,1.500000,0.995000,2,0,1,2.000000,0
far_hit_control,2454,1,1.500000,0.995000,2,1,1,2.000000,0
far_hit_control,2454,1,1.500000,0.995000,2,2,1,2.000000,0
far_hit_control,2454,1,1.500000,0.995000,2,3,1,2.000000,0
far_hit_control,705,1,0.830075,1.000000,0,0,0,0.000000,1
far_hit_control,705,1,0.830075,1.000000,0,1,0,0.000000,1
far_hit_control,705,1,0.830075,1.000000,0,2,1,2.000000,0
far_hit_control,705,1,0.830075,1.000000,0,3,1,2.000000,0
far_hit_control,705,1,0.830075,1.000000,1,0,1,0.830075,0
far_hit_control,705,1,0.830075,1.000000,1,1,1,0.830075,0
far_hit_control,705,1,0.830075,1.000000,1,2,0,0.000000,1
far_hit_control,705,1,0.830075,1.000000,1,3,1,0.830075,0
far_hit_control,705,1,0.830075,1.000000,2,0,0,0.000000,1
far_hit_control,705,1,0.830075,1.000000,2,1,0,0.000000,1
far_hit_control,705,1,0.830075,1.000000,2,2,1,0.415037,0
far_hit_control,705,1,0.830075,1.000000,2,3,1,0.415037,0
far_hit_control,2742,1,0.415037,1.000000,0,0,1,0.830075,0
far_hit_control,2742,1,0.415037,1.000000,0,1,1,0.830075,0
far_hit_control,2742,1,0.415037,1.000000,0,2,1,0.830075,0
far_hit_control,2742,1,0.415037,1.000000,0,3,1,0.830075,0
far_hit_control,2742,1,0.415037,1.000000,1,0,0,0.000000,1
far_hit_control,2742,1,0.415037,1.000000,1,1,1,2.000000,0
far_hit_control,2742,1,0.415037,1.000000,1,2,0,0.000000,1
far_hit_control,2742,1,0.415037,1.000000,1,3,1,2.000000,0
far_hit_control,2742,1,0.415037,1.000000,2,0,1,0.415037,0
far_hit_control,2742,1,0.415037,1.000000,2,1,0,0.000000,1
far_hit_control,2742,1,0.415037,1.000000,2,2,1,0.830075,0
far_hit_control,2742,1,0.415037,1.000000,2,3,1,0.415037,0
far_hit_control,3737,1,2.000000,1.000000,0,0,0,0.000000,1
far_hit_control,3737,1,2.000000,1.000000,0,1,1,2.000000,0
far_hit_control,3737,1,2.000000,1.000000,0,2,1,2.000000,0
far_hit_control,3737,1,2.000000,1.000000,0,3,1,1.500000,0
far_hit_control,3737,1,2.000000,1.000000,1,0,1,0.830075,0
far_hit_control,3737,1,2.000000,1.000000,1,1,1,0.830075,0
far_hit_control,3737,1,2.000000,1.000000,1,2,1,0.830075,0
far_hit_control,3737,1,2.000000,1.000000,1,3,1,0.830075,0
far_hit_control,3737,1,2.000000,1.000000,2,0,1,0.830075,0
far_hit_control,3737,1,2.000000,1.000000,2,1,1,0.830075,0
far_hit_control,3737,1,2.000000,1.000000,2,2,1,0.830075,0
far_hit_control,3737,1,2.000000,1.000000,2,3,1,0.830075,0
far_hit_control,3206,1,2.000000,1.000000,0,0,1,0.415037,0
far_hit_control,3206,1,2.000000,1.000000,0,1,1,0.830075,0
far_hit_control,3206,1,2.000000,1.000000,0,2,1,0.830075,0
far_hit_control,3206,1,2.000000,1.000000,0,3,1,0.830075,0
far_hit_control,3206,1,2.000000,1.000000,1,0,1,2.000000,0
far_hit_control,3206,1,2.000000,1.000000,1,1,1,2.000000,0
far_hit_control,3206,1,2.000000,1.000000,1,2,1,0.500000,0
far_hit_control,3206,1,2.000000,1.000000,1,3,0,0.000000,1
far_hit_control,3206,1,2.000000,1.000000,2,0,1,0.415037,0
far_hit_control,3206,1,2.000000,1.000000,2,1,1,0.830075,0
far_hit_control,3206,1,2.000000,1.000000,2,2,1,0.415037,0
far_hit_control,3206,1,2.000000,1.000000,2,3,1,0.415037,0
far_hit_control,1883,1,0.415037,1.000000,0,0,1,2.000000,0
far_hit_control,1883,1,0.415037,1.000000,0,1,0,0.000000,1
far_hit_control,1883,1,0.415037,1.000000,0,2,1,2.000000,0
far_hit_control,1883,1,0.415037,1.000000,0,3,0,0.000000,1
far_hit_control,1883,1,0.415037,1.000000,1,0,1,0.830075,0
far_hit_control,1883,1,0.415037,1.000000,1,1,1,0.830075,0
far_hit_control,1883,1,0.415037,1.000000,1,2,1,0.830075,0
far_hit_control,1883,1,0.415037,1.000000,1,3,1,0.830075,0
far_hit_control,1883,1,0.415037,1.000000,2,0,0,0.000000,1
far_hit_control,1883,1,0.415037,1.000000,2,1,1,0.415037,0
far_hit_control,1883,1,0.415037,1.000000,2,2,0,0.000000,1
far_hit_control,1883,1,0.415037,1.000000,2,3,1,0.415037,0
far_hit_control,1180,1,0.415037,1.000000,0,0,1,0.500000,0
far_hit_control,1180,1,0.415037,1.000000,0,1,1,2.000000,0
far_hit_control,1180,1,0.415037,1.000000,0,2,0,0.000000,1
far_hit_control,1180,1,0.415037,1.000000,0,3,1,2.000000,0
far_hit_control,1180,1,0.415037,1.000000,1,0,0,0.000000,1
far_hit_control,1180,1,0.415037,1.000000,1,1,1,0.415037,0
far_hit_control,1180,1,0.415037,1.000000,1,2,1,0.830075,0
far_hit_control,1180,1,0.415037,1.000000,1,3,1,0.830075,0
far_hit_control,1180,1,0.415037,1.000000,2,0,1,0.830075,0
far_hit_control,1180,1,0.415037,1.000000,2,1,1,0.830075,0
far_hit_control,1180,1,0.415037,1.000000,2,2,1,0.830075,0
far_hit_control,1180,1,0.415037,1.000000,2,3,1,0.415037,0
far_hit_control,2066,0,0.000000,0.000000,0,0,1,0.830075,1
far_hit_control,2066,0,0.000000,0.000000,0,1,1,0.830075,1
far_hit_control,2066,0,0.000000,0.000000,0,2,1,0.415037,1
far_hit_control,2066,0,0.000000,0.000000,0,3,0,0.000000,0
far_hit_control,2066,0,0.000000,0.000000,1,0,0,0.000000,0
far_hit_control,2066,0,0.000000,0.000000,1,1,1,0.830075,1
far_hit_control,2066,0,0.000000,0.000000,1,2,1,0.830075,1
far_hit_control,2066,0,0.000000,0.000000,1,3,1,0.830075,1
far_hit_control,2066,0,0.000000,0.000000,2,0,1,0.830075,1
far_hit_control,2066,0,0.000000,0.000000,2,1,0,0.000000,0
far_hit_control,2066,0,0.000000,0.000000,2,2,1,0.415037,1
far_hit_control,2066,0,0.000000,0.000000,2,3,0,0.000000,0
far_hit_control,3199,0,0.000000,0.000000,0,0,0,0.000000,0
far_hit_control,3199,0,0.000000,0.000000,0,1,0,0.000000,0
far_hit_control,3199,0,0.000000,0.000000,0,2,0,0.000000,0
far_hit_control,3199,0,0.000000,0.000000,0,3,0,0.000000,0
far_hit_control,3199,0,0.000000,0.000000,1,0,0,0.000000,0
far_hit_control,3199,0,0.000000,0.000000,1,1,0,0.000000,0
far_hit_control,3199,0,0.000000,0.000000,1,2,0,0.000000,0
far_hit_control,3199,0,0.000000,0.000000,1,3,0,0.000000,0
far_hit_control,3199,0,0.000000,0.000000,2,0,0,0.000000,0
far_hit_control,3199,0,0.000000,0.000000,2,1,1,0.415037,1
far_hit_control,3199,0,0.000000,0.000000,2,2,1,0.415037,1
far_hit_control,3199,0,0.000000,0.000000,2,3,1,0.415037,1
far_hit_control,2219,1,0.415037,1.000000,0,0,1,0.415037,0
far_hit_control,2219,1,0.415037,1.000000,0,1,0,0.000000,1
far_hit_control,2219,1,0.415037,1.000000,0,2,1,0.415037,0
far_hit_control,2219,1,0.415037,1.000000,0,3,0,0.000000,1
far_hit_control,2219,1,0.415037,1.000000,1,0,1,0.830075,0
far_hit_control,2219,1,0.415037,1.000000,1,1,1,0.830075,0
far_hit_control,2219,1,0.415037,1.000000,1,2,1,0.830075,0
far_hit_control,2219,1,0.415037,1.000000,1,3,0,0.000000,1
far_hit_control,2219,1,0.415037,1.000000,2,0,1,2.000000,0
far_hit_control,2219,1,0.415037,1.000000,2,1,1,2.000000,0
far_hit_control,2219,1,0.415037,1.000000,2,2,0,0.000000,1
far_hit_control,2219,1,0.415037,1.000000,2,3,1,0.415037,0
far_hit_control,929,1,2.000000,1.000000,0,0,1,0.415037,0
far_hit_control,929,1,2.000000,1.000000,0,1,1,0.415037,0
far_hit_control,929,1,2.000000,1.000000,0,2,1,0.830075,0
far_hit_control,929,1,2.000000,1.000000,0,3,1,1.000000,0
far_hit_control,929,1,2.000000,1.000000,1,0,1,1.000000,0
far_hit_control,929,1,2.000000,1.000000,1,1,1,0.830075,0
far_hit_control,929,1,2.000000,1.000000,1,2,0,0.000000,1
far_hit_control,929,1,2.000000,1.000000,1,3,1,0.415037,0
far_hit_control,929,1,2.000000,1.000000,2,0,0,0.000000,1
far_hit_control,929,1,2.000000,1.000000,2,1,1,2.000000,0
far_hit_control,929,1,2.000000,1.000000,2,2,0,0.000000,1
far_hit_control,929,1,2.000000,1.000000,2,3,1,2.000000,0
far_hit_control,342,1,0.415037,1.000000,0,0,0,0.000000,1
far_hit_control,342,1,0.415037,1.000000,0,1,1,2.000000,0
far_hit_control,342,1,0.415037,1.000000,0,2,0,0.000000,1
far_hit_control,342,1,0.415037,1.000000,0,3,1,2.000000,0
far_hit_control,342,1,0.415037,1.000000,1,0,1,0.830075,0
far_hit_control,342,1,0.415037,1.000000,1,1,1,0.830075,0
far_hit_control,342,1,0.415037,1.000000,1,2,1,0.830075,0
far_hit_control,342,1,0.415037,1.000000,1,3,1,0.830075,0
far_hit_control,342,1,0.415037,1.000000,2,0,1,0.830075,0
far_hit_control,342,1,0.415037,1.000000,2,1,1,0.415037,0
far_hit_control,342,1,0.415037,1.000000,2,2,1,0.415037,0
far_hit_control,342,1,0.415037,1.000000,2,3,0,0.000000,1
far_hit_control,1172,1,0.415037,1.000000,0,0,1,2.000000,0
far_hit_control,1172,1,0.415037,1.000000,0,1,1,0.415037,0
far_hit_control,1172,1,0.415037,1.000000,0,2,0,0.000000,1
far_hit_control,1172,1,0.415037,1.000000,0,3,1,2.000000,0
far_hit_control,1172,1,0.415037,1.000000,1,0,0,0.000000,1
far_hit_control,1172,1,0.415037,1.000000,1,1,1,0.830075,0
far_hit_control,1172,1,0.415037,1.000000,1,2,0,0.000000,1
far_hit_control,1172,1,0.415037,1.000000,1,3,1,0.830075,0
far_hit_control,1172,1,0.415037,1.000000,2,0,1,2.000000,0
far_hit_control,1172,1,0.415037,1.000000,2,1,1,0.415037,0
far_hit_control,1172,1,0.415037,1.000000,2,2,0,0.000000,1
far_hit_control,1172,1,0.415037,1.000000,2,3,1,0.415037,0
far_hit_control,1373,0,0.000000,0.000000,0,0,1,0.415037,1
far_hit_control,1373,0,0.000000,0.000000,0,1,1,0.415037,1
far_hit_control,1373,0,0.000000,0.000000,0,2,1,1.000000,1
far_hit_control,1373,0,0.000000,0.000000,0,3,0,0.000000,0
far_hit_control,1373,0,0.000000,0.000000,1,0,1,0.415037,1
far_hit_control,1373,0,0.000000,0.000000,1,1,1,0.415037,1
far_hit_control,1373,0,0.000000,0.000000,1,2,0,0.000000,0
far_hit_control,1373,0,0.000000,0.000000,1,3,1,1.000000,1
far_hit_control,1373,0,0.000000,0.000000,2,0,0,0.000000,0
far_hit_control,1373,0,0.000000,0.000000,2,1,0,0.000000,0
far_hit_control,1373,0,0.000000,0.000000,2,2,0,0.000000,0
far_hit_control,1373,0,0.000000,0.000000,2,3,0,0.000000,0
far_hit_control,2629,1,2.000000,1.000000,0,0,1,0.415037,0
far_hit_control,2629,1,2.000000,1.000000,0,1,1,0.415037,0
far_hit_control,2629,1,2.000000,1.000000,0,2,1,0.415037,0
far_hit_control,2629,1,2.000000,1.000000,0,3,0,0.000000,1
far_hit_control,2629,1,2.000000,1.000000,1,0,0,0.000000,1
far_hit_control,2629,1,2.000000,1.000000,1,1,1,2.000000,0
far_hit_control,2629,1,2.000000,1.000000,1,2,0,0.000000,1
far_hit_control,2629,1,2.000000,1.000000,1,3,1,2.000000,0
far_hit_control,2629,1,2.000000,1.000000,2,0,1,0.415037,0
far_hit_control,2629,1,2.000000,1.000000,2,1,1,0.415037,0
far_hit_control,2629,1,2.000000,1.000000,2,2,1,0.415037,0
far_hit_control,2629,1,2.000000,1.000000,2,3,1,0.830075,0
far_hit_control,2504,1,2.000000,1.000000,0,0,1,1.000000,0
far_hit_control,2504,1,2.000000,1.000000,0,1,1,0.830075,0
far_hit_control,2504,1,2.000000,1.000000,0,2,1,0.415037,0
far_hit_control,2504,1,2.000000,1.000000,0,3,0,0.000000,1
far_hit_control,2504,1,2.000000,1.000000,1,0,1,0.415037,0
far_hit_control,2504,1,2.000000,1.000000,1,1,1,0.830075,0
far_hit_control,2504,1,2.000000,1.000000,1,2,1,1.000000,0
far_hit_control,2504,1,2.000000,1.000000,1,3,1,0.830075,0
far_hit_control,2504,1,2.000000,1.000000,2,0,1,2.000000,0
far_hit_control,2504,1,2.000000,1.000000,2,1,1,2.000000,0
far_hit_control,2504,1,2.000000,1.000000,2,2,0,0.000000,1
far_hit_control,2504,1,2.000000,1.000000,2,3,0,0.000000,1
far_hit_control,2588,1,2.000000,1.000000,0,0,1,0.830075,0
far_hit_control,2588,1,2.000000,1.000000,0,1,1,0.415037,0
far_hit_control,2588,1,2.000000,1.000000,0,2,1,0.415037,0
far_hit_control,2588,1,2.000000,1.000000,0,3,1,0.415037,0
far_hit_control,2588,1,2.000000,1.000000,1,0,0,0.000000,1
far_hit_control,2588,1,2.000000,1.000000,1,1,0,0.000000,1
far_hit_control,2588,1,2.000000,1.000000,1,2,0,0.000000,1
far_hit_control,2588,1,2.000000,1.000000,1,3,1,0.500000,0
far_hit_control,2588,1,2.000000,1.000000,2,0,1,0.830075,0
far_hit_control,2588,1,2.000000,1.000000,2,1,1,0.415037,0
far_hit_control,2588,1,2.000000,1.000000,2,2,1,0.415037,0
far_hit_control,2588,1,2.000000,1.000000,2,3,1,0.415037,0
far_hit_control,3254,1,0.415037,1.000000,0,0,1,0.415037,0
far_hit_control,3254,1,0.415037,1.000000,0,1,1,0.830075,0
far_hit_control,3254,1,0.415037,1.000000,0,2,1,0.830075,0
far_hit_control,3254,1,0.415037,1.000000,0,3,1,0.830075,0
far_hit_control,3254,1,0.415037,1.000000,1,0,1,2.000000,0
far_hit_control,3254,1,0.415037,1.000000,1,1,1,2.000000,0
far_hit_control,3254,1,0.415037,1.000000,1,2,0,0.000000,1
far_hit_control,3254,1,0.415037,1.000000,1,3,1,0.500000,0
far_hit_control,3254,1,0.415037,1.000000,2,0,1,0.830075,0
far_hit_control,3254,1,0.415037,1.000000,2,1,1,0.415037,0
far_hit_control,3254,1,0.415037,1.000000,2,2,1,0.830075,0
far_hit_control,3254,1,0.415037,1.000000,2,3,0,0.000000,1
far_hit_control,1368,0,0.000000,0.000000,0,0,1,0.830075,1
far_hit_control,1368,0,0.000000,0.000000,0,1,0,0.000000,0
far_hit_control,1368,0,0.000000,0.000000,0,2,1,0.830075,1
far_hit_control,1368,0,0.000000,0.000000,0,3,1,0.415037,1
far_hit_control,1368,0,0.000000,0.000000,1,0,1,0.830075,1
far_hit_control,1368,0,0.000000,0.000000,1,1,0,0.000000,0
far_hit_control,1368,0,0.000000,0.000000,1,2,1,0.830075,1
far_hit_control,1368,0,0.000000,0.000000,1,3,1,0.415037,1
far_hit_control,1368,0,0.000000,0.000000,2,0,0,0.000000,0
far_hit_control,1368,0,0.000000,0.000000,2,1,0,0.000000,0
far_hit_control,1368,0,0.000000,0.000000,2,2,0,0.000000,0
far_hit_control,1368,0,0.000000,0.000000,2,3,0,0.000000,0
far_hit_control,1746,1,0.830075,1.000000,0,0,1,0.830075,0
far_hit_control,1746,1,0.830075,1.000000,0,1,1,0.830075,0
far_hit_control,1746,1,0.830075,1.000000,0,2,1,0.830075,0
far_hit_control,1746,1,0.830075,1.000000,0,3,1,0.830075,0
far_hit_control,1746,1,0.830075,1.000000,1,0,1,0.415037,0
far_hit_control,1746,1,0.830075,1.000000,1,1,0,0.000000,1
far_hit_control,1746,1,0.830075,1.000000,1,2,1,0.415037,0
far_hit_control,1746,1,0.830075,1.000000,1,3,1,2.000000,0
far_hit_control,1746,1,0.830075,1.000000,2,0,1,2.000000,0
far_hit_control,1746,1,0.830075,1.000000,2,1,0,0.000000,1
far_hit_control,1746,1,0.830075,1.000000,2,2,1,2.000000,0
far_hit_control,1746,1,0.830075,1.000000,2,3,1,0.415037,0
far_hit_control,3920,0,0.000000,0.000000,0,0,0,0.000000,0
far_hit_control,3920,0,0.000000,0.000000,0,1,0,0.000000,0
far_hit_control,3920,0,0.000000,0.000000,0,2,0,0.000000,0
far_hit_control,3920,0,0.000000,0.000000,0,3,0,0.000000,0
far_hit_control,3920,0,0.000000,0.000000,1,0,0,0.000000,0
far_hit_control,3920,0,0.000000,0.000000,1,1,0,0.000000,0
far_hit_control,3920,0,0.000000,0.000000,1,2,0,0.000000,0
far_hit_control,3920,0,0.000000,0.000000,1,3,0,0.000000,0
far_hit_control,3920,0,0.000000,0.000000,2,0,0,0.000000,0
far_hit_control,3920,0,0.000000,0.000000,2,1,0,0.000000,0
far_hit_control,3920,0,0.000000,0.000000,2,2,0,0.000000,0
far_hit_control,3920,0,0.000000,0.000000,2,3,0,0.000000,0
far_hit_control,4035,0,0.000000,0.000000,0,0,0,0.000000,0
far_hit_control,4035,0,0.000000,0.000000,0,1,0,0.000000,0
far_hit_control,4035,0,0.000000,0.000000,0,2,0,0.000000,0
far_hit_control,4035,0,0.000000,0.000000,0,3,0,0.000000,0
far_hit_control,4035,0,0.000000,0.000000,1,0,0,0.000000,0
far_hit_control,4035,0,0.000000,0.000000,1,1,0,0.000000,0
far_hit_control,4035,0,0.000000,0.000000,1,2,0,0.000000,0
far_hit_control,4035,0,0.000000,0.000000,1,3,0,0.000000,0
far_hit_control,4035,0,0.000000,0.000000,2,0,0,0.000000,0
far_hit_control,4035,0,0.000000,0.000000,2,1,0,0.000000,0
far_hit_control,4035,0,0.000000,0.000000,2,2,0,0.000000,0
far_hit_control,4035,0,0.000000,0.000000,2,3,0,0.000000,0
far_hit_control,3458,1,0.830075,1.000000,0,0,1,0.415037,0
far_hit_control,3458,1,0.830075,1.000000,0,1,0,0.000000,1
far_hit_control,3458,1,0.830075,1.000000,0,2,1,0.830075,0
far_hit_control,3458,1,0.830075,1.000000,0,3,1,0.415037,0
far_hit_control,3458,1,0.830075,1.000000,1,0,1,0.830075,0
far_hit_control,3458,1,0.830075,1.000000,1,1,1,0.830075,0
far_hit_control,3458,1,0.830075,1.000000,1,2,1,0.830075,0
far_hit_control,3458,1,0.830075,1.000000,1,3,0,0.000000,1
far_hit_control,3458,1,0.830075,1.000000,2,0,1,0.415037,0
far_hit_control,3458,1,0.830075,1.000000,2,1,0,0.000000,1
far_hit_control,3458,1,0.830075,1.000000,2,2,1,0.415037,0
far_hit_control,3458,1,0.830075,1.000000,2,3,0,0.000000,1
far_hit_control,3237,0,0.000000,0.000000,0,0,1,2.000000,1
far_hit_control,3237,0,0.000000,0.000000,0,1,0,0.000000,0
far_hit_control,3237,0,0.000000,0.000000,0,2,0,0.000000,0
far_hit_control,3237,0,0.000000,0.000000,0,3,1,2.000000,1
far_hit_control,3237,0,0.000000,0.000000,1,0,0,0.000000,0
far_hit_control,3237,0,0.000000,0.000000,1,1,0,0.000000,0
far_hit_control,3237,0,0.000000,0.000000,1,2,0,0.000000,0
far_hit_control,3237,0,0.000000,0.000000,1,3,0,0.000000,0
far_hit_control,3237,0,0.000000,0.000000,2,0,1,0.415037,1
far_hit_control,3237,0,0.000000,0.000000,2,1,1,2.000000,1
far_hit_control,3237,0,0.000000,0.000000,2,2,1,2.000000,1
far_hit_control,3237,0,0.000000,0.000000,2,3,1,0.415037,1
far_hit_control,1081,1,2.000000,1.000000,0,0,1,2.000000,0
far_hit_control,1081,1,2.000000,1.000000,0,1,1,2.000000,0
far_hit_control,1081,1,2.000000,1.000000,0,2,0,0.000000,1
far_hit_control,1081,1,2.000000,1.000000,0,3,1,0.500000,0
far_hit_control,1081,1,2.000000,1.000000,1,0,1,0.415037,0
far_hit_control,1081,1,2.000000,1.000000,1,1,1,0.830075,0
far_hit_control,1081,1,2.000000,1.000000,1,2,1,0.830075,0
far_hit_control,1081,1,2.000000,1.000000,1,3,1,0.830075,0
far_hit_control,1081,1,2.000000,1.000000,2,0,1,0.830075,0
far_hit_control,1081,1,2.000000,1.000000,2,1,1,0.415037,0
far_hit_control,1081,1,2.000000,1.000000,2,2,1,0.415037,0
far_hit_control,1081,1,2.000000,1.000000,2,3,1,0.415037,0
far_hit_control,449,1,0.415037,1.000000,0,0,0,0.000000,1
far_hit_control,449,1,0.415037,1.000000,0,1,0,0.000000,1
far_hit_control,449,1,0.415037,1.000000,0,2,1,0.415037,0
far_hit_control,449,1,0.415037,1.000000,0,3,1,0.415037,0
far_hit_control,449,1,0.415037,1.000000,1,0,1,0.830075,0
far_hit_control,449,1,0.415037,1.000000,1,1,1,0.830075,0
far_hit_control,449,1,0.415037,1.000000,1,2,1,0.830075,0
far_hit_control,449,1,0.415037,1.000000,1,3,1,0.830075,0
far_hit_control,449,1,0.415037,1.000000,2,0,0,0.000000,1
far_hit_control,449,1,0.415037,1.000000,2,1,0,0.000000,1
far_hit_control,449,1,0.415037,1.000000,2,2,1,2.000000,0
far_hit_control,449,1,0.415037,1.000000,2,3,1,2.000000,0
far_hit_control,3879,0,0.000000,0.000000,0,0,1,0.830075,1
far_hit_control,3879,0,0.000000,0.000000,0,1,1,0.830075,1
far_hit_control,3879,0,0.000000,0.000000,0,2,1,0.830075,1
far_hit_control,3879,0,0.000000,0.000000,0,3,1,0.830075,1
far_hit_control,3879,0,0.000000,0.000000,1,0,0,0.000000,0
far_hit_control,3879,0,0.000000,0.000000,1,1,0,0.000000,0
far_hit_control,3879,0,0.000000,0.000000,1,2,0,0.000000,0
far_hit_control,3879,0,0.000000,0.000000,1,3,0,0.000000,0
far_hit_control,3879,0,0.000000,0.000000,2,0,0,0.000000,0
far_hit_control,3879,0,0.000000,0.000000,2,1,0,0.000000,0
far_hit_control,3879,0,0.000000,0.000000,2,2,0,0.000000,0
far_hit_control,3879,0,0.000000,0.000000,2,3,0,0.000000,0
far_hit_control,3965,0,0.000000,0.000000,0,0,1,0.830075,1
far_hit_control,3965,0,0.000000,0.000000,0,1,1,0.830075,1
far_hit_control,3965,0,0.000000,0.000000,0,2,1,0.830075,1
far_hit_control,3965,0,0.000000,0.000000,0,3,1,0.830075,1
far_hit_control,3965,0,0.000000,0.000000,1,0,0,0.000000,0
far_hit_control,3965,0,0.000000,0.000000,1,1,0,0.000000,0
far_hit_control,3965,0,0.000000,0.000000,1,2,0,0.000000,0
far_hit_control,3965,0,0.000000,0.000000,1,3,0,0.000000,0
far_hit_control,3965,0,0.000000,0.000000,2,0,0,0.000000,0
far_hit_control,3965,0,0.000000,0.000000,2,1,0,0.000000,0
far_hit_control,3965,0,0.000000,0.000000,2,2,0,0.000000,0
far_hit_control,3965,0,0.000000,0.000000,2,3,0,0.000000,0
far_hit_control,2094,0,0.000000,0.000000,0,0,1,0.415037,1
far_hit_control,2094,0,0.000000,0.000000,0,1,0,0.000000,0
far_hit_control,2094,0,0.000000,0.000000,0,2,1,0.830075,1
far_hit_control,2094,0,0.000000,0.000000,0,3,0,0.000000,0
far_hit_control,2094,0,0.000000,0.000000,1,0,1,0.830075,1
far_hit_control,2094,0,0.000000,0.000000,1,1,0,0.000000,0
far_hit_control,2094,0,0.000000,0.000000,1,2,1,0.830075,1
far_hit_control,2094,0,0.000000,0.000000,1,3,1,0.415037,1
far_hit_control,2094,0,0.000000,0.000000,2,0,0,0.000000,0
far_hit_control,2094,0,0.000000,0.000000,2,1,1,0.830075,1
far_hit_control,2094,0,0.000000,0.000000,2,2,1,0.830075,1
far_hit_control,2094,0,0.000000,0.000000,2,3,1,0.830075,1
far_hit_control,1203,1,0.415037,1.000000,0,0,0,0.000000,1
far_hit_control,1203,1,0.415037,1.000000,0,1,1,0.415037,0
far_hit_control,1203,1,0.415037,1.000000,0,2,0,0.000000,1
far_hit_control,1203,1,0.415037,1.000000,0,3,1,0.415037,0
far_hit_control,1203,1,0.415037,1.000000,1,0,1,2.000000,0
far_hit_control,1203,1,0.415037,1.000000,1,1,1,2.000000,0
far_hit_control,1203,1,0.415037,1.000000,1,2,0,0.000000,1
far_hit_control,1203,1,0.415037,1.000000,1,3,0,0.000000,1
far_hit_control,1203,1,0.415037,1.000000,2,0,1,0.830075,0
far_hit_control,1203,1,0.415037,1.000000,2,1,1,0.830075,0
far_hit_control,1203,1,0.415037,1.000000,2,2,1,0.830075,0
far_hit_control,1203,1,0.415037,1.000000,2,3,1,0.830075,0
far_hit_control,663,1,0.830075,1.000000,0,0,1,0.415037,0
far_hit_control,663,1,0.830075,1.000000,0,1,0,0.000000,1
far_hit_control,663,1,0.830075,1.000000,0,2,1,0.415037,0
far_hit_control,663,1,0.830075,1.000000,0,3,1,2.000000,0
far_hit_control,663,1,0.830075,1.000000,1,0,1,0.830075,0
far_hit_control,663,1,0.830075,1.000000,1,1,1,0.830075,0
far_hit_control,663,1,0.830075,1.000000,1,2,1,0.830075,0
far_hit_control,663,1,0.830075,1.000000,1,3,1,0.830075,0
far_hit_control,663,1,0.830075,1.000000,2,0,1,0.415037,0
far_hit_control,663,1,0.830075,1.000000,2,1,1,0.415037,0
far_hit_control,663,1,0.830075,1.000000,2,2,1,2.000000,0
far_hit_control,663,1,0.830075,1.000000,2,3,0,0.000000,1
far_hit_control,129,0,0.000000,0.000000,0,0,1,0.830075,1
far_hit_control,129,0,0.000000,0.000000,0,1,0,0.000000,0
far_hit_control,129,0,0.000000,0.000000,0,2,1,0.830075,1
far_hit_control,129,0,0.000000,0.000000,0,3,0,0.000000,0
far_hit_control,129,0,0.000000,0.000000,1,0,0,0.000000,0
far_hit_control,129,0,0.000000,0.000000,1,1,0,0.000000,0
far_hit_control,129,0,0.000000,0.000000,1,2,0,0.000000,0
far_hit_control,129,0,0.000000,0.000000,1,3,0,0.000000,0
far_hit_control,129,0,0.000000,0.000000,2,0,0,0.000000,0
far_hit_control,129,0,0.000000,0.000000,2,1,0,0.000000,0
far_hit_control,129,0,0.000000,0.000000,2,2,0,0.000000,0
far_hit_control,129,0,0.000000,0.000000,2,3,0,0.000000,0
far_hit_control,2143,0,0.000000,0.000000,0,0,0,0.000000,0
far_hit_control,2143,0,0.000000,0.000000,0,1,0,0.000000,0
far_hit_control,2143,0,0.000000,0.000000,0,2,0,0.000000,0
far_hit_control,2143,0,0.000000,0.000000,0,3,0,0.000000,0
far_hit_control,2143,0,0.000000,0.000000,1,0,0,0.000000,0
far_hit_control,2143,0,0.000000,0.000000,1,1,0,0.000000,0
far_hit_control,2143,0,0.000000,0.000000,1,2,0,0.000000,0
far_hit_control,2143,0,0.000000,0.000000,1,3,0,0.000000,0
far_hit_control,2143,0,0.000000,0.000000,2,0,1,0.830075,1
far_hit_control,2143,0,0.000000,0.000000,2,1,1,0.415037,1
far_hit_control,2143,0,0.000000,0.000000,2,2,1,0.415037,1
far_hit_control,2143,0,0.000000,0.000000,2,3,1,0.415037,1
far_hit_control,241,0,0.000000,0.000000,0,0,0,0.000000,0
far_hit_control,241,0,0.000000,0.000000,0,1,0,0.000000,0
far_hit_control,241,0,0.000000,0.000000,0,2,0,0.000000,0
far_hit_control,241,0,0.000000,0.000000,0,3,0,0.000000,0
far_hit_control,241,0,0.000000,0.000000,1,0,0,0.000000,0
far_hit_control,241,0,0.000000,0.000000,1,1,0,0.000000,0
far_hit_control,241,0,0.000000,0.000000,1,2,0,0.000000,0
far_hit_control,241,0,0.000000,0.000000,1,3,0,0.000000,0
far_hit_control,241,0,0.000000,0.000000,2,0,0,0.000000,0
far_hit_control,241,0,0.000000,0.000000,2,1,0,0.000000,0
far_hit_control,241,0,0.000000,0.000000,2,2,0,0.000000,0
far_hit_control,241,0,0.000000,0.000000,2,3,0,0.000000,0
far_hit_control,655,0,0.000000,0.000000,0,0,0,0.000000,0
far_hit_control,655,0,0.000000,0.000000,0,1,0,0.000000,0
far_hit_control,655,0,0.000000,0.000000,0,2,0,0.000000,0
far_hit_control,655,0,0.000000,0.000000,0,3,0,0.000000,0
far_hit_control,655,0,0.000000,0.000000,1,0,0,0.000000,0
far_hit_control,655,0,0.000000,0.000000,1,1,0,0.000000,0
far_hit_control,655,0,0.000000,0.000000,1,2,0,0.000000,0
far_hit_control,655,0,0.000000,0.000000,1,3,0,0.000000,0
far_hit_control,655,0,0.000000,0.000000,2,0,0,0.000000,0
far_hit_control,655,0,0.000000,0.000000,2,1,0,0.000000,0
far_hit_control,655,0,0.000000,0.000000,2,2,0,0.000000,0
far_hit_control,655,0,0.000000,0.000000,2,3,1,0.830075,1
far_hit_control,3686,1,2.000000,1.000000,0,0,0,0.000000,1
far_hit_control,3686,1,2.000000,1.000000,0,1,1,2.000000,0
far_hit_control,3686,1,2.000000,1.000000,0,2,1,2.000000,0
far_hit_control,3686,1,2.000000,1.000000,0,3,1,1.500000,0
far_hit_control,3686,1,2.000000,1.000000,1,0,1,0.415037,0
far_hit_control,3686,1,2.000000,1.000000,1,1,1,0.415037,0
far_hit_control,3686,1,2.000000,1.000000,1,2,1,0.415037,0
far_hit_control,3686,1,2.000000,1.000000,1,3,1,1.000000,0
far_hit_control,3686,1,2.000000,1.000000,2,0,1,0.415037,0
far_hit_control,3686,1,2.000000,1.000000,2,1,1,0.415037,0
far_hit_control,3686,1,2.000000,1.000000,2,2,1,0.415037,0
far_hit_control,3686,1,2.000000,1.000000,2,3,1,1.000000,0
far_hit_control,413,1,1.000000,1.000000,0,0,0,0.000000,1
far_hit_control,413,1,1.000000,1.000000,0,1,1,2.000000,0
far_hit_control,413,1,1.000000,1.000000,0,2,1,2.000000,0
far_hit_control,413,1,1.000000,1.000000,0,3,1,2.000000,0
far_hit_control,413,1,1.000000,1.000000,1,0,1,0.830075,0
far_hit_control,413,1,1.000000,1.000000,1,1,0,0.000000,1
far_hit_control,413,1,1.000000,1.000000,1,2,1,6.000000,0
far_hit_control,413,1,1.000000,1.000000,1,3,1,0.830075,0
far_hit_control,413,1,1.000000,1.000000,2,0,1,2.000000,0
far_hit_control,413,1,1.000000,1.000000,2,1,0,0.000000,1
far_hit_control,413,1,1.000000,1.000000,2,2,1,2.000000,0
far_hit_control,413,1,1.000000,1.000000,2,3,1,2.000000,0
far_hit_control,3977,0,0.000000,0.000000,0,0,1,0.830075,1
far_hit_control,3977,0,0.000000,0.000000,0,1,1,0.415037,1
far_hit_control,3977,0,0.000000,0.000000,0,2,1,0.415037,1
far_hit_control,3977,0,0.000000,0.000000,0,3,1,0.830075,1
far_hit_control,3977,0,0.000000,0.000000,1,0,0,0.000000,0
far_hit_control,3977,0,0.000000,0.000000,1,1,0,0.000000,0
far_hit_control,3977,0,0.000000,0.000000,1,2,0,0.000000,0
far_hit_control,3977,0,0.000000,0.000000,1,3,0,0.000000,0
far_hit_control,3977,0,0.000000,0.000000,2,0,0,0.000000,0
far_hit_control,3977,0,0.000000,0.000000,2,1,0,0.000000,0
far_hit_control,3977,0,0.000000,0.000000,2,2,0,0.000000,0
far_hit_control,3977,0,0.000000,0.000000,2,3,0,0.000000,0
far_hit_control,3292,1,0.415037,1.000000,0,0,1,0.415037,0
far_hit_control,3292,1,0.415037,1.000000,0,1,1,0.415037,0
far_hit_control,3292,1,0.415037,1.000000,0,2,0,0.000000,1
far_hit_control,3292,1,0.415037,1.000000,0,3,1,0.830075,0
far_hit_control,3292,1,0.415037,1.000000,1,0,0,0.000000,1
far_hit_control,3292,1,0.415037,1.000000,1,1,0,0.000000,1
far_hit_control,3292,1,0.415037,1.000000,1,2,1,2.000000,0
far_hit_control,3292,1,0.415037,1.000000,1,3,1,2.000000,0
far_hit_control,3292,1,0.415037,1.000000,2,0,1,0.415037,0
far_hit_control,3292,1,0.415037,1.000000,2,1,1,0.830075,0
far_hit_control,3292,1,0.415037,1.000000,2,2,1,0.415037,0
far_hit_control,3292,1,0.415037,1.000000,2,3,1,0.830075,0
far_hit_control,3628,1,0.415037,1.000000,0,0,0,0.000000,1
far_hit_control,3628,1,0.415037,1.000000,0,1,1,0.415037,0
far_hit_control,3628,1,0.415037,1.000000,0,2,0,0.000000,1
far_hit_control,3628,1,0.415037,1.000000,0,3,1,0.415037,0
far_hit_control,3628,1,0.415037,1.000000,1,0,0,0.000000,1
far_hit_control,3628,1,0.415037,1.000000,1,1,0,0.000000,1
far_hit_control,3628,1,0.415037,1.000000,1,2,1,2.000000,0
far_hit_control,3628,1,0.415037,1.000000,1,3,1,2.000000,0
far_hit_control,3628,1,0.415037,1.000000,2,0,1,0.830075,0
far_hit_control,3628,1,0.415037,1.000000,2,1,1,0.830075,0
far_hit_control,3628,1,0.415037,1.000000,2,2,1,0.830075,0
far_hit_control,3628,1,0.415037,1.000000,2,3,1,0.830075,0
far_hit_control,2664,1,2.000000,1.000000,0,0,1,0.415037,0
far_hit_control,2664,1,2.000000,1.000000,0,1,1,0.830075,0
far_hit_control,2664,1,2.000000,1.000000,0,2,1,0.830075,0
far_hit_control,2664,1,2.000000,1.000000,0,3,1,0.830075,0
far_hit_control,2664,1,2.000000,1.000000,1,0,1,0.415037,0
far_hit_control,2664,1,2.000000,1.000000,1,1,1,0.830075,0
far_hit_control,2664,1,2.000000,1.000000,1,2,1,0.415037,0
far_hit_control,2664,1,2.000000,1.000000,1,3,1,0.415037,0
far_hit_control,2664,1,2.000000,1.000000,2,0,1,2.000000,0
far_hit_control,2664,1,2.000000,1.000000,2,1,1,2.000000,0
far_hit_control,2664,1,2.000000,1.000000,2,2,1,0.500000,0
far_hit_control,2664,1,2.000000,1.000000,2,3,0,0.000000,1
far_hit_control,201,0,0.000000,0.000000,0,0,1,2.000000,1
far_hit_control,201,0,0.000000,0.000000,0,1,1,0.415037,1
far_hit_control,201,0,0.000000,0.000000,0,2,1,0.415037,1
far_hit_control,201,0,0.000000,0.000000,0,3,1,2.000000,1
far_hit_control,201,0,0.000000,0.000000,1,0,0,0.000000,0
far_hit_control,201,0,0.000000,0.000000,1,1,0,0.000000,0
far_hit_control,201,0,0.000000,0.000000,1,2,0,0.000000,0
far_hit_control,201,0,0.000000,0.000000,1,3,0,0.000000,0
far_hit_control,201,0,0.000000,0.000000,2,0,0,0.000000,0
far_hit_control,201,0,0.000000,0.000000,2,1,0,0.000000,0
far_hit_control,201,0,0.000000,0.000000,2,2,0,0.000000,0
far_hit_control,201,0,0.000000,0.000000,2,3,0,0.000000,0
far_hit_control,1740,0,0.000000,0.000000,0,0,0,0.000000,0
far_hit_control,1740,0,0.000000,0.000000,0,1,0,0.000000,0
far_hit_control,1740,0,0.000000,0.000000,0,2,0,0.000000,0
far_hit_control,1740,0,0.000000,0.000000,0,3,0,0.000000,0
far_hit_control,1740,0,0.000000,0.000000,1,0,1,0.415037,1
far_hit_control,1740,0,0.000000,0.000000,1,1,1,2.000000,1
far_hit_control,1740,0,0.000000,0.000000,1,2,1,0.415037,1
far_hit_control,1740,0,0.000000,0.000000,1,3,1,2.000000,1
far_hit_control,1740,0,0.000000,0.000000,2,0,1,0.415037,1
far_hit_control,1740,0,0.000000,0.000000,2,1,1,2.000000,1
far_hit_control,1740,0,0.000000,0.000000,2,2,1,0.415037,1
far_hit_control,1740,0,0.000000,0.000000,2,3,1,2.000000,1
far_hit_control,2793,1,0.415037,1.000000,0,0,1,0.830075,0
far_hit_control,2793,1,0.415037,1.000000,0,1,1,0.830075,0
far_hit_control,2793,1,0.415037,1.000000,0,2,1,0.830075,0
far_hit_control,2793,1,0.415037,1.000000,0,3,1,0.830075,0
far_hit_control,2793,1,0.415037,1.000000,1,0,0,0.000000,1
far_hit_control,2793,1,0.415037,1.000000,1,1,1,2.000000,0
far_hit_control,2793,1,0.415037,1.000000,1,2,0,0.000000,1
far_hit_control,2793,1,0.415037,1.000000,1,3,1,2.000000,0
far_hit_control,2793,1,0.415037,1.000000,2,0,1,0.415037,0
far_hit_control,2793,1,0.415037,1.000000,2,1,0,0.000000,1
far_hit_control,2793,1,0.415037,1.000000,2,2,1,0.830075,0
far_hit_control,2793,1,0.415037,1.000000,2,3,1,0.415037,0
far_hit_control,182,0,0.000000,0.000000,0,0,1,0.415037,1
far_hit_control,182,0,0.000000,0.000000,0,1,1,0.830075,1
far_hit_control,182,0,0.000000,0.000000,0,2,1,0.830075,1
far_hit_control,182,0,0.000000,0.000000,0,3,1,0.830075,1
far_hit_control,182,0,0.000000,0.000000,1,0,0,0.000000,0
far_hit_control,182,0,0.000000,0.000000,1,1,0,0.000000,0
far_hit_control,182,0,0.000000,0.000000,1,2,0,0.000000,0
far_hit_control,182,0,0.000000,0.000000,1,3,0,0.000000,0
far_hit_control,182,0,0.000000,0.000000,2,0,0,0.000000,0
far_hit_control,182,0,0.000000,0.000000,2,1,0,0.000000,0
far_hit_control,182,0,0.000000,0.000000,2,2,0,0.000000,0
far_hit_control,182,0,0.000000,0.000000,2,3,0,0.000000,0
