measure,spearman,pearson,auc
phi_r_ccs,0.12442166315235792,0.3536262667824375,0.5598358945831305
phi_wms_min,0.19938516815652557,0.29035056406749427,0.6376816633057506
