P1_TT_d,P1_TT_n,P2_TT_d,P2_TT_n
0.22702423,0.26757616,0.006,0.0
0.47086091,0.2343331,0.0083666003,0.0067082039
0.14652304,0.16225289,0.0067082039,0.006
0.4047283,0.023194827,0.0090553851,0.010392305
0.071874891,0.043416587,0.0073484692,0.0067082039
0.10543719,0.068709534,0.0051961524,0.0073484692
0.027166155,0.20626439,0.0067082039,0.012727922
0.037589892,0.20748253,0.0,0.0
0.018248288,0.03720215,0.003,0.0067082039
0.044519659,0.19576772,0.006,0.0
0.24362882,0.13751364,0.0051961524,0.0
0.44922377,0.10776363,0.003,0.0067082039
0.72642205,0.087749644,0.0042426407,0.009
0.20824505,0.1675858,0.0042426407,0.0084852814
0.34516373,0.38931992,0.0042426407,0.006
0.085023526,0.24664752,0.0067082039,0.010392305
0.24975188,0.11907141,0.0042426407,0.0067082039
0.053563047,0.40100125,0.0051961524,0.006
0.18319389,0.18577944,0.0042426407,0.009
0.11271646,0.080529498,0.0065574385,0.0067082039
0.109252,0.36890243,0.0058309519,0.009
0.16428634,0.53279358,0.0067082039,0.003
0.1938195,0.35821083,0.003,0.0067082039
0.15305228,0.10176443,0.03906405,0.0067082039
0.13411935,0.30974344,0.039522146,0.011224972
0.16623477,0.12675962,0.0073484692,0.0067082039
0.081498466,0.13848827,0.015297059,0.0067082039
0.20913393,0.31133423,0.0067082039,0.0
0.22885367,0.27227192,0.012369317,0.003
0.14021769,0.40079546,0.015297059,0.003
0.1651242,0.51801737,0.009486833,0.003
0.095399161,0.52958946,0.0,0.0042426407
0.13391789,0.12603571,0.0042426407,0.0042426407
0.15811705,0.71257421,0.0067082039,0.012727922
0.22673773,0.63648566,0.009,0.006
0.34400581,0.16138773,0.012884099,0.014696938
0.026019224,0.471698,0.0078102497,0.013076697
0.20806009,0.2012809,0.0042426407,0.018493242
0.17704802,0.4981295,0.0042426407,0.0067082039
0.2476873,0.36865295,0.006,0.018493242
0.78889099,0.52077346,0.003,0.011224972
0.63991953,0.33838144,0.0073484692,0.0099498744
0.50108881,0.21805962,0.009486833,0.010392305
0.6282006,0.49615018,0.0042426407,0.010392305
0.68858405,0.6516318,0.011224972,0.003
0.15602564,0.26666271,0.009486833,0.003
0.029681644,0.14162274,0.0073484692,0.012727922
0.045055521,0.20181675,0.009,0.009
0.050576674,0.14270599,0.003,0.032449961
0.051419841,0.23153617,0.0042426407,0.013747727
0.014142136,0.11663619,0.0067082039,0.012727922
0.0051961524,0.33802219,0.0051961524,0.003
0.025238859,0.51280698,0.003,0.0051961524
0.013341664,0.16737085,0.0042426407,0.0067082039
0.021213203,0.19084025,0.006,0.011224972
0.018493242,0.49008265,0.0042426407,0.014696938
0.026570661,0.38685656,0.0,0.0067082039
0.02293469,1.0842085,0.003,0.013747727
0.0073484692,0.75154574,0.0042426407,0.0067082039
0.04240283,0.18326211,0.0067082039,0.003
0.26163524,0.41359884,0.0042426407,0.003
0.24842705,0.52800189,0.0067082039,0.009
0.89799388,0.37238421,0.0073484692,0.010816654
0.64784798,0.10672394,0.009486833,0.0042426407
0.14973644,0.07675285,0.003,0.0042426407
0.091547802,0.027622455,0.0051961524,0.009
0.14242893,0.035468296,0.006,0.003
0.32951328,0.036235342,0.006,0.011224972
0.2037523,0.028930952,0.003,0.010816654
0.086313383,0.02879236,0.009486833,0.0042426407
0.071805292,0.054009258,0.018920888,0.009486833
0.32759273,0.019313208,0.027586228,0.003
0.33142571,0.0087177979,0.025,0.003
0.19564253,0.031016125,0.021931712,0.0042426407
0.20509998,0.014317821,0.032,0.0042426407
0.077601546,0.020469489,0.032,0.006
0.11496521,0.011401754,0.0083666003,0.0084852814
0.077601546,0.0084852814,0.014696938,0.0042426407
0.17909216,0.011224972,0.016155494,0.0099498744
0.13085106,0.056356011,0.034842503,0.0042426407
0.047801674,0.026832816,0.054460995,0.006
0.13507405,0.043863424,0.028106939,0.009
0.1676216,0.013076697,0.039862263,0.009
0.70133373,0.021,0.03021589,0.0
0.19154634,0.010816654,0.013076697,0.010816654
0.089693924,0.024083189,0.0067082039,0.0073484692
0.11800847,0.022135944,0.0067082039,0.006
0.079012657,0.003,0.026324893,0.011224972
0.15666844,0.029206164,0.006,0.0042426407
0.10389418,0.071372264,0.013747727,0.003
0.18181584,0.047169906,0.014525839,0.0067082039
0.13307892,0.003,0.017349352,0.009486833
0.11086027,0.030364453,0.017349352,0.0042426407
0.3368234,0.041400483,0.009,0.0073484692
0.23915894,0.079328431,0.0078102497,0.006
0.1774993,0.045177428,0.020736441,0.0067082039
0.11398684,0.082831154,0.030561414,0.0042426407
0.03471311,0.035805028,0.015588457,0.0051961524
0.17773295,0.036891733,0.016155494,0.033196385
0.18031916,0.022737634,0.087166507,0.032449961
0.22162355,0.010440307,0.053347915,0.016911535
0.21475568,0.021656408,0.069238717,0.012369317
0.30356713,0.019209373,0.023,0.0067082039
0.86446168,0.029529646,0.0073484692,0.003
0.93607799,0.030166206,0.012529964,0.0073484692
0.33268003,0.014,0.003,0.0042426407
0.32906686,0.016673332,0.0042426407,0.003
0.35969153,0.019849433,0.006,0.0067082039
0.1386903,0.028071338,0.0051961524,0.0084852814
0.31276349,0.020099751,0.0084852814,0.0073484692
0.31843524,0.003,0.0042426407,0.0067082039
0.13420134,0.012,0.0067082039,0.0042426407
0.1784993,0.012727922,0.009,0.003
0.11032226,0.003,0.005,0.0067082039
0.15135719,0.0084852814,0.01421267,0.003
0.25330811,0.006,0.0084852814,0.0067082039
0.22499111,0.010816654,0.0067082039,0.003
0.31423558,0.009,0.006,0.0
0.320601,0.0042426407,0.0067082039,0.0
0.14192251,0.0036055513,0.0042426407,0.003
0.2468218,0.0065574385,0.0099498744,0.0067082039
0.13241224,0.011224972,0.012727922,0.0042426407
0.11266321,0.0083666003,0.0051961524,0.0067082039
0.016643317,0.0042426407,0.0083666003,0.009486833
0.049769469,0.0036055513,0.010723805,0.0073484692
0.17066048,0.0042426407,0.0067082039,0.0042426407
0.06306346,0.0067082039,0.11605602,0.0067082039
0.33019085,0.0042426407,0.084717177,0.0067082039
0.082613558,0.011789826,0.07542546,0.0067082039
0.1899263,0.017,0.1005485,0.003
0.12831212,0.020518285,0.041255303,0.009
0.18479177,0.015,0.073498299,0.0099498744
0.035355339,0.022869193,0.04596738,0.009486833
0.13851354,0.016431677,0.076694198,0.006
0.18923795,0.01029563,0.034612137,0.0067082039
0.30492458,0.006,0.16526948,0.0042426407
0.40765672,0.010723805,0.22590927,0.0073484692
0.40242888,0.009,0.33135479,0.0
0.36315424,0.011401754,0.16034026,0.0
0.23598729,0.011,0.23259622,0.006
0.15611854,0.0042426407,0.20964971,0.009486833
0.069555733,0.012369317,0.32786888,0.0099498744
0.049819675,0.0099498744,0.16215425,0.0067082039
0.092190021,0.0067082039,0.12151132,0.0051961524
0.45440621,0.0051961524,0.095859272,0.0042426407
0.17100292,0.0067082039,0.058881236,0.0067082039
0.24701012,0.003,0.172676,0.009
0.18980253,0.0073484692,0.14308739,0.023194827
1.1025575,0.0067082039,0.065007692,0.027294688
0.35695798,0.011224972,0.069949982,0.021213203
0.45734451,0.01421267,0.048414874,0.0099498744
0.43037077,0.013453624,0.060299254,0.016155494
0.48625096,0.003,0.053619026,0.0099498744
0.68835892,0.014525839,0.080554329,0.019209373
0.36175821,0.015524175,0.3361339,0.031575307
0.17633491,0.012529964,0.12751471,0.023452079
0.25393306,0.0083666003,0.16898225,0.016155494
0.22643984,0.0083666003,0.169,0.014071247
0.16237611,0.0067082039,0.12817566,0.025099801
0.34484344,0.010440307,0.38074401,0.012727922
0.28980683,0.012369317,0.06601515,0.019442222
0.14089003,0.011224972,0.45274717,0.011224972
0.15689806,0.009486833,0.74957788,0.010816654
0.13825339,0.0042426407,0.4984837,0.017748239
0.12478381,0.0051961524,0.44592937,0.013747727
0.077633756,0.0073484692,0.48410226,0.009486833
0.11308846,0.0073484692,0.94593657,0.015297059
0.22251292,0.0073484692,0.33209637,0.027166155
0.157,0.0067082039,0.41489276,0.017748239
0.11597414,0.013453624,0.26082561,0.018493242
0.19076949,0.010440307,0.081859636,0.0073484692
0.29664962,0.0042426407,0.033778692,0.012727922
0.17856091,0.0090553851,0.06932532,0.040755368
0.39094885,0.010816654,0.074135012,0.037696154
0.28626212,0.01029563,0.16962016,0.012369317
0.46676868,0.0067082039,0.24492856,0.068212902
0.33146493,0.0099498744,0.094963151,0.0698212
1.0700159,0.010723805,0.13747,0.009
0.17134176,0.008,0.10824047,0.016155494
0.73911636,0.010440307,0.17773295,0.020124612
0.53218136,0.009486833,0.41508312,0.0067082039
1.5495325,0.01473092,0.7321407,0.014071247
1.4544016,0.009486833,0.29035323,0.006
0.17160711,0.006,0.19079308,0.0067082039
0.076478755,0.0067082039,1.1915926,0.0099498744
0.051224994,0.0073484692,0.49205081,0.0
0.083821238,0.0042426407,0.15873878,0.0042426407
0.018681542,0.009486833,0.14591093,0.0067082039
0.033555923,0.009486833,0.099764723,0.009486833
0.059228372,0.011224972,0.10469957,0.018973666
0.10129166,0.016155494,0.080286985,0.0067082039
0.060770058,0.005,0.14347474,0.006
0.11315034,0.014317821,0.12581733,0.0
0.047759816,0.024919872,0.14310136,0.041545156
0.015,0.003,0.044068129,0.038470768
0.037336309,0.01835756,0.1550516,0.003
0.034799425,0.011401754,0.13601838,0.0099498744
0.030166206,0.0073484692,0.26947542,0.018493242
0.042906876,0.011224972,0.14399306,0.017233688
0.031032241,0.009,0.37459578,0.0067082039
0.021931712,0.010816654,0.32341459,0.003
0.016822604,0.006,0.36637958,0.0099498744
0.012884099,0.0042426407,0.91155746,0.016970563
0.0,0.009486833,0.6406645,0.021213203
0.014317821,0.014525839,0.083282651,0.005
0.027676705,0.011916375,0.097780366,0.018681542
0.040360872,0.010816654,0.17103216,0.013747727
0.050566788,0.0042426407,1.015424,0.01954482
0.036469165,0.003,0.63072102,0.006
0.072346389,0.006,0.14972308,0.0058309519
0.067475922,0.003,0.1253156,0.0085440037
0.02974895,0.0042426407,0.23656077,0.012727922
0.047106263,0.003,0.43060074,0.016155494
0.14559533,0.009486833,1.1059376,0.026570661
0.059715995,0.0073484692,0.24439722,0.055767374
0.067609171,0.0067082039,0.15069506,0.026495283
0.026324893,0.0042426407,0.13100763,0.03391165
0.04482187,0.0051961524,0.13061393,0.009
0.042047592,0.009,0.20114174,0.009
0.072346389,0.003,1.2576045,0.0042426407
0.033600595,0.003,0.043370497,0.013747727
0.010816654,0.0067082039,0.14751949,0.003
0.007,0.006,0.087686943,0.0042426407
0.023579652,0.0042426407,0.16978516,0.0042426407
0.056973678,0.0067082039,0.28711148,0.0042426407
0.027202941,0.003,0.29491355,0.0
0.021213203,0.0099498744,0.12688578,0.0067082039
0.056071383,0.012727922,0.13803623,0.0051961524
0.054744863,0.009486833,0.19186975,0.036249138
0.020808652,0.0042426407,0.12761661,0.0084852814
0.012369317,0.009486833,0.09721111,0.010392305
0.020736441,0.0067082039,0.177837,0.024919872
0.025942244,0.013747727,0.16726924,0.0099498744
0.009,0.011224972,0.15220381,0.021213203
0.009486833,0.018,0.26520558,0.0092195445
0.0099498744,0.016155494,0.11576269,0.0058309519
0.0067082039,0.022449944,0.14089003,0.009486833
0.0036055513,0.0067082039,0.13065221,0.049050994
0.003,0.010816654,0.24521827,0.012884099
0.01029563,0.010816654,0.57554235,0.050199602
0.0099498744,0.012727922,0.67722817,0.16903846
0.009486833,0.012369317,0.59247532,0.057306195
0.0067082039,0.016431677,0.21833003,0.14752288
0.0067082039,0.013076697,0.34770965,0.12267029
0.003,0.02034699,0.19916576,0.022135944
0.022671568,0.019078784,0.17177602,0.026095977
0.017492856,0.0098488578,0.095571962,0.0094339811
0.003,0.011224972,0.46820722,0.0275318
0.015,0.0042426407,0.08579627,0.012
0.029068884,0.010392305,0.67469771,0.015231546
0.024289916,0.006,0.50209959,0.015524175
0.013747727,0.010816654,0.18217025,0.010816654
0.063686733,0.0,0.11374093,0.038470768
0.058429445,0.003,0.26322044,0.029614186
0.021470911,0.017492856,0.13151806,0.0073484692
0.014525839,0.014071247,0.27837205,0.016970563
0.016822604,0.009,0.14909393,0.010816654
0.021656408,0.010816654,0.27801259,0.0073484692
0.024515301,0.009486833,0.12445481,0.0
0.018601075,0.013076697,0.28627609,0.013076697
0.003,0.012727922,0.18446951,0.0067082039
0.016124515,0.015588457,0.3086924,0.0073484692
0.0078102497,0.018973666,0.23340094,0.003
0.014525839,0.009,0.12612296,0.0042426407
0.0067082039,0.009486833,0.031906112,0.003
0.010816654,0.0073484692,0.2403435,0.0073484692
0.0,0.019209373,0.097005155,0.006
0.006,0.009486833,0.16818442,0.009
0.011224972,0.0067082039,0.12345445,0.0
0.015427249,0.017748239,0.34377464,0.0084852814
0.009,0.013076697,1.6361687,0.015
0.012041595,0.0084852814,0.41570302,0.0042426407
0.0058309519,0.012,0.20964017,0.0042426407
0.0051961524,0.013416408,0.17085081,0.006
0.012,0.015231546,0.18727787,0.0
0.011224972,0.021725561,0.26726204,0.0067082039
0.0098488578,0.009486833,0.049101935,0.0073484692
0.010440307,0.0099498744,0.13934848,0.0067082039
0.018027756,0.009486833,0.14644453,0.015297059
0.015620499,0.009,0.3610457,0.012727922
0.01954482,0.003,1.0469298,0.0042426407
0.017,0.009,1.5514229,0.003
0.006,0.0073484692,0.19989997,0.006
0.011661904,0.0042426407,0.61053174,0.006
0.013747727,0.010392305,0.44603699,0.0099498744
0.018973666,0.006,0.36048162,0.0073484692
0.0051961524,0.009486833,0.49394129,0.006
0.0099498744,0.015297059,0.26207632,0.0084852814
0.009486833,0.012727922,0.25452898,0.012369317
0.012727922,0.012,0.119105,0.013747727
0.010816654,0.0042426407,0.17206394,0.010816654
0.013453624,0.0067082039,0.15147937,0.011224972
0.012409674,0.0099498744,0.1130752,0.003
0.015811388,0.0042426407,1.2794569,0.003
0.014317821,0.0067082039,0.67941298,0.015297059
0.013,0.0,0.2720919,0.018493242
0.0042426407,0.0042426407,0.34586269,0.006
0.0067082039,0.0051961524,1.3740193,0.010816654
0.015588457,0.022649503,0.38816878,0.0084852814
0.015,0.012727922,0.25263016,0.009
0.003,0.009486833,0.10456577,0.006
0.0067082039,0.026324893,0.14145317,0.009
0.0042426407,0.009486833,0.10459924,0.006
0.010723805,0.009,0.13482581,0.015
0.013747727,0.0067082039,0.10167596,0.060282667
0.01,0.013416408,0.11970798,0.050892043
0.006,0.0042426407,0.21614116,0.015
0.0083666003,0.0051961524,0.62878454,0.010816654
0.0,0.012369317,0.84049807,0.012369317
0.0083666003,0.017492856,0.52200958,0.016431677
0.006,0.0099498744,0.51971819,0.022737634
0.0067082039,0.018493242,0.46785575,0.014628739
0.0099498744,0.003,0.61686384,0.0067082039
0.042237424,0.009486833,0.3909335,0.015
0.034307434,0.006,0.25057135,0.016278821
0.029154759,0.006,0.12439453,0.010440307
0.010723805,0.003,0.31395223,0.018248288
0.010816654,0.0073484692,0.1702645,0.013747727
0.01,0.0051961524,0.41410144,0.018708287
0.003,0.0067082039,0.67893593,0.0067082039
0.014525839,0.010816654,0.18814888,0.012727922
0.011401754,0.019209373,0.51123967,0.0053851648
0.0090553851,0.02034699,1.290381,0.003
0.015588457,0.016970563,0.47245952,0.003
0.006,0.016431677,0.14684345,0.0053851648
0.009486833,0.016431677,0.072532751,0.0117047
0.006,0.12407256,0.051439285,0.0084852814
0.0051961524,0.27122869,0.12014574,0.012369317
0.0067082039,0.38381506,0.28013033,0.0
0.0067082039,0.17546795,0.14143903,0.009
0.0078102497,0.16865646,0.42279309,0.0073484692
0.008,0.11371455,0.44712079,0.009
0.0067082039,0.09001111,0.7876211,0.0067082039
0.0090553851,0.086463865,0.815981,0.0067082039
0.003,0.10173003,1.0503357,0.014071247
0.0058309519,0.062697687,0.34981281,0.003
0.006,0.43516663,0.31414169,0.0067082039
0.009486833,0.43085496,0.41739669,0.011224972
0.0,0.16743357,0.21826589,0.0067082039
0.011916375,0.095859272,0.12318279,0.0067082039
0.0,0.046882833,0.011224972,0.009
0.0058309519,0.054881691,0.3517627,0.0084852814
0.009486833,0.02611513,0.40466035,0.015
0.012369317,0.0067082039,0.35331855,0.0067082039
0.013341664,0.019,0.25528024,0.003
0.0073484692,0.018493242,0.60818583,0.019442222
0.012041595,0.021424285,0.32964526,0.016155494
0.0073484692,0.018493242,0.21854977,0.0092195445
0.0042426407,0.012727922,0.27146639,0.010440307
0.0051961524,0.0099498744,0.22745769,0.018
0.0085440037,0.009486833,0.37941798,0.031064449
0.0083666003,0.015297059,0.079912452,0.015556349
0.0083666003,0.006,0.21066799,0.0036055513
0.013892444,0.015427249,0.10752209,0.006
0.033955854,0.011401754,0.02034699,0.020663978
0.025,0.0099498744,0.043416587,0.016970563
0.023065125,0.009,0.053572381,0.036769553
0.01421267,0.016155494,0.016822604,0.038910153
0.013892444,0.021,0.10309704,0.020124612
0.014525839,0.0042426407,0.12348684,0.0078102497
0.003,0.010816654,0.089044932,0.003
0.011224972,0.011224972,0.025495098,0.010440307
0.0073484692,0.012369317,0.034132096,0.014696938
0.017233688,0.0085440037,0.44701454,0.012369317
0.012727922,0.01029563,0.85685063,0.018
0.02745906,0.0085440037,1.3479518,0.04365776
0.021213203,0.010440307,2.5408042,0.1390036
0.010440307,0.0067082039,0.92128497,0.23507233
0.003,0.010816654,0.72977668,0.19596939
0.012369317,0.003,0.5019502,0.34613581
0.013416408,0.013747727,1.0316288,0.24817333
0.0084852814,0.011224972,1.61144,0.10557935
0.003,0.0042426407,1.383849,0.19366466
0.012041595,0.0042426407,0.55752399,0.093322023
0.020880613,0.016431677,0.62382209,0.13066752
0.012369317,0.0042426407,0.35131894,0.14525151
0.0,0.0067082039,0.20170027,0.037854986
0.0084852814,0.015427249,0.24849346,0.12847568
0.0073484692,0.021679483,0.18017214,0.17285254
0.010440307,0.014628739,0.10176443,0.2256258
0.0083666003,0.0084852814,0.21279333,0.90542973
0.005,0.022869193,0.14274453,0.77468768
0.013,0.019235384,0.047010637,0.27220764
0.017492856,0.012727922,0.076642025,0.27670381
0.015524175,0.038678159,0.069491007,0.73958502
0.0058309519,0.018275667,0.10279105,0.59976745
0.012369317,0.28951166,0.081621076,0.071561163
0.014317821,0.34396221,0.010816654,0.20728
0.020736441,0.48293374,0.11825819,0.21774756
0.015588457,1.0504728,0.27412588,0.22747967
0.0042426407,0.74254293,0.34129313,0.068330081
0.015427249,0.44824212,0.21546926,0.13352153
0.0083666003,0.29897826,0.1702645,0.047549974
0.013076697,0.10114346,0.39345775,0.17729354
0.0067082039,0.052858301,0.61135342,0.23207326
0.0073484692,0.046914816,0.2590193,0.4764756
0.015297059,0.015231546,0.31136634,0.4118944
0.01029563,0.015264338,0.081055537,0.45949973
0.008,0.019235384,0.080162335,0.044810713
0.0073484692,0.014422205,0.56761431,0.16237611
0.0073484692,0.015362291,0.21673486,0.16014369
0.0042426407,0.016673332,0.15820556,0.18049654
0.011224972,0.018973666,0.22543513,0.04590207
0.009486833,0.019209373,0.12811323,0.29680465
0.012369317,0.014696938,0.24600407,0.42004047
0.011224972,0.0067082039,0.15590382,0.72397652
0.0058309519,0.0067082039,0.17987496,0.75579693
0.0078102497,0.0067082039,0.24833244,0.47087684
0.0067082039,0.003,0.1078981,0.2195928
0.0067082039,0.0067082039,0.54321819,1.1228847
0.012727922,0.0067082039,0.4875541,0.31296805
0.009,0.011224972,0.12559459,0.56461049
0.010816654,0.009,0.17548504,0.33605208
0.012727922,0.0073484692,0.15604487,0.28290281
0.011224972,0.009486833,0.42443138,0.091268834
0.0051961524,0.003,0.44271887,0.091596943
0.0042426407,0.012369317,0.25351331,0.070292247
0.0051961524,0.015,0.39102685,0.35637901
0.014696938,0.012727922,0.37533585,0.457893
0.015588457,0.0067082039,0.29773142,0.22934908
0.012369317,0.017748239,0.39768958,0.25196428
0.027892651,0.017748239,0.066962676,0.43243265
0.013453624,0.010816654,0.42687703,0.10121759
0.013747727,0.0042426407,0.27406751,0.10289315
0.009,0.006,0.64808487,0.089325248
0.012369317,0.030740852,0.43196065,0.20704106
0.015297059,0.028301943,0.11184364,0.13698905
0.0073484692,0.009,0.055767374,0.2195131
0.018493242,0.052630789,0.15616978,0.2152696
0.017748239,0.043965896,0.10151847,0.11269871
0.0073484692,0.0084852814,0.17853571,0.16621973
0.003,0.009,0.32037634,0.38015918
0.009486833,0.013076697,0.1267675,0.16170034
0.015,0.017492856,0.4097487,0.16172198
0.011224972,0.009,0.62323431,0.073109507
0.010816654,0.0067082039,0.31742243,0.041665333
0.016431677,0.012369317,0.33373942,0.055973208
0.019209373,0.012369317,0.074899933,0.10589618
0.006,0.013747727,0.049979996,0.051942276
0.0084852814,0.006,0.11736269,0.17795505
0.0067082039,0.009486833,0.20010247,0.30151285
0.006,0.009486833,0.018681542,0.50681456
0.015297059,0.0042426407,0.15709233,0.11499565
0.009,0.016155494,0.035749126,0.067653529
0.010392305,0.018248288,0.058352378,0.081847419
0.024372115,0.009,0.073830888,0.045321077
0.52319021,0.012369317,0.23047126,0.04586938
0.43990226,0.006,0.23625622,0.17378147
0.62724875,0.023043437,0.18398098,0.087806606
0.32501692,0.0099498744,0.067675697,0.057506521
0.36138345,0.0067082039,0.062657801,0.17951323
0.17527692,0.013416408,0.065795137,0.032186954
0.14541664,0.014071247,0.065681047,0.043874822
0.27589128,0.0073484692,0.06143289,0.27703249
0.3280564,0.0067082039,0.13315029,0.33766848
0.15165751,0.006,0.21057065,0.86710668
0.36679149,0.006,0.16090059,0.45550521
0.082322536,0.0099498744,0.056471232,0.24759847
0.078949351,0.021633308,0.16876018,0.075986841
0.0500999,0.018,0.13791302,0.30028486
0.067119297,0.013076697,0.34439222,0.1951666
0.046669048,0.0,0.26312164,0.075564542
0.008,0.015297059,0.3595525,0.051283526
0.019209373,0.018493242,0.52134921,0.018841444
0.0098994949,0.016155494,0.92889881,0.062553977
0.012165525,0.009,0.2002823,0.07935994
0.014317821,0.009486833,1.5611108,0.12529565
0.0083666003,0.0073484692,0.40990365,0.070221079
0.011916375,0.009,0.27452687,0.16733499
0.010488088,0.0084852814,0.11606033,0.33915336
0.0036055513,0.0067082039,0.067609171,0.45025548
0.002,0.009486833,0.067720012,0.50320771
0.0066332496,0.012,0.117,0.099317672
0.0063245553,0.027073973,0.18274299,0.42708547
0.010816654,0.027676705,0.18193405,0.9161632
0.011661904,0.019209373,0.27850494,0.25338706
0.006,0.017233688,0.31714508,0.03748333
0.0085440037,0.019442222,0.35975269,0.073681748
0.012041595,0.072131824,0.16032779,0.085854528
0.003,0.050149776,0.089632583,0.13438006
0.0063245553,0.017748239,0.060440053,0.093829633
0.015427249,0.0099498744,0.089877695,0.10596698
0.01029563,0.016155494,0.16826764,0.020736441
0.0063245553,0.0067082039,0.21502791,0.058677082
0.006,0.019672316,0.13780058,0.26953478
0.01118034,0.012369317,0.23009998,0.282871
0.0083666003,0.011224972,0.12163059,0.26468283
0.006,0.015,0.22891483,0.36726421
0.0078102497,0.0067082039,0.0430581,0.21934676
0.0098488578,0.012727922,0.046195238,0.26482825
0.005,0.013747727,0.064397205,0.12397984
0.0063245553,0.0067082039,0.23185125,0.28929915
0.014628739,0.003,0.22539077,0.2851298
0.003,0.010816654,0.15817395,0.31502381
0.017,0.0084852814,0.18087841,0.21800229
0.017233688,0.009,0.4111946,0.10697663
0.009486833,0.016431677,0.30578587,0.025475478
0.012529964,0.012369317,0.20339371,0.043462628
0.015620499,0.010816654,0.1924422,0.041218928
0.014317821,0.0051961524,0.37048482,0.015524175
0.023452079,0.016155494,0.24153675,0.050009999
0.033526109,0.009,0.14640355,0.11385078
0.0098488578,0.010816654,0.08579627,0.04414748
0.048641546,0.015588457,0.14910399,0.076085478
0.019646883,0.015297059,0.25289721,0.067586981
0.026019224,0.0067082039,0.094180677,0.022671568
0.27071387,0.015297059,0.25793604,0.034899857
0.25970175,0.015297059,0.18127603,0.10698131
0.54265366,0.03132092,0.13703284,0.062888791
0.24850151,0.021213203,0.085936023,0.20130574
0.62147325,0.014071247,0.15142655,0.1938943
0.72946419,0.0084852814,0.2502259,0.16882239
0.34977707,0.011224972,0.42523053,0.61933513
0.10222035,0.02078461,0.75090945,0.7914373
0.053712196,0.012369317,1.0025473,0.33009393
0.054083269,0.006,0.45054855,0.074966659
0.018973666,0.009,1.7704499,0.53954611
0.0067082039,0.012369317,0.6526293,0.64616561
0.013453624,0.016155494,0.2497759,0.35692856
0.017,0.013416408,0.22505333,0.11476933
0.015297059,0.013416408,0.062585941,0.15464152
0.015811388,0.038626416,0.087372765,0.054735729
0.012727922,0.038392708,0.26800187,0.12918204
0.009,0.010816654,0.28446089,0.13118689
0.0078102497,0.009486833,0.10257193,0.1403745
0.0058309519,0.009486833,0.86193619,0.23331095
0.008,0.012727922,0.4826479,0.074572113
0.0067082039,0.012369317,0.24707286,0.085094066
0.009,0.015,0.16891122,0.022449944
0.003,0.014071247,0.098371744,0.1044318
0.003,0.009,0.068949257,0.051156622
0.0073484692,0.012727922,0.053674948,0.095519631
0.009,0.010816654,0.59583471,0.082352899
0.0099498744,0.009486833,0.48822229,0.09681942
0.012369317,0.0067082039,0.064070274,0.017521415
0.003,0.0067082039,0.097334475,0.020518285
0.011224972,0.003,0.12905038,0.12251122
0.0067082039,0.0084852814,0.23518503,0.038392708
0.009486833,0.010816654,0.21140956,0.26976101
0.010816654,0.013076697,0.18834543,0.43643442
0.015,0.0067082039,0.024372115,0.23005434
0.010816654,0.0073484692,0.26445794,0.080616376
0.0067082039,0.009486833,0.24548116,0.10235233
0.0084852814,0.009486833,0.16201543,0.046872167
0.0073484692,0.0051961524,0.10542296,0.036728735
0.014696938,0.014696938,0.062377881,0.018027756
0.021424285,0.012529964,0.26387497,0.03748333
0.009,0.015620499,0.23290771,0.24575394
0.034985711,0.0084852814,0.13379462,0.3089644
0.027294688,0.009,0.093225533,0.16245923
0.010440307,0.0042426407,0.046850827,0.15654392
0.015297059,0.003,0.17801404,0.11368817
0.014696938,0.013747727,0.16696407,0.14761098
0.012884099,0.0042426407,0.023430749,0.085117566
0.005,0.003,0.3769045,0.13003846
0.0084852814,0.010392305,0.34767514,0.031622777
0.013416408,0.009,1.0110198,0.083156479
0.015297059,0.009486833,0.55605845,0.024698178
0.015,0.013747727,0.47784621,0.098615415
0.0067082039,0.015588457,1.2894255,0.16507271
0.0084852814,0.012727922,0.44349295,0.12685031
0.009,0.0099498744,0.22830024,0.19861772
0.0073484692,0.0067082039,0.094519839,0.074249579
0.010816654,0.018493242,0.049879856,0.074766303
0.010816654,0.016970563,0.012369317,0.070689462
0.0067082039,0.0067082039,0.03748333,0.047947888
0.018493242,0.010816654,0.056356011,0.053225934
0.009,0.009,0.042083251,0.038236109
0.006,0.012727922,0.16745447,0.079
0.0067082039,0.013416408,0.18977355,0.061943523
0.006,0.0073484692,0.15441826,0.044911023
0.0073484692,0.0067082039,0.14664924,0.074087786
0.021213203,0.0067082039,0.04243819,0.13424232
0.009,0.023,0.032465366,0.16715562
0.009486833,0.021095023,0.070562029,0.088260977
0.0042426407,0.009486833,0.082097503,0.11272977
0.0067082039,0.012,0.04747631,0.12439051
0.0067082039,0.014696938,0.061911227,0.10912836
0.0042426407,0.015297059,0.017233688,0.034263683
0.013076697,0.013076697,0.037,0.071147734
0.015297059,0.009,0.044519659,0.040853396
0.0051961524,0.017492856,0.034612137,0.052630789
0.0067082039,0.013416408,0.018248288,0.042083251
0.010816654,0.011224972,0.10336827,0.06061353
0.0073484692,0.009486833,0.062681736,0.11995833
0.0051961524,0.012369317,0.22947113,0.083456576
0.011789826,0.0067082039,0.894596,0.33550708
0.010440307,0.003,0.41224629,0.1501033
0.0099498744,0.0067082039,0.37290615,0.23643392
0.010816654,0.012727922,0.10161201,0.057358522
0.0073484692,0.013076697,0.18716303,0.092076056
0.014696938,0.013416408,0.20896172,0.042555846
0.012727922,0.0,0.1185833,0.15074813
0.016911535,0.006,0.18292348,0.20510241
0.014525839,0.010816654,0.13512587,0.089448309
0.016155494,0.0067082039,0.50623512,0.058957612
0.009,0.025806976,0.20706279,0.05745433
0.010440307,0.023043437,0.85296893,0.41049239
0.044215382,0.013747727,0.17567299,0.4026152
0.034612137,0.011224972,0.082788888,0.19167159
0.012369317,0.012369317,0.14561593,0.36656787
0.009486833,0.023043437,0.058283788,0.14462711
0.0073484692,0.019442222,0.12748725,0.024939928
0.0099498744,0.017492856,0.10766615,0.036414283
0.01954482,0.015,0.39108311,0.012884099
0.012206556,0.0051961524,0.29999667,0.05399074
0.009,0.010816654,0.21822236,0.0099498744
0.016911535,0.015588457,0.13391789,0.11492606
0.003,0.009486833,0.12146604,0.11830046
0.012727922,0.0042426407,0.18886503,0.16486965
0.015297059,0.0067082039,0.21269697,0.048476799
0.0,0.009486833,0.5429604,0.15542522
0.0067082039,0.011224972,0.36801902,0.033555923
0.006,0.019209373,0.37495866,0.031890437
0.014071247,0.010816654,0.090873539,0.079
0.012369317,0.018973666,0.25216463,0.079
0.0042426407,0.019209373,0.17582378,0.068949257
0.006,0.0099498744,0.11143159,0.027
0.009486833,0.017748239,0.11659331,0.040112342
0.0067082039,0.018973666,0.10293687,0.28033373
0.010816654,0.010392305,0.07,0.38336536
0.003,0.010816654,0.088887569,0.24732772
0.0067082039,0.003,0.063055531,0.39530495
0.011224972,0.013747727,0.083150466,0.15693629
0.0067082039,0.0073484692,0.057349804,0.032449961
0.018493242,0.010816654,0.043577517,0.097621719
0.021424285,0.0042426407,0.35552918,0.044011362
0.0073484692,0.016970563,0.14172509,0.11278741
0.021931712,0.0,0.10797222,0.085117566
0.02541653,0.024186773,0.1006628,0.20365412
0.013416408,0.016431677,0.15819292,0.24491835
0.011224972,0.0073484692,0.1712104,0.2830742
0.009486833,0.009486833,0.1001449,0.11105404
0.015297059,0.013076697,0.17718352,0.22434572
0.021213203,0.022045408,0.71849426,0.091547802
0.015588457,0.017492856,1.09971,0.066128662
0.014422205,0.023043437,0.29698148,0.070696535
0.015811388,0.030740852,0.3043567,0.042
0.0084852814,0.0042426407,1.2298089,0.047518417
0.006,0.03,0.35843688,0.036152455
0.0051961524,0.0099498744,0.11175419,0.032388269
0.021213203,0.010816654,0.1554799,0.017
0.010816654,0.009486833,0.09036039,0.019924859
0.0099498744,0.0099498744,0.25502157,0.012369317
0.0042426407,0.011224972,0.16697305,0.015524175
0.0073484692,0.018493242,0.016155494,0.0042426407
0.003,0.012727922,0.11711106,0.006
0.0042426407,0.0084852814,0.062465991,0.039560081
0.018439089,0.0067082039,0.0609508,0.030133038
0.0085440037,0.016155494,0.12607141,0.063253458
0.012369317,0.020124612,0.10377861,0.12273956
0.0090553851,0.010816654,0.23111036,0.1473092
0.0085440037,0.009,0.33234921,0.098051007
0.0042426407,0.011224972,0.18919038,0.071686819
0.0042426407,0.012369317,0.061302528,0.029614186
0.009,0.013747727,0.27620825,0.061911227
0.010440307,0.012369317,0.096389833,0.016155494
0.0085440037,0.0084852814,0.13866867,0.045232732
0.0042426407,0.006,0.41373542,0.26803545
0.0051961524,0.009486833,0.20728242,0.32035917
0.003,0.012727922,0.15278089,0.037868192
0.003,0.012,0.11325193,0.068593003
0.0084852814,0.009,0.31767908,0.1562882
0.015620499,0.012884099,0.26985181,0.066287254
0.0083666003,0.025787594,0.21790594,0.10343597
0.012727922,0.021931712,0.17694632,0.056868269
0.011916375,0.015588457,0.17135635,0.033346664
0.017233688,0.010816654,0.28863472,0.14441953
0.0084852814,0.0042426407,0.1593424,0.13127833
0.011401754,0.015297059,0.21483482,0.12121881
0.012884099,0.016155494,0.25144582,0.36487121
0.006,0.013076697,0.25137621,0.36224439
0.015427249,0.0051961524,0.43201157,0.15447006
0.012529964,0.0067082039,0.48372099,0.17826104
0.0073484692,0.009,0.41746976,0.12831991
0.01,0.009486833,0.14637623,0.074585521
0.0067082039,0.009,0.10747093,0.08287943
0.01,0.0042426407,0.16168488,0.10157756
0.003,0.009486833,0.063379808,0.10728467
0.015811388,0.012727922,0.023430749,0.12054875
0.010816654,0.016431677,0.043977267,0.096633328
0.013076697,0.0067082039,0.065383484,0.21228519
0.009486833,0.02034699,0.047349762,0.058906706
0.0083666003,0.015588457,0.019209373,0.094926287
0.017,0.019849433,0.018493242,0.12081391
0.0067082039,0.025179357,0.04570558,0.17302601
0.014696938,0.009,0.054240206,0.24642443
0.017804494,0.018493242,0.0063245553,0.21609257
0.008,0.0067082039,0.060975405,0.050852729
0.0078102497,0.018,0.053235327,0.16196913
0.0073484692,0.013076697,0.029529646,0.20931794
0.013892444,0.027910571,0.030561414,0.078898669
0.012041595,0.053235327,0.07580897,0.23116661
0.012,0.02894823,0.14175331,0.092833184
0.021587033,0.079987499,0.084888162,0.18065713
0.012369317,0.020880613,0.032186954,0.033674916
0.0090553851,0.27404562,0.031464265,0.29717672
0.0099498744,0.40854008,0.026795522,0.090077744
0.017349352,0.23467424,0.060860496,0.052697249
0.01,0.064915329,0.15179592,0.081939002
0.005,0.062056426,0.5166614,0.030298515
0.013674794,0.053450912,0.58531103,0.029614186
0.010723805,0.026683328,0.44716216,0.027513633
0.0,0.02034699,0.44684337,0.04414748
0.010723805,0.019442222,0.24491835,0.045793013
0.003,0.020469489,0.15882695,0.063631753
0.005,0.019723083,0.13291351,0.028460499
0.012409674,0.028390139,0.64848824,0.17319931
0.011401754,0.015297059,1.2470882,0.1128273
0.009486833,0.027331301,0.037134889,0.25257474
0.0042426407,0.025099801,0.11612493,0.096260064
0.0042426407,0.03959798,0.22716954,0.37901451
0.0085440037,0.048877398,0.03630427,0.050892043
0.012409674,0.087028731,0.018,0.075392307
0.0073484692,0.19430389,0.04747631,0.15436969
0.0067082039,0.18604569,0.051332251,0.13015376
0.017492856,0.10519981,0.021633308,0.10367738
0.021377558,0.1172945,0.08205486,0.05988322
0.015811388,0.2646167,0.089643739,0.056718604
0.0073484692,0.10397115,0.072346389,0.095817535
0.019209373,0.054378304,0.13040322,0.04110961
0.0073484692,0.214574,0.47976765,0.056797887
0.011401754,0.30712375,0.94067051,0.063843559
0.01,0.63459672,0.74268701,0.016155494
0.003,0.42326469,0.26369869,0.036069378
0.012727922,0.32300155,0.17479703,0.071596089
0.009,0.49886772,0.24596544,0.067970582
0.0085440037,0.70991619,0.13767716,0.092097774
0.0063245553,0.43609747,0.19981491,0.047717921
0.012529964,0.32580669,0.46410559,0.25778673
0.0098488578,0.19256427,0.28973954,0.19921094
0.0084852814,0.10863701,0.23561409,0.15708915
0.0058309519,0.61371166,0.36240585,0.17930142
0.012041595,1.0118987,0.094111636,0.24065328
0.006,0.71919469,1.2912602,0.07925276
0.006,0.74674226,0.63755314,0.077897368
0.0078102497,0.32650574,0.27437383,0.08853248
0.0042426407,0.22557925,0.26643949,0.034655447
0.008,0.068912989,0.11122949,0.064039051
0.01,0.075828754,0.074067537,0.018681542
0.0096953597,0.24038303,0.12018319,0.015297059
0.012727922,0.063960926,0.096358705,0.0067082039
0.020736441,0.16788984,0.035383612,0.012369317
0.0046904158,0.21926468,0.07096478,0.051127292
0.0063245553,0.12901938,0.049699095,0.095713113
0.013601471,0.050299105,0.17421251,0.096296417
0.01,0.13956361,0.51166688,0.49425601
0.003,0.14234114,1.0393007,0.1909424
0.0096953597,0.36896612,0.85906577,0.17649079
0.0036055513,0.29231832,0.34460702,0.18398098
0.011224972,0.2291397,0.14667992,0.25737327
0.011224972,0.068934752,0.25559538,0.36667697
0.003,0.1224214,0.20195544,0.27186394
0.0046904158,0.17105847,0.56730063,0.10006498
0.015556349,0.27337154,0.30185096,0.018973666
0.017262677,0.20145719,0.28239157,0.049678969
0.032449961,0.079724526,0.66718288,0.026925824
0.024758837,0.10563143,0.59257826,0.0042426407
0.0042426407,0.39831897,0.16196913,0.0073484692
0.019235384,0.087664132,0.067475922,0.022045408
0.0084852814,0.10656923,0.01421267,0.0073484692
0.012409674,0.0733553,0.0051961524,0.023769729
0.019949937,0.17353962,0.0484252,0.018493242
0.009486833,0.057558666,0.018,0.028390139
0.0287054,0.33274765,0.024186773,0.031780497
0.025079872,0.33721358,0.011224972,0.034727511
0.010440307,0.25136627,0.018681542,0.030166206
0.013416408,0.26227085,0.015811388,0.040816663
0.035298725,0.03082207,0.012727922,0.029614186
0.04384062,0.14393401,0.006,0.047602521
0.030083218,0.17700565,0.0073484692,0.029154759
0.0084852814,0.19826497,0.014525839,0.017691806
0.018466185,0.21655023,0.0090553851,0.019209373
0.024041631,0.43936431,0.02946184,0.062241465
0.031780497,0.48694147,0.025651511,0.052630789
0.031064449,0.51232509,0.015297059,0.053422842
0.003,0.072173402,0.012369317,0.27430093
0.016911535,0.38873641,0.003,0.35397881
0.017204651,0.2443788,0.003,0.69563209
0.015524175,0.15938319,0.0,0.26039393
0.012409674,0.42277535,0.0067082039,0.1189958
0.016911535,0.54047479,0.0,0.11746063
0.011224972,0.48415906,0.0067082039,0.072429276
0.017262677,2.0727453,0.0067082039,0.074739548
0.017349352,2.0598927,0.003,0.020736441
0.029529646,0.21601157,0.006,0.030149627
0.014317821,0.075749587,0.0,0.056338264
0.0036055513,0.15912888,0.0073484692,0.12874005
0.006,0.068774995,0.0067082039,0.020445048
0.013747727,0.046270941,0.0073484692,0.046850827
0.013747727,0.1675858,0.006,0.047518417
0.006,0.19286524,0.003,0.044810713
0.0085440037,0.084011904,0.0067082039,0.34272
0.009,0.084882271,0.009,0.081308056
0.0096953597,0.036986484,0.010816654,0.046270941
0.0042426407,0.04652956,0.012369317,0.17479703
0.0042426407,0.048928519,0.003,0.064148266
0.002,0.0090553851,0.003,0.1276127
0.0058309519,0.033837849,0.010816654,0.083456576
0.0083666003,0.023853721,0.0084852814,0.095273291
0.011916375,0.022737634,0.011224972,0.052971691
0.0099498744,0.043312816,0.006,0.048093659
0.0092195445,0.03391165,0.0,0.031032241
0.012165525,0.02745906,0.0073484692,0.016370706
0.012165525,0.01473092,0.0073484692,0.026683328
0.024186773,0.023043437,0.006,0.060108236
0.0067082039,0.0084852814,0.0067082039,0.087372765
0.0085440037,0.0073484692,0.02184033,0.099709578
0.016124515,0.013747727,0.02034699,0.054046276
0.016911535,0.015,0.0099498744,0.20721245
0.015620499,0.012369317,0.0051961524,0.052782573
0.03524202,0.012727922,0.0067082039,0.21780266
0.058762233,0.011224972,0.0067082039,0.10409611
0.018493242,0.0067082039,0.0067082039,0.10929776
0.036633318,0.013076697,0.0067082039,0.13306389
0.050019996,0.006,0.015297059,0.17562745
0.073742796,0.015427249,0.006,0.245204
0.12498,0.007,0.016155494,0.065383484
0.19502051,0.009,0.021656408,0.022671568
0.12482388,0.0067082039,0.021213203,0.049406477
0.029,0.0085440037,0.016278821,0.0733553
0.039698866,0.0087177979,0.012727922,0.043139309
0.028930952,0.010816654,0.003,0.16069225
0.019209373,0.013416408,0.009486833,0.038392708
0.017691806,0.0067082039,0.006,0.039661064
0.012727922,0.0084852814,0.009,0.046065171
0.015297059,0.013747727,0.009486833,0.032186954
0.054129474,0.025806976,0.003,0.065391131
0.012083046,0.016155494,0.009486833,0.17811794
0.029086079,0.019209373,0.0067082039,0.37445828
0.02184033,0.012409674,0.003,0.36930475
0.016155494,0.011661904,0.0067082039,0.28801562
0.027730849,0.0092195445,0.009,0.1741149
0.012165525,0.0092195445,0.003,0.16071403
0.031717503,0.009486833,0.0073484692,0.083892789
0.029086079,0.0067082039,0.009,0.023515952
0.12542328,0.012884099,0.006,0.0042426407
0.20071373,0.0083666003,0.0073484692,0.02641969
0.058318093,0.009,0.0099498744,0.0067082039
0.012727922,0.0090553851,0.0042426407,0.0051961524
0.015588457,0.003,0.003,0.012727922
0.02879236,0.011661904,0.0,0.0099498744
0.035860842,0.0067082039,0.0,0.0073484692
0.015524175,0.009,0.003,0.0098488578
0.042801869,0.0046904158,0.003,0.013453624
0.013490738,0.0046904158,0.003,0.0042426407
0.020322401,0.013416408,0.0042426407,0.018681542
0.029698485,0.015620499,0.0073484692,0.023194827
0.03138471,0.0084852814,0.003,0.045188494
0.064148266,0.003,0.009,0.036959437
0.058189346,0.0096953597,0.0042426407,0.019235384
0.067742158,0.012,0.009486833,0.0042426407
0.12786321,0.0067082039,0.0067082039,0.0067082039
0.73392302,0.006,0.0042426407,0.012369317
0.72423615,0.009,0.003,0.012727922
0.43724821,0.003,0.009,0.0042426407
0.66248849,0.0096953597,0.011224972,0.0051961524
0.54435099,0.0042426407,0.0099498744,0.006
0.68110719,0.0058309519,0.003,0.009
0.38746097,0.012884099,0.0067082039,0.0067082039
0.46515051,0.011,0.0042426407,0.009486833
0.53768485,0.0036055513,0.003,0.0042426407
0.29451146,0.003,0.0042426407,0.0042426407
0.046647615,0.0051961524,0.009,0.0042426407
0.041629317,0.003,0.003,0.0067082039
0.14900336,0.0036055513,0.0099498744,0.0051961524
0.089911067,0.009486833,0.0042426407,0.009
0.082897527,0.010392305,0.003,0.0073484692
0.060448325,0.009,0.0051961524,0.0067082039
0.036810325,0.0092195445,0.003,0.0067082039
0.11624973,0.0073484692,0.013076697,0.009486833
0.093600214,0.0065574385,0.010816654,0.0051961524
0.036069378,0.013076697,0.0067082039,0.0067082039
0.047370877,0.012884099,0.0073484692,0.003
0.090779954,0.012806248,0.0051961524,0.0073484692
0.24217762,0.015231546,0.009486833,0.003
0.2674341,0.016552945,0.0084852814,0.0073484692
0.18961804,0.032186954,0.003,0.0042426407
0.44049631,0.069296465,0.0,0.0042426407
0.10332957,0.29910199,0.011224972,0.0042426407
0.092152048,0.32165043,0.0067082039,0.003
0.048641546,0.35906963,0.003,0.0042426407
0.0067082039,0.11539931,0.0067082039,0.0042426407
0.15590702,0.3658374,0.0042426407,0.0042426407
0.16949926,0.097841709,0.003,0.003
0.31662754,0.13909709,0.003,0.003
0.44829232,0.048301139,0.0067082039,0.0051961524
0.2139743,0.32614567,0.006,0.0042426407
0.11905461,0.34764062,0.011224972,0.0042426407
0.14007141,0.06574192,0.011224972,0.0042426407
0.31416715,0.094031909,0.012,0.0099498744
0.19539703,0.13514437,0.012369317,0.009486833
0.20324124,0.12863126,0.0067082039,0.021377558
0.36043307,0.10261092,0.0073484692,0.018841444
0.63033483,0.12272327,0.0067082039,0.010440307
0.30813309,0.16071403,0.0042426407,0.015524175
0.50578454,0.16476043,0.0042426407,0.0073484692
1.2746207,0.13015376,0.0042426407,0.011224972
1.1709966,0.13751364,0.009486833,0.003
0.92027442,0.095005263,0.0067082039,0.0042426407
0.97032417,0.03522783,0.0042426407,0.011224972
0.66017422,0.11412712,0.009,0.011224972
1.0130247,0.44574208,0.0067082039,0.013076697
0.83325686,0.43197917,0.0051961524,0.009486833
0.42158392,0.03138471,0.0042426407,0.0042426407
0.3821204,0.025179357,0.0,0.0067082039
0.27126924,0.043783559,0.0051961524,0.0042426407
0.13269891,0.061886994,0.003,0.003
0.06382006,0.025806976,0.0051961524,0.0042426407
0.03021589,0.25588279,0.0,0.0042426407
0.17269047,0.28950648,0.0067082039,0.0042426407
0.17434162,0.48469888,0.0067082039,0.0067082039
0.13443214,0.3018493,0.0,0.003
0.095885348,0.16406706,0.0067082039,0.0
0.17474553,0.17555056,0.0051961524,0.0067082039
0.076118329,0.1369489,0.003,0.006
0.032695565,0.19694162,0.010816654,0.0042426407
0.061619802,0.16540254,0.013416408,0.003
0.084029757,0.086301796,0.0042426407,0.003
0.058146367,0.028653098,0.0051961524,0.003
0.027676705,0.041773197,0.003,0.0067082039
0.039509493,0.10755929,0.012,0.0042426407
0.027073973,0.077265775,0.013076697,0.0067082039
0.021633308,0.070278019,0.009486833,0.014696938
0.017492856,0.069921384,0.0099498744,0.012727922
0.026229754,0.076400262,0.011224972,0.009
0.017233688,0.038613469,0.0084852814,0.003
0.024535688,0.074484898,0.0051961524,0.0073484692
0.023323808,0.15279071,0.0,0.0073484692
0.010440307,0.13767716,0.0,0.0051961524
0.0073484692,0.21125104,0.0,0.0073484692
0.0073484692,0.12717704,0.0,0.0073484692
0.0067082039,0.033837849,0.0,0.0067082039
0.01473092,0.045716518,0.0,0.0067082039
0.015524175,0.013747727,0.0,0.0067082039
0.0051961524,0.019672316,0.0,0.0073484692
0.011224972,0.03283291,0.0,0.0051961524
0.006,0.016431677,0.0,0.003
0.018248288,0.034365681,0.0,0.0042426407
0.012369317,0.039560081,0.0,0.0042426407
0.011224972,0.039812058,0.0,0.0
0.014071247,0.02805352,0.0,0.0
0.0067082039,0.038587563,0.0,0.0
0.011224972,0.044788391,0.0,0.0
0.012369317,0.059,0.0,0.0
0.0099498744,0.029529646,0.0,0.0
0.006,0.037107951,0.0,0.0
0.020124612,0.025690465,0.0,0.0
0.014696938,0.037013511,0.0,0.0
0.023430749,0.024698178,0.0,0.0
0.012727922,0.040373258,0.0,0.0
0.012727922,0.017233688,0.0,0.0
0.009,0.013892444,0.0,0.0
0.006,0.03748333,0.0,0.0
0.0084852814,0.02634388,0.0,0.0
0.010816654,0.025,0.0,0.0
0.012369317,0.023,0.0,0.0
0.022671568,0.0073484692,0.0,0.0
0.018439089,0.016155494,0.0,0.0
0.009486833,0.015524175,0.0,0.0
0.006,0.021307276,0.0,0.0
0.012369317,0.012369317,0.0,0.0
0.012369317,0.056053546,0.0,0.0
0.006,0.11977061,0.0,0.0
0.013076697,0.022671568,0.0,0.0
0.0051961524,0.084970583,0.0,0.0
0.006,0.04411349,0.0,0.0
0.009,0.20961155,0.0,0.0
0.0073484692,0.12135073,0.0,0.0
0.006,0.18207141,0.0,0.0
0.0067082039,0.40192163,0.0,0.0
0.012369317,0.39658164,0.0,0.0
0.009486833,0.26643761,0.0,0.0
0.006,0.71039003,0.0,0.0
0.0099498744,1.0044591,0.0,0.0
0.0073484692,0.14414229,0.0,0.0
0.010392305,0.16549622,0.0,0.0
0.009,0.16855563,0.0,0.0
0.003,0.016278821,0.0,0.0
0.0099498744,0.21273458,0.0,0.0
0.009,0.056178288,0.0,0.0
0.003,0.07787811,0.0,0.0
0.0073484692,0.036373067,0.0,0.0
0.012369317,0.0099498744,0.0,0.0
0.011224972,0.016155494,0.0,0.0
0.012727922,0.047602521,0.0,0.0
0.0073484692,0.023323808,0.0,0.0
0.0067082039,0.0051961524,0.0,0.0
0.009,0.0051961524,0.0,0.0
0.015,0.0073484692,0.0,0.0
0.032031235,0.011224972,0.0,0.0
0.028930952,0.1022448,0.0,0.0
0.017521415,0.057175169,0.0,0.0
0.038548671,0.0051961524,0.0,0.0
0.044204072,0.013747727,0.0,0.0
0.037107951,0.0067082039,0.0,0.0
0.022203603,0.015297059,0.0,0.0
0.040422766,0.036619667,0.0,0.0
0.11934823,0.038118237,0.0,0.0
0.19351744,0.035341194,0.0,0.0
0.3261794,0.04014972,0.0,0.0
0.51753647,0.049979996,0.0,0.0
0.12602381,0.076576759,0.0,0.0
0.23057537,0.059715995,0.0,0.0
0.062225397,0.053150729,0.0,0.0
0.23742788,0.12826145,0.0,0.0
0.12979214,0.11500435,0.0,0.0
0.45874721,0.07090134,0.0,0.0
0.38419396,0.059665736,0.0,0.0
0.21505813,0.077239886,0.0,0.0
0.28775337,0.73139661,0.0,0.0
0.34838628,0.57843928,0.0,0.0
0.31121215,1.5911826,0.0,0.0
0.14451644,1.4944688,0.0,0.0
0.084433406,0.52605513,0.0,0.0
0.4644416,0.48262719,0.0,0.0
0.71267454,0.54532009,0.0,0.0
0.60684265,0.59297555,0.27094095,0.0
0.41457207,0.39391116,0.043243497,0.0
0.22378785,0.29945617,0.092800862,0.0
0.16509694,0.82193248,0.061212744,0.0
0.14301399,0.5622037,0.040938979,0.0
0.061326992,0.92819017,0.10748488,0.0
0.1417921,0.72684661,0.32493846,0.0
0.057367238,0.56257355,0.17962182,0.0
0.046054316,0.88042603,0.032649655,0.0
0.042720019,0.42929361,0.034190642,0.0
0.044474712,0.17499143,0.02184033,0.0
0.022449944,0.14618823,0.032954514,0.0
0.077775317,0.067186308,0.059033889,0.0
0.37243523,0.35970683,0.054433446,0.0
0.62622839,0.23104545,0.070327804,0.0
0.28029627,0.22258931,0.11191515,0.0
0.17087422,0.39283712,0.24447904,0.0
0.14976648,0.21845137,0.2019183,0.0
0.085311195,0.40920166,0.43171055,0.0
0.069641941,0.33519099,0.38666006,0.0
0.074411021,0.35720302,0.21077002,0.0
0.049193496,0.71468385,0.40272447,0.0
0.018027756,0.5289414,0.25099004,0.0
0.02,0.50313418,0.1498933,0.0
0.055695601,0.29110823,0.23452292,0.0
0.14529281,0.27831996,0.40896944,0.0
0.028896367,0.36799728,0.1399357,0.0
0.06303967,0.1190126,0.52484474,0.0
0.030903074,0.055722527,0.36399725,0.0
0.024596748,0.02184033,0.077627315,0.0
0.031874755,0.036249138,0.29876579,0.0
0.17562745,0.042154478,0.34721895,0.0
0.2301543,0.019672316,0.9380517,0.0
0.045617979,0.012529964,0.59640087,0.0
0.096462428,0.012369317,0.41449849,0.0
0.076563699,0.01,0.12466756,0.0
0.067830672,0.021931712,0.091553263,0.0
0.053600373,0.024083189,0.082085321,0.0
0.023430749,0.01,0.38429286,0.0
0.031032241,0.010816654,0.54387774,0.0
0.026832816,0.0073484692,0.48712524,0.0
0.013416408,0.0046904158,0.46514729,0.0
0.016431677,0.0036055513,0.12187288,0.0
0.016431677,0.013076697,0.24503877,0.0
0.02184033,0.011224972,0.12286985,0.0
0.015,0.01,0.42535279,0.0
0.03,0.0087177979,0.59083669,0.0
0.042296572,0.011,0.78462603,0.0
0.022825424,0.017748239,0.20675106,0.0
0.040926764,0.0042426407,0.25701945,0.0
0.0042426407,0.0073484692,0.21388782,0.0
0.028301943,0.006,0.17303757,0.0
0.016278821,0.0042426407,0.11617229,0.0
0.03748333,0.006,0.10604244,0.0
0.02034699,0.021,0.38497273,0.0
0.0073484692,0.0042426407,0.54748973,0.0
0.003,0.017748239,0.15476757,0.0
0.019209373,0.026286879,0.28302297,0.0
0.015588457,0.025,0.44324373,0.0
0.0073484692,0.0051961524,0.2061189,0.0
0.013747727,0.003,0.12973049,0.0
0.021213203,0.0051961524,0.37182119,0.0
0.013747727,0.0073484692,0.057835975,0.0
0.0067082039,0.012369317,0.18333848,0.0
0.010816654,0.009,0.29390645,0.0
0.10218121,0.009,0.10755929,0.0
0.054534393,0.006,0.10786102,0.0
0.13030733,0.011401754,0.14243946,0.0
0.18056855,0.0078102497,0.24563794,0.0
0.032695565,0.0067082039,0.15460272,0.0
0.19051509,0.0067082039,0.052411831,0.0
0.1502265,0.0067082039,0.20873189,0.0
0.21926696,0.010816654,0.051701064,0.0
0.15826876,0.010816654,0.27736438,0.0
0.24880715,0.0042426407,0.19314502,0.0
0.29807717,0.009486833,0.046454279,0.0
0.47128866,0.0067082039,0.14301399,0.0
0.39059058,0.007,0.13453252,0.0
0.32476761,0.0096953597,0.21433618,0.0
0.14066627,0.0058309519,0.20709901,0.0
0.17251667,0.0083666003,0.10519506,0.0
0.34001912,0.010392305,0.1486775,0.0
0.14387842,0.006,0.090978019,0.19086383
0.11749894,0.003,0.15391231,0.013747727
0.074357246,0.012369317,0.20742951,0.025179357
0.03764306,0.012369317,0.090824006,0.01
0.032031235,0.009,0.03088689,0.027
0.0042426407,0.011224972,0.10377379,0.035369478
0.028460499,0.013416408,0.1502631,0.088141931
0.009486833,0.003,0.15966527,0.02034699
0.015588457,0.015297059,0.16609034,0.1083928
0.015588457,0.0073484692,0.099383097,0.077058419
0.0084852814,0.006,0.10416333,0.26327552
0.003,0.006,0.035341194,0.11107655
0.018681542,0.0046904158,0.087412814,0.10002
0.011224972,0.007,0.091858587,0.28602447
0.0084852814,0.010392305,0.18648861,0.2635185
0.011,0.0085440037,0.15334601,0.069921384
0.0087177979,0.012041595,0.069144776,0.033136083
0.012,0.0084852814,0.11236548,0.009
0.0067082039,0.011,0.1239395,0.017
0.030479501,0.010816654,0.15025645,0.0067082039
0.036262929,0.015033296,0.37852873,0.028301943
0.044598206,0.0042426407,0.16868017,0.27563019
0.041,0.0036055513,0.081080207,0.47691823
0.089246849,0.0036055513,0.076144599,0.31400796
0.047560488,0.006,0.049578221,0.41434527
0.08827797,0.007,0.21568727,0.28425517
0.1373936,0.007,0.31136313,0.28657285
0.10265963,0.010816654,0.16773789,0.3144837
0.020124612,0.009,0.60450476,0.36213119
0.049929951,0.007,0.2980822,0.57299651
0.016552945,0.009486833,0.21461128,0.2014423
0.045617979,0.011,0.12618637,0.56827722
0.074249579,0.0063245553,0.056035703,0.15674502
0.1337236,0.012409674,0.054240206,0.17860011
0.23551221,0.01421267,0.039974992,0.17381599
0.071232015,0.0042426407,0.070221079,0.25613083
0.058677082,0.0084852814,0.064730209,0.17914798
0.066828138,0.0042426407,0.056903427,0.75157235
0.035510562,0.0067082039,0.059312731,0.25970368
0.060207973,0.013747727,0.048020829,0.50945167
0.070221079,0.006,0.045177428,0.40558723
0.2221441,0.009486833,0.10538026,0.22177691
0.17714119,0.0099498744,0.031400637,0.38018154
0.19121454,0.0042426407,0.064288413,0.36332355
0.50850467,0.0058309519,0.078108898,0.67497704
0.32968015,0.0036055513,0.23165707,0.16009997
0.88194388,0.006,0.45496483,0.05598214
1.0364893,0.006,0.17217143,0.018466185
0.31807861,0.0073484692,0.032310989,0.081246538
0.13865425,0.012369317,0.12819906,0.036619667
0.1040817,0.013076697,0.32806097,0.067808554
0.1810221,0.010816654,0.30528839,0.068665858
0.10332957,0.0067082039,0.23215081,0.058446557
0.12700787,0.0,0.37955105,0.097365292
0.13755363,0.0,0.48469165,0.16457825
0.0601415,0.0,0.28983789,0.13702919
0.18004722,0.0,0.45366287,0.10927488
0.26612403,0.0,0.4361353,0.29551819
0.35289233,0.0,0.15721323,0.69802435
0.37077352,0.0,0.27938146,0.80542784
0.30535389,0.0,0.38693798,0.55568786
0.21593749,0.0,0.33530583,0.21288964
0.11974974,0.0,0.55244004,0.14681962
0.13017296,0.0,0.28166292,0.15077798
0.10973605,0.0,0.11735416,0.068600292
0.027784888,0.0,0.059916609,0.025455844
0.022045408,0.0,0.087286883,0.14820594
0.009486833,0.0,0.072429276,0.094678403
0.012,0.0,0.082680106,0.042544095
0.035972211,0.0,0.034234486,0.19238503
0.035,0.0,0.11014536,0.081492331
0.010816654,0.0,0.052924474,0.1296611
0.012369317,0.0,0.13604779,0.3864324
0.009486833,0.0,0.10235233,0.36653104
0.013416408,0.0,0.17011173,0.54942697
0.0042426407,0.0,0.11428036,0.33856314
0.0042426407,0.0,0.073068461,0.53645689
0.003,0.0,0.081798533,0.31432626
0.0067082039,0.0,0.045022217,0.14052046
0.0067082039,0.0,0.057948253,0.11338871
0.009,0.0,0.056373753,0.11677757
0.006,0.0,0.023853721,0.047349762
0.0067082039,0.0,0.018708287,0.088374204
0.0067082039,0.0,0.009,0.081541401
0.0067082039,0.0,0.0067082039,0.055163394
0.0067082039,0.0,0.0067082039,0.09775991
0.006,0.0,0.015297059,0.12734991
0.0073484692,0.0,0.018248288,0.11483031
0.010816654,0.0,0.010816654,0.32495692
0.02034699,0.0,0.02184033,0.64706568
0.003,0.0,0.0073484692,0.63002381
0.012369317,0.0,0.051980766,0.31467285
0.012,0.0,0.058762233,0.57084061
0.0073484692,0.0,0.13836907,1.1946795
0.017233688,0.0,0.18210162,0.6539029
0.033867388,0.0,0.35340345,0.087749644
0.03176476,0.0,0.35668754,0.055172457
0.014071247,0.0,0.43509424,0.061692787
0.0067082039,0.0,0.19182805,0.14644453
0.0051961524,0.0,0.1601312,0.10232302
0.003,0.0,0.28027308,0.13487031
0.003,0.0,0.48593107,0.36664697
0.0042426407,0.0,0.32961493,0.28472267
0.0,0.0,0.28934581,0.24848742
0.0042426407,0.0,0.13431679,0.27936714
0.003,0.0,0.2440881,0.29386051
0.003,0.0,0.20886599,0.21638392
0.0,0.0,0.15810756,0.321232
0.0067082039,0.0,0.1790782,0.06433506
0.006,0.0,0.32095171,0.018493242
0.0,0.0,0.10936636,0.049799598
0.009,0.0,0.59308178,0.067889616
0.0099498744,0.0,0.59588338,0.07936624
0.0073484692,0.0,0.54700914,0.25037771
0.006,0.0,0.11471704,0.54156625
0.009486833,0.0,0.47215887,0.095273291
0.0099498744,0.0,1.2706128,0.14794932
0.0042426407,0.0,0.45921781,0.14060228
0.0073484692,0.0,0.12073525,0.040410395
0.0073484692,0.0,0.35310197,0.029580399
0.009,0.0,0.34001912,0.067357256
0.011224972,0.0,0.20307634,0.11345924
0.011224972,0.0,0.14449913,0.088051122
0.0067082039,0.0,0.32204503,0.15462535
0.003,0.0,0.12602777,0.4003973
0.006,0.0,0.37385291,0.24151605
0.010816654,0.0,0.36522459,0.48140004
0.009486833,0.0,0.10612257,0.42258017
0.010816654,0.0,0.16603614,0.393967
0.0084852814,0.0,0.14659468,0.60635798
0.011224972,0.0,0.080349238,0.19900251
0.0042426407,0.0,0.3140414,0.22940357
0.0067082039,0.0,0.25259256,0.087372765
0.009486833,0.0,0.29745252,0.070349129
0.0073484692,0.0,0.17906703,0.042848571
0.0051961524,0.0,0.12776541,0.050089919
0.0067082039,0.0,0.089465077,0.097637083
0.0042426407,0.0,0.41858571,0.13253301
0.011224972,0.0,0.52153811,0.39303689
0.003,0.0,0.27220029,0.42870269
0.009,0.0,0.27487815,0.28862779
0.013747727,0.0,0.2471538,0.22208332
0.012727922,0.0,0.03215587,0.048259714
0.006,0.0,0.12229881,0.10965856
0.003,0.0,0.020736441,0.1411276
0.006,0.0,0.0073484692,0.06483826
0.0099498744,0.0,0.051565492,0.020518285
0.009486833,0.0,0.081221918,0.057175169
0.006,0.0,0.071519228,0.027820855
0.0051961524,0.0,0.20941824,0.12102892
0.003,0.0,0.22571442,0.10422092
0.006,0.0,0.083743656,0.009
0.003,0.0,0.024186773,0.061708994
0.0067082039,0.0,0.06495383,0.093898882
0.0042426407,0.0,0.034785054,0.031575307
0.009486833,0.0,0.13185219,0.03283291
0.0067082039,0.0,0.19010786,0.032
0.009486833,0.0,0.298451,0.029614186
0.006,0.0,1.6305146,0.015
0.0067082039,0.0,0.095571962,0.014696938
0.0073484692,0.0,0.2752181,0.011224972
0.0067082039,0.0,0.080286985,0.009
0.011224972,0.0,0.082734515,0.009
0.009,0.0,0.036249138,0.0073484692
0.003,0.0,0.020248457,0.012369317
0.0084852814,0.0,0.009486833,0.0042426407
0.003,0.0,0.049457052,0.003
0.0067082039,0.0,0.16024044,0.0099498744
0.006,0.0,0.098984847,0.009
0.0042426407,0.0,0.11653755,0.0067082039
0.0067082039,0.0,0.29733146,0.0067082039
0.0,0.0,0.17523984,0.009486833
0.0,0.0,0.082788888,0.015588457
0.0,0.0,0.067631354,0.012369317
0.0,0.0,0.13237447,0.024698178
0.0,0.0,0.06041523,0.013
0.0,0.0,0.062361847,0.021213203
0.0,0.0,0.071175839,0.028896367
0.0,0.0,0.10429286,0.015264338
0.0,0.0,0.041773197,0.018601075
0.0,0.0,0.081712912,0.009
0.0,0.0,0.049426713,0.021
0.0,0.0,0.033674916,0.032295511
0.0,0.0,0.053740115,0.029529646
0.0,0.0,0.18754733,0.009
0.0,0.0,0.093429118,0.030430248
0.0,0.0,0.074357246,0.028757608
0.0,0.0,0.058266629,0.029698485
0.0,0.0,0.10486658,0.02
0.0,0.0,0.32986512,0.038794329
0.0,0.0,0.23170887,0.027
0.0,0.0,0.2525589,0.050019996
0.0,0.0,0.83522093,0.042213742
0.0,0.0,0.79388979,0.097637083
0.0,0.0,0.41755718,0.42429471
0.0,0.0,0.3169227,0.72123436
0.0,0.0,0.44778343,0.17819652
0.0,0.0,1.2037815,0.35225133
0.0,0.0,0.3272965,0.096633328
0.0,0.0,0.18041341,0.011224972
0.0,0.0,0.21092416,0.073986485
0.0,0.0,0.049678969,0.11386835
0.0,0.0,0.11612063,0.096886532
0.0,0.0,0.031032241,0.011224972
0.0,0.0,0.085965109,0.10348913
0.0,0.0,0.078492038,0.081926797
0.0,0.0,0.12712985,0.22847976
0.0,0.0,0.063788714,0.12859238
0.0,0.0,0.13367872,0.23789493
0.0,0.0,0.08205486,0.27892651
0.0,0.0,0.052325902,0.039698866
0.0,0.0,0.10263528,0.098336158
0.0,0.0,0.094915752,0.23221972
0.0,0.014071247,0.16848145,0.12873616
0.0,0.0042426407,0.07940403,0.044204072
0.0,0.0067082039,0.12455922,0.18714967
0.0,0.0073484692,0.02611513,0.16679628
0.0,0.003,0.15569522,0.063269266
0.0,0.0042426407,0.17817688,0.15616017
0.0,0.009486833,0.13529967,0.029765752
0.0,0.012727922,0.10427847,0.032186954
0.0,0.013416408,0.32485381,0.009
0.0,0.0042426407,0.31339592,0.011224972
0.0,0.012727922,0.26714041,0.024186773
0.0,0.0067082039,0.28744565,0.011224972
0.0,0.003,0.035860842,0.020124612
0.0,0.003,0.13921566,0.02184033
0.0,0.0067082039,0.13240468,0.012369317
0.0,0.012369317,0.16797619,0.0084852814
0.0,0.006,0.10477118,0.0067082039
0.0,0.003,0.11244554,0.02634388
0.0,0.0099498744,0.18459144,0.031240999
0.0,0.009,0.097994898,0.097698516
0.0,0.0,0.034655447,0.20238083
0.0,0.0042426407,0.026,0.28854462
0.0,0.0042426407,0.032787193,0.22944062
0.0,0.0067082039,0.027,0.085941841
0.0,0.009486833,0.016155494,0.14692175
0.0,0.0099498744,0.014317821,0.14334922
0.0,0.003,0.31066702,0.075392307
0.0,0.0067082039,0.33461321,0.044485953
0.0,0.0051961524,0.35659921,0.062225397
0.0,0.003,0.040926764,0.046195238
0.0,0.0067082039,0.41540703,0.036932371
0.0,0.006,0.24443199,0.032878564
0.0,0.016155494,0.19512304,0.39667745
0.0,0.010816654,0.013453624,0.40814826
0.0,0.0067082039,0.06565059,0.1369708
0.0,0.0067082039,0.051826634,0.069455021
0.0,0.0051961524,0.14124093,0.047423623
0.0,0.0067082039,0.13111064,0.061943523
0.0,0.0051961524,0.13973546,0.029
0.0,0.0099498744,0.065764732,0.077278716
0.0,0.0067082039,0.065924199,0.052278102
0.0,0.0051961524,0.017,0.099508794
0.0,0.0067082039,0.0042426407,0.071232015
0.0,0.0,0.019390719,0.092162899
0.0,0.003,0.022869193,0.047244047
0.0,0.016431677,0.003,0.08063498
0.0,0.082273933,0.0084852814,0.053037722
0.0,0.10307764,0.0073484692,0.095713113
0.0,0.038327536,0.0042426407,0.14418738
0.0,0.017916473,0.0042426407,0.035355339
0.0,0.041545156,0.012369317,0.052201533
0.0,0.025980762,0.0,0.045617979
0.0,0.04411349,0.012369317,0.041158231
0.0,0.044598206,0.003,0.13921566
0.0,0.015297059,0.10948059,0.099704564
0.0,0.022135944,0.092357999,0.7309617
0.0,0.013747727,0.013747727,0.19239023
0.0,0.010723805,0.0067082039,0.069173694
0.0,0.059757845,0.0073484692,0.13101527
0.0,0.079101201,0.0051961524,0.065749525
0.0,0.036728735,0.009486833,0.10057336
0.0,0.038392708,0.006,0.024186773
0.0,0.010816654,0.014696938,0.04973932
0.0,0.022045408,0.012369317,0.019313208
0.0,0.040137264,0.0099498744,0.054753995
0.0,0.028301943,0.0099498744,0.024186773
0.0,0.04482187,0.009,0.013747727
0.0,0.058111961,0.011224972,0.02879236
0.0,0.02184033,0.0042426407,0.057175169
0.0,0.027331301,0.023706539,0.05450688
0.0,0.037363083,0.030016662,0.082716383
0.0,0.04652956,0.029086079,0.003
0.0,0.015937377,0.25789339,0.036249138
0.0,0.036932371,0.36481365,0.059556696
0.0,0.025357445,0.49105702,0.043920383
0.0,0.003,0.82784238,0.039166312
0.0,0.012529964,0.64531078,0.049979996
0.0,0.018841444,0.27092065,0.057775427
0.0,0.013747727,0.26203244,0.051662365
0.0,0.013747727,0.0601415,0.02805352
0.0,0.018493242,0.28754304,0.052697249
0.0,0.014696938,0.15057888,0.055443665
0.0,0.01029563,0.25419087,0.046335731
0.0,0.021213203,0.42370981,0.21392055
0.0,0.010816654,0.35301133,0.18014161
0.0,0.0058309519,0.023622024,0.32404938
0.0,0.0058309519,0.12118168,0.28832967
0.0,0.013,0.055145263,0.14858668
0.0,0.012369317,0.17739504,0.119105
0.0,0.0,0.22817975,0.027166155
0.0,0.0085440037,0.11221854,0.16954645
0.0,0.0058309519,0.079303216,0.2095519
0.0,0.019209373,0.18729122,0.084029757
0.0,0.060423505,0.26925824,0.48268727
0.0,0.1681755,0.34708212,0.16858232
0.0,0.24906425,0.30535553,0.2593434
0.0,0.43266731,0.20968071,0.099934979
0.0,0.64034522,0.33028018,0.43301848
0.0,0.60363814,0.64132753,0.16576188
0.0,0.13852076,0.16424677,0.42069585
0.0,0.89222419,0.20074611,0.36241965
0.0,0.31570873,0.32397685,0.14644453
0.0,0.45344129,0.19077736,0.3366066
0.0,0.72511861,0.086585218,0.23396154
0.0,0.20960439,0.10374488,0.3009269
0.0,0.17568722,0.087344147,0.57105604
0.0,0.22456402,0.98393597,0.66945201
0.0,0.4449809,1.2061546,0.28773947
0.0,0.24103319,0.27502909,0.16495151
0.0,0.27734816,0.53788661,0.090210864
0.0,0.27265546,0.29071808,0.1751171
0.0,0.13357395,0.079265377,0.099669454
0.0,0.15063864,0.44633396,0.12282508
0.0,0.096337947,0.45150969,0.053619026
0.0,0.065810334,0.97120389,0.055036352
0.0,0.054735729,0.21503023,0.006
0.0,0.023622024,0.10230836,0.0084852814
0.0,0.029631065,0.41064462,0.013
0.0,0.04835287,0.28187409,0.009486833
0.0,0.024738634,0.18106629,0.0067082039
0.0,0.023622024,0.39011152,0.003
0.0,0.041976184,0.30350124,0.0051961524
0.0,0.18302186,0.1153473,0.01421267
0.0,0.18707218,0.13954211,0.01
0.0,0.15781318,0.23218527,0.003
0.0,0.13516286,0.1413577,0.015297059
0.0,0.055812185,0.36791575,0.015297059
0.0,0.35907381,0.073171033,0.006
0.0,0.064815122,0.16868017,0.011224972
0.0,0.32408795,0.23037795,0.0067082039
0.0,0.16228678,0.21716584,0.026324893
0.0,0.13084724,0.49564907,0.017748239
0.0,0.12558264,0.38499481,0.003
0.0,0.09096153,0.13781872,0.0067082039
0.0,0.062201286,0.32903039,0.0099498744
0.0,0.03923009,0.060514461,0.009486833
0.0,0.027946377,0.53543534,0.0067082039
0.0,0.028301943,0.42428528,0.0067082039
0.0,0.042426407,0.49865218,0.0051961524
0.0,0.055758407,0.35737096,0.003
0.0,0.061139185,0.14459945,0.0067082039
0.0,0.059824744,0.20899043,0.003
0.0,0.028653098,0.24765702,0.003
0.0,0.03312099,0.25933376,0.003
0.0,0.013416408,0.03630427,0.0099498744
0.0,0.073,0.064876806,0.010392305
0.0,0.050576674,0.03748333,0.040632499
0.0,0.030561414,0.031906112,0.027622455
0.0,0.092010869,0.014696938,0.1277928
0.0,0.064730209,0.015524175,0.24355287
0.0,0.02611513,0.017492856,0.22726416
0.0,0.07940403,0.0073484692,0.060704201
0.0,0.076557168,0.009486833,0.13139635
0.0,0.078962016,0.0067082039,0.062489999
0.0,0.087321246,0.010816654,0.041436699
0.0,0.24037471,0.012,0.038301436
0.0,0.19828515,0.012727922,0.048135226
0.0,0.24654614,0.0084852814,0.025632011
0.0,0.4422601,0.0067082039,0.011224972
0.0,0.24674683,0.015,0.0067082039
0.0,0.12717311,0.015,0.012369317
0.0,0.20242035,0.0067082039,0.013747727
0.0,0.08817029,0.006,0.032015621
0.0,0.064691576,0.009486833,0.026645825
0.0,0.03906405,0.012369317,0.019519221
0.0,0.073844431,0.009486833,0.022135944
0.0,0.19284709,0.0067082039,0.036728735
0.0,0.27223887,0.003,0.023515952
0.0,0.14889929,0.0099498744,0.0046904158
0.0,0.13603676,0.012369317,0.003
0.0,0.08041766,0.015297059,0.022825424
0.0,0.11606033,0.009,0.0084852814
0.0,0.81216316,0.0073484692,0.016309506
0.0,0.69602514,0.006,0.011575837
0.0,0.91447198,0.0073484692,0.0087749644
0.0,0.3269373,0.0073484692,0.012369317
0.0,0.34105865,0.012369317,0.01118034
0.16693112,0.083552379,0.0051961524,0.022649503
0.27875617,0.094477511,0.0042426407,0.023622024
0.14682643,0.15456067,0.011224972,0.009486833
0.094899947,0.20500488,0.003,0.0085440037
0.041761226,0.040718546,0.009,0.005
0.17636893,0.12533954,0.003,0.0080622577
0.17126879,0.026683328,0.006,0.0067082039
0.036810325,0.28681004,0.009,0.016370706
0.22915933,0.21325337,0.0042426407,0.020856654
0.047728398,0.052345009,0.013747727,0.0042426407
0.13452881,0.12007498,0.014071247,0.037669616
0.029,0.17692089,0.0042426407,0.082849261
0.035735137,0.15079456,0.0073484692,0.037456642
0.029223278,0.100005,0.0084852814,0.091815031
0.024372115,0.16130096,0.0067082039,0.028106939
0.014696938,0.31738462,0.006,0.044474712
0.07184706,0.42639653,0.0,0.099045444
0.045276926,0.5923217,0.003,0.038794329
0.016155494,0.24395286,0.008,0.010816654
0.003,0.27566102,0.015556349,0.018027756
0.011224972,0.087800911,0.021748563,0.027092434
0.009486833,0.072512068,0.015066519,0.02034699
0.0073484692,0.1296958,0.0094339811,0.047391982
0.010392305,0.1025963,0.003,0.029681644
0.012884099,0.044643029,0.0058309519,0.019209373
0.016278821,0.089949986,0.002,0.028301943
0.010816654,0.042906876,0.010440307,0.016431677
0.013076697,0.12980755,0.0042426407,0.019
0.0099498744,0.11691878,0.012884099,0.023706539
0.009486833,0.034928498,0.022649503,0.011916375
0.006,0.011224972,0.017804494,0.018601075
0.003,0.05450688,0.0,0.020099751
0.003,0.040422766,0.0042426407,0.037349699
0.009486833,0.054990908,0.009486833,0.091197588
0.0067082039,0.09096153,0.011224972,0.09712878
0.016155494,0.07094364,0.016911535,0.1743961
0.029,0.64894838,0.011,0.17976373
0.29983162,0.55612319,0.0,0.29381116
0.43451352,0.053235327,0.009,0.12114041
0.47234839,0.13399627,0.009,0.070213959
0.35137729,0.099989999,0.0042426407,0.13174976
0.69195376,0.10538501,0.0073484692,0.12112803
0.22079176,0.022737634,0.009486833,0.15616017
0.27406751,0.066940272,0.0073484692,0.03324154
0.25256682,0.17082447,0.009486833,0.016970563
0.30574009,0.13761177,0.010816654,0.018493242
0.18034689,0.18818608,0.012369317,0.016911535
0.1501033,0.081098705,0.0067082039,0.049568135
0.34312388,0.075815566,0.003,0.037536649
0.14512408,0.06844706,0.003,0.011789826
0.31851845,0.080870266,0.0,0.022045408
0.11355175,0.16693112,0.003,0.012727922
0.1685319,0.13657965,0.006,0.009
0.14400694,0.1548354,0.0067082039,0.012369317
0.094292099,0.18175258,0.0042426407,0.014071247
0.035256205,0.055308227,0.0042426407,0.006
0.048259714,0.030512293,0.0073484692,0.003
0.056008928,0.039862263,0.012727922,0.0
0.045354162,0.061229078,0.0067082039,0.012369317
0.023345235,0.13597794,0.0073484692,0.012727922
0.080361682,0.057905095,0.0,0.011224972
0.04007493,0.062569961,0.0063245553,0.012369317
0.018493242,0.13345411,0.0036055513,0.010392305
0.027820855,0.12305283,0.006,0.006
0.021424285,0.099121138,0.006,0.0084852814
0.045177428,0.096182119,0.011224972,0.012369317
0.098645831,0.24863226,0.013076697,0.010816654
0.031575307,0.1575373,0.0067082039,0.011224972
0.12714165,0.22790568,0.0046904158,0.0099498744
0.20514873,0.26769199,0.002,0.010816654
0.098453034,0.14758726,0.009,0.011224972
0.3310876,0.14418391,0.009,0.0067082039
0.19378854,0.12601984,0.012369317,0.010816654
0.070007142,0.14732956,0.018708287,0.0067082039
0.060646517,0.19908792,0.020322401,0.0073484692
0.45669027,0.082486363,0.019209373,0.009
0.3199203,0.37489999,0.0092195445,0.009
0.15317963,0.52815149,0.0092195445,0.0067082039
0.069498201,0.18402174,0.013416408,0.013747727
0.056727418,0.11098198,0.0067082039,0.015
0.076772391,0.11653755,0.003,0.009486833
0.033615473,0.041412558,0.0073484692,0.0067082039
0.04411349,0.043749286,0.003,0.011224972
0.093091353,0.085276022,0.009,0.0084852814
0.059757845,0.19392266,0.010723805,0.015588457
0.029698485,0.076380626,0.014,0.021213203
0.038910153,0.055081757,0.012884099,0.012369317
0.014,0.10329569,0.015132746,0.011224972
0.022737634,0.10456577,0.022649503,0.0067082039
0.060934391,0.033075671,0.009,0.009
0.11157509,0.13052969,0.0067082039,0.010816654
0.25407282,0.053347915,0.0067082039,0.0067082039
0.17149636,0.22269935,0.003,0.012369317
0.025199206,0.36761393,0.003,0.0042426407
0.16903846,0.24037887,0.003,0.0073484692
0.24690484,0.20634922,0.003,0.009
0.29539973,0.34817955,0.009486833,0.010816654
0.074242845,0.075239617,0.011,0.022045408
0.14933519,0.14265343,0.0042426407,0.016155494
0.048928519,0.24471003,0.012409674,0.014696938
0.18794148,0.64109282,0.013747727,0.0090553851
0.035860842,0.11172287,0.0036055513,0.009486833
0.046711883,0.15079456,0.0085440037,0.016093477
0.022671568,0.052009614,0.0067082039,0.012369317
0.053674948,0.0822253,0.0073484692,0.013076697
0.061090097,0.054598535,0.0,0.003
0.065429351,0.062072538,0.0051961524,0.003
0.0042426407,0.049376108,0.014866069,0.0084852814
0.030413813,0.22275996,0.010440307,0.0067082039
0.032756679,0.22369846,0.017691806,0.0
0.013747727,0.17367498,0.014422205,0.006
0.023043437,0.038704005,0.011916375,0.009
0.019209373,0.14714958,0.01473092,0.011401754
0.038170669,0.064280635,0.0036055513,0.0090553851
0.020808652,0.1488825,0.026248809,0.009486833
0.015,0.15262372,0.021540659,0.009
0.054405882,0.10105444,0.0,0.0073484692
0.036152455,0.060975405,0.008,0.010816654
0.045749317,0.14486891,0.0036055513,0.003
0.090027773,0.12246224,0.0,0.0067082039
0.052782573,0.044788391,0.009,0.0042426407
0.081498466,0.086458082,0.010816654,0.015
0.087960218,0.19907034,0.0085440037,0.015
0.055036352,0.061449166,0.01,0.006
0.017972201,0.093322023,0.003,0.0051961524
0.034452866,0.1006926,0.0042426407,0.0084852814
0.06090156,0.065421709,0.0042426407,0.0042426407
0.049859803,0.20671236,0.010440307,0.003
0.043462628,0.28230834,0.007,0.003
0.034336569,0.15683112,0.002,0.0051961524
0.017691806,0.23735838,0.002,0.0067082039
0.010816654,0.38976147,0.010816654,0.003
0.023194827,0.40448609,0.009,0.0042426407
0.016970563,0.074249579,0.010816654,0.003
0.022649503,0.030561414,0.009486833,0.0067082039
0.013747727,0.12614278,0.0067082039,0.0
0.011224972,0.44016133,0.0042426407,0.0051961524
0.053619026,0.47975931,0.0073484692,0.009
0.054972721,0.55926827,0.0083666003,0.009486833
0.032388269,0.46976803,0.0,0.0067082039
0.039357337,0.46695824,0.0,0.0099498744
0.019209373,0.40992438,0.0,0.009486833
0.10332473,0.57189597,0.0,0.0073484692
0.097061836,0.31654542,0.0,0.0042426407
0.066287254,0.17712425,0.0,0.0067082039
0.024392622,0.094562149,0.0,0.009486833
0.016155494,0.079806015,0.0,0.0042426407
0.030265492,0.12750294,0.0,0.0084852814
0.031843367,0.34919049,0.0,0.0084852814
0.038170669,0.88463608,0.0,0.015588457
0.033970576,0.32456278,0.0,0.0042426407
0.068330081,0.5181853,0.0,0.0
0.14253771,0.20253148,0.0,0.0
0.11579724,0.27353062,0.0,0.0
0.099478641,0.29978326,0.0,0.0
0.090658701,0.13416781,0.0,0.0
0.054827001,0.15767688,0.0,0.0
0.15227935,0.13642947,0.0,0.0
0.10234256,0.12525973,0.0,0.0
0.080950602,0.21855434,0.0,0.0
0.038418745,0.15447006,0.0,0.0
0.064171645,0.085498538,0.0,0.0
0.062329768,0.098086696,0.0,0.0
0.025,0.10072735,0.0,0.0
0.085240835,0.056329388,0.0,0.0
0.096260064,0.12329234,0.0,0.0
0.21735455,0.043554563,0.0,0.0
0.19973482,0.048383882,0.0,0.0
0.074222638,0.06356886,0.0,0.0
0.23425414,0.031064449,0.0,0.0
0.2189726,0.076596345,0.0,0.0
0.090144329,0.21254176,0.0,0.0
0.11948222,0.52128591,0.0,0.0
0.085094066,0.35951495,0.0,0.0
0.060539243,0.63357794,0.0,0.0
0.07739509,0.083833168,0.0,0.0
0.13676622,0.20894497,0.0,0.0
0.1793544,0.020736441,0.0,0.0
0.081896276,0.091350972,0.0,0.0
0.18132016,0.028653098,0.0,0.0
0.11296902,0.021095023,0.0,0.0
0.12651482,0.083743656,0.0,0.0
0.06104097,0.067542579,0.0,0.0
0.065215029,0.086562116,0.0,0.0
0.13805434,0.13412308,0.0,0.0
0.070384657,0.029765752,0.0,0.0
0.14778701,0.015297059,0.0,0.0
0.17146428,0.10427847,0.0,0.0
0.093010752,0.022472205,0.0,0.0
0.13752818,0.081810757,0.0,0.0
0.012369317,0.051894123,0.0,0.0
0.14863041,0.046314145,0.0,0.0
0.29352683,0.058855756,0.0,0.0
0.056648036,0.14858668,0.0,0.0
0.31427536,0.10053358,0.0,0.0
0.098412398,0.020223748,0.0,0.0
0.23683539,0.24436448,0.0,0.0
0.15740394,0.49869129,0.0,0.0
0.12970736,0.11152578,0.0,0.0
0.057017541,0.13653205,0.0,0.0
0.036221541,0.099989999,0.0,0.0
0.043324358,0.12343014,0.0,0.0
0.015,0.084599054,0.0,0.0
0.025942244,0.046765372,0.0,0.0
0.064195015,0.093171884,0.0,0.0
0.060473135,0.22148815,0.0,0.0
0.026851443,0.187542,0.0,0.0
0.035298725,0.042237424,0.0,0.0
0.039812058,0.090906545,0.0,0.0
0.042272923,0.085895285,0.0,0.0
0.053712196,0.046583259,0.0,0.0
0.038626416,0.072284161,0.0,0.0
0.087120606,0.074249579,0.0,0.0
0.20874386,0.077103826,0.0,0.0
0.14152738,0.031336879,0.0,0.0
0.092276758,0.014525839,0.0,0.0
0.037107951,0.034785054,0.0,0.0
0.057801384,0.06685058,0.0,0.0
0.022135944,0.20636618,0.0,0.0
0.093829633,0.31158466,0.0,0.0
0.12671227,0.17303757,0.0,0.0
0.05479051,0.0042426407,0.0,0.0
0.11006362,0.13928388,0.0,0.0
0.11670476,0.062585941,0.0,0.0
0.031208973,0.061106464,0.0,0.0
0.017233688,0.055226805,0.0,0.0
0.033600595,0.059983331,0.0,0.0
0.018193405,0.034928498,0.0,0.0
0.15510964,0.094154129,0.0,0.0
0.10646126,0.0802683,0.0,0.0
0.055081757,0.10356158,0.0,0.0
0.071930522,0.074578817,0.0,0.0
0.10160709,0.1661385,0.0,0.0
0.034597688,0.23906903,0.0,0.0
0.069354164,0.083168504,0.0,0.0
0.071568149,0.052839379,0.0,0.0
0.093866927,0.073797019,0.0,0.0
0.058600341,0.13252547,0.0,0.0
0.070731888,0.065916614,0.0,0.0
0.054387499,0.14389232,0.0,0.0
0.12628935,0.070405966,0.0,0.0
0.060241182,0.039849718,0.0,0.0
0.20775226,0.047349762,0.0,0.0
0.39387942,0.067014924,0.0,0.0
0.16944025,0.14141428,0.0,0.0
0.13485548,0.27912184,0.0,0.0
0.18822858,0.22765544,0.0,0.0
0.066670833,0.14470314,0.0,0.0
0.044485953,0.1904731,0.0,0.0
0.11667905,0.21044002,0.0,0.0
0.050803543,0.12716131,0.0,0.0
0.093600214,0.17678518,0.0,0.0
0.046497312,0.1992511,0.0,0.0
0.059245253,0.077336925,0.0,0.0
0.032557641,0.080156098,0.0,0.0
0.019874607,0.11230316,0.0,0.0
0.018920888,0.07993122,0.0,0.0
0.033105891,0.16573774,0.0,0.0
0.016911535,0.25229744,0.0,0.0
0.015297059,0.18971821,0.0,0.0
0.017233688,0.075848533,0.0,0.0
0.019899749,0.067941151,0.0,0.0
0.017204651,0.022405357,0.0,0.0
0.015231546,0.081767964,0.0,0.0
0.012884099,0.049588305,0.0,0.0
0.025670995,0.049162994,0.0,0.0
0.037336309,0.047927028,0.0,0.0
0.10722406,0.085486841,0.0,0.0
0.027658633,0.19946428,0.0,0.0
0.017521415,0.1604556,0.0,0.0
0.039166312,0.32575144,0.0,0.0
0.036262929,0.20578873,0.0,0.0
0.018601075,0.12871674,0.0,0.0
0.018973666,0.03232646,0.0,0.0
0.014317821,0.093107465,0.0,0.0
0.029631065,0.17415797,0.0,0.0
0.068709534,0.068724086,0.0,0.0
0.10616026,0.039623226,0.0,0.0
0.036359318,0.10793053,0.0,0.0
0.18428511,0.21593981,0.0,0.0
0.10752674,0.55947386,0.0,0.0
0.11363978,0.36996621,0.0,0.0
0.10959015,0.27091881,0.0,0.0
0.16992351,0.26860007,0.0,0.0
0.046357308,0.16910056,0.0,0.0
0.072532751,0.28938037,0.0,0.0
0.060514461,0.37695756,0.0,0.0
0.045321077,0.47278854,0.0,0.0
0.057801384,0.29543358,0.0,0.0
0.045453273,0.54662876,0.0,0.0
0.098264948,0.78944601,0.0,0.0
0.09313968,0.44659713,0.0,0.0
0.06932532,0.25023389,0.0,0.0
0.10346497,0.72550741,0.0,0.0
0.05654202,1.6341561,0.0,0.0
0.027820855,1.9669718,0.0,0.0
0.032878564,0.54588002,0.0,0.0
0.041773197,0.1520592,0.0,0.0
0.040963398,0.062553977,0.0,0.0
0.080156098,0.097272812,0.0,0.0
0.046335731,0.071512237,0.0,0.0
0.029614186,0.14058449,0.0,0.0
0.010816654,0.1143722,0.0,0.0
0.017691806,0.10115335,0.0,0.0
0.019390719,0.021023796,0.0,0.0
0.019467922,0.029966648,0.0,0.0
0.018681542,0.027820855,0.0,0.0
0.015132746,0.06860758,0.0,0.0
0.04428318,0.027313001,0.0,0.0
0.032046841,0.019467922,0.0,0.0
0.019672316,0.037815341,0.0,0.0
0.019467922,0.077175126,0.0,0.0
0.02034699,0.12074767,0.0,0.0
0.031176915,0.051613952,0.0,0.0
0.009,0.021,0.0,0.0
0.037121422,0.011224972,0.0,0.0
0.04767599,0.0430581,0.0,0.0
0.034263683,0.013416408,0.0,0.0
0.024758837,0.020124612,0.0,0.0
0.025238859,0.012884099,0.0,0.0
0.039051248,0.033376639,0.0,0.0
0.027,0.034727511,0.0,0.0
0.02634388,0.073763134,0.0,0.0
0.019209373,0.16066736,0.0,0.0
0.026172505,0.50693096,0.0,0.0
0.030951575,1.2413283,0.0,0.0
0.016431677,1.0075574,0.0,0.0
0.012369317,0.8036977,0.0,0.0
0.011224972,0.62466711,0.0,0.0
0.012369317,0.53856383,0.0,0.0
0.020832667,0.14589722,0.0,0.0
0.014866069,0.14686729,0.0,0.0
0.018681542,0.11064809,0.0,0.0
0.0084852814,0.13926952,0.0,0.0
0.006,0.83144693,0.0,0.0
0.017492856,0.30457347,0.0,0.0
0.028460499,0.96830729,0.0,0.0
0.063411355,0.32478454,0.0,0.0
0.047265209,0.32765988,0.0,0.0
0.053478968,0.17149052,0.0,0.0
0.07940403,0.52412403,0.0,0.0
0.1262141,0.25777898,0.0,0.0
0.083102347,0.36489176,0.0,0.0
0.027622455,0.33508208,0.0,0.0
0.067014924,0.11945711,0.0,0.0
0.031670175,0.57383011,0.0,0.0
0.060514461,0.11358697,0.0,0.0
0.035623026,0.48207572,0.0,0.0
0.041761226,0.21163412,0.0,0.0
0.041545156,0.45531088,0.0,0.0
0.038470768,0.37054824,0.0,0.0
0.055785303,0.11284503,0.0,0.0
0.12349494,0.12357184,0.0,0.0
0.10984079,0.076876524,0.0,0.0
0.048270074,0.034727511,0.0,0.0
0.11152578,0.058949131,0.0,0.0
0.094451046,0.039471509,0.0,0.0
0.030512293,0.020688161,0.0,0.0
0.013747727,0.003,0.0,0.0
0.034176015,0.025495098,0.0,0.0
0.026683328,0.018708287,0.0,0.0
0.028583212,0.012369317,0.0,0.0
0.069949982,0.011224972,0.0,0.0
0.10141992,0.026851443,0.0,0.0
0.13285707,0.027349589,0.0,0.0
0.17994721,0.016370706,0.0,0.0
0.14258682,0.009486833,0.0,0.0
0.1375827,0.014866069,0.0,0.0
0.14385409,0.0094339811,0.0,0.0
0.06166036,0.0067082039,0.0,0.0
0.091842256,0.008,0.0,0.020124612
0.11126994,0.010392305,0.0,0.0058309519
0.1291743,0.010816654,0.0,0.0042426407
0.094260278,0.0067082039,0.0,0.005
0.070221079,0.009,0.0,0.003
0.086977008,0.0067082039,0.0,0.003
0.067742158,0.0078102497,0.0,0.0042426407
0.099403219,0.013490738,0.0,0.006
0.19528441,0.0046904158,0.0,0.011224972
0.12061924,0.01,0.0,0.003
0.1271849,0.012041595,0.0,0.0042426407
0.15901258,0.015066519,0.0,0.0099498744
0.16603012,0.003,0.0,0.015427249
0.20407352,0.003,0.0,0.016552945
0.089827613,0.009486833,0.0,0.0099498744
0.11381125,0.0067082039,0.0,0.009486833
0.036469165,0.036510273,0.0,0.013076697
0.17237749,0.06942622,0.0,0.003
0.21066086,0.20006499,0.041976184,0.015
0.13972831,1.481373,0.069835521,0.009
0.17681912,1.5297899,0.041303753,0.0051961524
0.27304395,0.11393419,0.060149813,0.011789826
0.17235139,0.20096517,0.031575307,0.006
0.012409674,0.30315178,0.023769729,0.016552945
0.076583288,0.20855695,0.012409674,0.011789826
0.23973736,0.043874822,0.0042426407,0.017748239
0.075213031,0.017492856,0.008,0.01473092
0.070434367,0.036592349,0.014317821,0.012041595
0.23215943,0.051594573,0.016970563,0.0
0.041448764,0.047349762,0.010816654,0.0085440037
0.46215474,0.041797129,0.009,0.0098488578
0.25604882,0.033778692,0.0067082039,0.015811388
0.36883601,0.071428286,0.003,0.0042426407
0.3552098,0.023043437,0.003,0.011661904
0.14838127,0.034336569,0.0085440037,0.0085440037
0.16493029,0.042544095,0.012884099,0.0067082039
0.24959768,0.031527766,0.0073484692,0.01
0.31365427,0.0051961524,0.010440307,0.0083666003
0.50580629,0.056797887,0.01,0.0042426407
0.38057588,0.018493242,0.003,0.008
0.53967212,0.017748239,0.0042426407,0.0065574385
1.7935732,0.015297059,0.0051961524,0.009486833
1.0999282,0.038548671,0.0042426407,0.0099498744
0.60995164,0.027349589,0.0042426407,0.01421267
0.5399713,0.015297059,0.006,0.015231546
1.4531789,0.028160256,0.012727922,0.012369317
1.3249155,0.050487622,0.009486833,0.017349352
0.14312582,0.011401754,0.0067082039,0.0085440037
0.076085478,0.024698178,0.006,0.0085440037
0.094345111,0.02541653,0.0067082039,0.0085440037
0.073109507,0.04365776,0.006,0.0042426407
0.065030762,0.016643317,0.009486833,0.003
0.028301943,0.017262677,0.009486833,0.003
0.06041523,0.0073484692,0.012529964,0.008
0.10115335,0.003,0.006,0.0065574385
0.067985293,0.015,0.0090553851,0.0051961524
0.027202941,0.013453624,0.0099498744,0.0051961524
0.016970563,0.003,0.0083666003,0.0051961524
0.035468296,0.018601075,0.010440307,0.003
0.038548671,0.017262677,0.019235384,0.0042426407
0.033526109,0.015524175,0.010816654,0.0042426407
0.038170669,0.015427249,0.044508426,0.003
0.069706528,0.0,0.038587563,0.0
0.040755368,0.011401754,0.0042426407,0.0
0.028670542,0.011224972,0.005,0.0
0.046561787,0.006,0.0065574385,0.0
0.027676705,0.0084852814,0.003,0.003
0.044373415,0.0067082039,0.0,0.0042426407
0.023895606,0.02570992,0.0058309519,0.0051961524
0.063118935,0.020124612,0.0058309519,0.0042426407
0.043462628,0.026758176,0.003,0.0051961524
0.039051248,0.0099498744,0.0083666003,0.0042426407
0.12029963,0.0099498744,0.003,0.0042426407
0.23146058,0.013416408,0.010440307,0.0067082039
0.41117028,0.019,0.0042426407,0.0042426407
0.41250818,0.02,0.0058309519,0.011
0.34673333,0.0067082039,0.012083046,0.0078102497
0.48815879,0.003,0.013490738,0.0073484692
0.59962905,0.011445523,0.0083666003,0.009
0.32512613,0.0098488578,0.003,0.003
0.10038426,0.016278821,0.003,0.0042426407
0.18929606,0.0084852814,0.0067082039,0.009
0.070562029,0.012369317,0.06636264,0.011224972
0.12657014,0.0085440037,0.061098281,0.009
0.25138417,0.014317821,0.41576315,0.0073484692
0.87810535,0.0073484692,0.41848297,0.0084852814
0.75121834,0.009,0.66225448,0.014696938
0.051487863,0.003,0.19527673,0.0051961524
0.34805028,0.0067082039,0.18164251,0.015588457
0.24526516,0.009,0.15001667,0.017492856
1.8829907,0.0042426407,0.11286718,0.024556058
1.8942001,0.003,0.046010868,0.023769729
0.35765067,0.009,0.06074537,0.061943523
0.27553766,0.010816654,0.01356466,0.042
0.6324919,0.015,0.06322974,0.034132096
0.38535568,0.013747727,0.034727511,0.052773099
0.7407368,0.020124612,0.012,0.049889879
0.16800595,0.014317821,0.012369317,0.019
0.35635095,0.018761663,0.018248288,0.0067082039
0.1713155,0.0083666003,0.013076697,0.012369317
0.25435605,0.0058309519,0.016155494,0.012369317
0.2242677,0.011224972,0.010816654,0.0051961524
0.22960401,0.01421267,0.0073484692,0.0067082039
0.14803378,0.003,0.018973666,0.0073484692
0.098944429,0.012409674,0.029698485,0.0067082039
0.068366659,0.013453624,0.003,0.0042426407
0.028635642,0.009,0.028460499,0.0042426407
0.037134889,0.0065574385,0.0042426407,0.0042426407
0.03132092,0.012369317,0.018275667,0.0073484692
0.025238859,0.012369317,0.050764161,0.009
0.044911023,0.011,0.070462756,0.012369317
0.049648766,0.01,0.13298496,0.0073484692
0.036633318,0.013416408,0.24798387,0.0042426407
0.020248457,0.0067082039,0.47808577,0.0042426407
0.013601471,0.0042426407,0.25750728,0.003
0.02541653,0.010816654,0.15700318,0.0067082039
0.015297059,0.016431677,0.23069027,0.0042426407
0.02293469,0.009,0.17206104,0.0042426407
0.010816654,0.009486833,0.10285913,0.0051961524
0.011789826,0.0067082039,0.042544095,0.0042426407
0.015,0.0042426407,0.4624673,0.003
0.0036055513,0.006,0.24434811,0.003
0.018547237,0.0,0.39874929,0.0073484692
0.018027756,0.0042426407,0.47803556,0.003
0.015620499,0.003,0.47995208,0.010392305
0.015427249,0.0042426407,1.2168361,0.0067082039
0.0099498744,0.010816654,1.301511,0.003
0.0067082039,0.003,0.44316363,0.0073484692
0.0067082039,0.019442222,0.18073738,0.0067082039
0.011224972,0.013076697,0.16997353,0.0042426407
0.015,0.0042426407,0.09486833,0.012727922
0.018439089,0.013416408,0.11921829,0.0099498744
0.012,0.0099498744,0.35475203,0.018761663
0.018439089,0.0,0.088774996,0.017
0.016155494,0.0,0.76488496,0.0067082039
0.003,0.0,0.24304321,0.022449944
0.079661785,0.0,0.14827677,0.035749126
0.023622024,0.0,0.14270599,0.01473092
0.29249786,0.0,0.13702555,0.022203603
0.43575796,0.0,0.19548146,0.0067082039
0.53912336,0.0,0.1584582,0.015
0.20929166,0.0,0.11029506,0.0099498744
0.6994648,0.0,0.07119691,0.0084852814
0.52160713,0.0,0.035805028,0.0084852814
0.17133301,0.0,0.054680892,0.0067082039
0.010723805,0.0,0.025455844,0.003
0.042755117,0.0,0.072642962,0.0042426407
0.09063112,0.0,0.25129664,0.0042426407
0.076563699,0.0,0.22922696,0.0
0.047518417,0.0,0.15644488,0.003
0.037802116,0.0,0.12570601,0.003
0.060041652,0.0,0.023043437,0.003
0.060638272,0.0,0.057879185,0.0042426407
0.02034699,0.0,0.16439586,0.0042426407
0.024186773,0.0,0.032557641,0.003
0.036249138,0.0,0.12624975,0.003
0.032863353,0.0,0.038078866,0.011224972
0.016155494,0.0,0.02059126,0.013453624
0.056753854,0.0,0.13801811,0.056885851
0.046615448,0.0,0.10293687,0.072006944
0.029614186,0.0,0.042860238,0.14197887
0.019209373,0.0,0.08616844,0.2087247
0.042720019,0.0,0.049284886,0.3147364
0.03354102,0.0,0.12091733,0.050487622
0.03354102,0.0,0.25775958,0.046454279
0.061065539,0.0,0.19128251,0.052488094
0.041218928,0.0,0.15480956,0.0042426407
0.023043437,0.0,0.20252407,0.009
0.024351591,0.0,0.080684571,0.010440307
0.017,0.0,0.15893395,0.013747727
0.029427878,0.0,0.083384651,0.01
0.015,0.0,0.19270963,0.0
0.036386811,0.0,0.22667377,0.010440307
0.015588457,0.0,0.13376098,0.0073484692
0.0067082039,0.0,0.15411035,0.012529964
0.018601075,0.0,0.10048881,0.003
0.0084852814,0.0,0.12557866,0.01
0.0099498744,0.0,0.1934244,0.0084852814
0.017349352,0.0,0.20304926,0.0073484692
0.017748239,0.0,0.36337997,0.003
0.021424285,0.0,0.40433773,0.0067082039
0.009486833,0.0,0.43680774,0.009
0.0099498744,0.0,0.32410029,0.0067082039
0.009,0.0,0.14207744,0.0067082039
0.015,0.0,0.29707575,0.0067082039
0.018248288,0.0,0.20630802,0.01
0.0090553851,0.0,0.31409075,0.005
0.0042426407,0.0,0.15928905,0.0051961524
0.027820855,0.0,0.11227199,0.018439089
0.035468296,0.0,0.051701064,0.018601075
0.02184033,0.0,0.1411524,0.017
0.019209373,0.0,0.13685394,0.019235384
0.016155494,0.0,0.060671245,0.011224972
0.006,0.0,0.13829678,0.0042426407
0.020736441,0.0,0.019723083,0.0042426407
0.024454039,0.0,0.05192302,0.030016662
0.0084852814,0.0,0.034727511,0.046882833
0.0098488578,0.0,0.06061353,0.066490601
0.015297059,0.0,0.069491007,0.018681542
0.003,0.0,0.077472576,0.005
0.017349352,0.0,0.07624959,0.0084852814
0.006,0.0,0.073525506,0.0051961524
0.013076697,0.0,0.029614186,0.009486833
0.003,0.0,0.033823069,0.011224972
0.011224972,0.0,0.058060313,0.0073484692
0.012369317,0.0,0.049162994,0.013416408
0.0085440037,0.0,0.035623026,0.053535035
0.003,0.0,0.093605555,0.2645808
0.0058309519,0.0,0.039127995,0.11797457
0.006,0.0,0.013076697,0.13307892
0.0067082039,0.0,0.024596748,0.12416521
0.0,0.0,0.06227359,0.17789323
0.005,0.0,0.014317821,0.085732141
0.01421267,0.0,0.10883933,0.04501111
0.016552945,0.0,0.019442222,0.04411349
0.031906112,0.0,0.047853944,0.035411862
0.015556349,0.0,0.06888396,0.022449944
0.016911535,0.0,0.010440307,0.0085440037
0.0067082039,0.0,0.12609917,0.021931712
0.0067082039,0.0,0.16764546,0.031717503
0.009,0.0,0.654648,0.027892651
0.017492856,0.0,0.50997745,0.025632011
0.010723805,0.0,0.36733636,0.016431677
0.011401754,0.06888396,0.091945636,0.057853263
0.0073484692,0.083767535,0.043370497,0.021
0.012369317,0.096963911,0.18793616,0.023
0.011224972,0.32196428,0.36106786,0.018248288
0.0099498744,0.26613718,0.30621234,0.14501379
0.015297059,0.130679,0.12717311,0.087515713
0.016155494,0.05920304,0.064969223,0.025179357
0.011224972,0.14784789,0.17619875,0.06721607
0.016370706,0.059757845,0.065833122,0.062201286
0.016124515,0.023,0.023216374,0.012529964
0.003,0.03342155,0.12316655,0.01421267
0.0058309519,0.014,0.034928498,0.056938563
0.016155494,0.0067082039,0.065314623,0.054525224
0.015620499,0.012727922,0.36315561,0.037107951
0.0051961524,0.016431677,0.23169808,0.028460499
0.012041595,0.015588457,0.10325696,0.010816654
0.003,0.010816654,0.10273266,0.050089919
0.0058309519,0.010816654,0.46433932,0.027946377
0.013453624,0.020223748,0.31204006,0.088774996
0.003,0.023323808,0.3752186,0.17716941
0.012409674,0.012884099,0.43355622,0.16600301
0.003,0.015620499,0.17894413,0.29510845
0.010440307,0.018761663,0.2636456,0.071791364
0.012529964,0.017,0.24882323,0.019672316
0.010816654,0.009,0.60591336,0.0076811457
0.013416408,0.010392305,0.35167883,0.030016662
0.019209373,0.024919872,0.32670629,0.044788391
0.011224972,0.027495454,0.088622796,0.013928388
0.012409674,0.023043437,0.129031,0.05217279
0.0042426407,0.017492856,0.12890694,0.038587563
0.0073484692,0.019442222,0.19637973,0.012
0.0078102497,0.015,0.14685026,0.05375872
0.0065574385,0.006,0.053721504,0.13057948
0.009486833,0.010816654,0.20983088,0.39988373
0.01029563,0.0,0.28504035,0.31847292
0.008,0.0042426407,0.095854056,0.4083185
0.01,0.003,0.51451531,0.17300289
0.0067082039,0.0042426407,0.40828054,0.35377535
0.0,0.013076697,0.47624049,0.14013208
0.0,0.015620499,0.62211012,0.13621307
0.0,0.0073484692,0.61279034,0.083576312
0.0,0.0083666003,0.35523795,0.027676705
0.0,0.0078102497,0.06786015,0.021424285
0.0,0.011661904,0.13616901,0.017691806
0.0,0.011661904,0.074478185,0.054203321
0.0,0.0067082039,0.10412012,0.029614186
0.0,0.006,0.067653529,0.048332184
0.0,0.006,0.068622154,0.020808652
0.0,0.006,0.018493242,0.034655447
0.0,0.0058309519,0.0046904158,0.033970576
0.0,0.01,0.020223748,0.091613318
0.0,0.01,0.024535688,0.027073973
0.0,0.013416408,0.0067082039,0.015620499
0.0,0.0084852814,0.015362291,0.029410882
0.0,0.0067082039,0.011313708,0.029563491
0.0,0.006,0.007,0.025
0.0,0.010392305,0.002,0.017233688
0.0,0.0073484692,0.015264338,0.017233688
0.0,0.0067082039,0.0073484692,0.017748239
0.0,0.0,0.0067082039,0.032449961
0.0,0.003,0.009,0.0078102497
0.0,0.0042426407,0.009486833,0.017748239
0.0,0.0065574385,0.0067082039,0.018439089
0.0,0.003,0.011224972,0.032787193
0.0,0.011916375,0.012529964,0.053712196
0.0,0.014525839,0.003,0.065833122
0.0,0.011789826,0.0094339811,0.03522783
0.0,0.0078102497,0.016278821,0.052971691
0.0,0.0083666003,0.013747727,0.1115482
0.0,0.0098994949,0.014866069,0.014071247
0.0,0.01,0.009,0.015297059
0.0,0.0098994949,0.01421267,0.003
0.0,0.014456832,0.012529964,0.061554854
0.0,0.015066519,0.0085440037,0.043011626
0.0,0.014456832,0.0085440037,0.027676705
0.0,0.013341664,0.017378147,0.012884099
0.0,0.0073484692,0.022825424,0.026400758
0.0,0.003,0.025179357,0.098898938
0.0,0.0,0.0073484692,0.31935247
0.0,0.003,0.003,0.051507281
0.0,0.0042426407,0.0053851648,0.042213742
0.0,0.003,0.012529964,0.015297059
0.0,0.0,0.0099498744,0.024738634
0.0,0.0067082039,0.012165525,0.090625603
0.0,0.0042426407,0.015937377,0.033749074
0.0,0.011,0.010198039,0.07685701
0.0,0.014866069,0.0073484692,0.02805352
0.0,0.0078102497,0.01,0.009
0.0,0.0085440037,0.026019224,0.050309045
0.0,0.003,0.028600699,0.022226111
0.0,0.005,0.010198039,0.039166312
0.0,0.006,0.014696938,0.0099498744
0.0,0.0078102497,0.009,0.11854957
0.0,0.0070710678,0.0067082039,0.025942244
0.0,0.005,0.011224972,0.050803543
0.0,0.0070710678,0.0046904158,0.096182119
0.0,0.012529964,0.012529964,0.1574357
0.0,0.017691806,0.011789826,0.06807349
0.0,0.009,0.014628739,0.054313902
0.0,0.0084852814,0.028071338,0.021633308
0.0,0.010816654,0.014071247,0.13422742
0.0,0.016309506,0.016431677,0.11566763
0.0,0.0090553851,0.003,0.011224972
0.0,0.0090553851,0.0073484692,0.054157179
0.0,0.0083666003,0.008,0.051088159
0.0,0.024289916,0.040410395,0.060174746
0.0,0.01473092,0.020124612,0.036180105
0.0,0.0051961524,0.009486833,0.10167596
0.0,0.006,0.010816654,0.071700767
0.0,0.0058309519,0.03522783,0.14976315
0.0,0.0,0.012529964,0.14974645
0.0,0.0,0.01029563,0.25092031
0.0,0.0,0.0067082039,0.60038654
0.0,0.0,0.016911535,0.27972308
0.0,0.0,0.017262677,0.28842503
0.0,0.0,0.078421936,0.75137807
0.0,0.0,0.060041652,0.76985453
0.042906876,0.0,0.0085440037,0.27672369
0.018920888,0.0,0.015297059,0.25893049
0.10040418,0.0,0.0099498744,0.018493242
0.12690548,0.0,0.012409674,0.077479029
0.13259713,0.0,0.017262677,0.11085576
0.24634529,0.0,0.015,0.13876959
0.2230807,0.0,0.009,0.003
0.12513593,0.0,0.022449944,0.022449944
0.13701825,0.0,0.031128765,0.0084852814
0.059707621,0.0,0.03407345,0.0099498744
0.092568893,0.0,0.003,0.012369317
0.037322915,0.0,0.010816654,0.032695565
0.03992493,0.0,0.031464265,0.029257478
0.016155494,0.097544861,0.031176915,0.0067082039
0.017492856,0.036013886,0.018493242,0.015
0.023043437,0.012,0.072034714,0.013416408
0.019209373,0.047381431,0.054313902,0.029257478
0.024186773,0.55859646,0.11484773,0.034452866
0.021,0.61586443,0.094688965,0.026851443
0.012727922,0.22961272,0.020518285,0.026683328
0.012727922,0.428768,0.028390139,0.0042426407
0.024372115,0.34159918,0.023769729,0.027676705
0.032171416,0.12318279,0.012727922,0.029631065
0.024186773,0.40529619,0.092200868,0.011401754
0.018973666,0.13691603,0.45615348,0.0042426407
0.016431677,0.14183441,0.57645989,0.0065574385
0.020124612,0.12234786,0.35998611,0.0099498744
0.022847319,0.074572113,0.021095023,0.0067082039
0.022847319,0.16510905,0.064730209,0.006
0.027166155,0.19312431,0.042953463,0.0073484692
0.036249138,0.14071958,0.0073484692,0.009486833
0.036373067,0.061147363,0.0067082039,0.003
0.029698485,0.1650303,0.0067082039,0.009486833
0.022045408,0.34906446,0.011224972,0.006
0.024919872,0.388775,0.0067082039,0.010392305
0.016155494,0.4795477,0.015297059,0.003
0.010392305,0.36118139,0.036592349,0.0073484692
0.012,0.63656736,0.029563491,0.0067082039
0.013416408,0.3002832,0.041,0.012369317
0.010392305,0.30961428,0.03748333,0.0090553851
0.006,0.075053314,0.023043437,0.015524175
0.0042426407,0.10316492,0.0092195445,0.068658576
0.009486833,0.34678379,0.17840684,0.068724086
0.011224972,0.42023208,0.52318735,0.0042426407
0.003,0.29046514,0.55755717,0.018601075
0.014696938,0.45546679,0.12995769,0.010723805
0.016155494,0.1940335,0.47741491,0.024556058
0.0067082039,0.11437657,0.18106905,0.023043437
0.0067082039,0.067297845,0.13765537,0.0067082039
0.006,0.12353542,0.17917868,0.0067082039
0.0084852814,0.24734995,0.23108873,0.03021589
0.006,0.1462703,0.37718165,0.019467922
0.006,0.079705709,0.22477099,0.022135944
0.016155494,0.17886867,0.1689349,0.012369317
0.019442222,0.13642214,0.039736633,0.010440307
0.015297059,0.093669632,0.022649503,0.009486833
0.009,0.06288084,0.026324893,0.023622024
0.013416408,0.056160484,0.028372522,0.031953091
0.010392305,0.047644517,0.035341194,0.041868843
0.012727922,0.059983331,0.012369317,0.0042426407
0.014071247,0.051088159,0.027568098,0.027184554
0.013747727,0.060108236,0.04110961,0.024083189
0.006,0.029257478,0.034263683,0.009
0.010816654,0.049588305,0.012369317,0.017492856
0.003,0.11494781,0.019672316,0.028425341
0.0073484692,0.12187288,0.0084852814,0.012
0.012,0.12686213,0.013892444,0.0042426407
0.012727922,0.066768256,0.0067082039,0.018138357
0.014071247,0.15965588,0.011224972,0.026851443
0.015297059,0.099764723,0.0046904158,0.012
0.011224972,0.1296071,0.0,0.015297059
0.015297059,0.079906195,0.015297059,0.02184033
0.015,0.25952264,0.023895606,0.032465366
0.016431677,0.17856651,0.007,0.011313708
0.016431677,0.27843312,0.014696938,0.012884099
0.016155494,0.29322176,0.013453624,0.0067082039
0.012727922,0.26281933,0.014317821,0.0073484692
0.0067082039,0.48341494,0.012369317,0.0073484692
0.006,0.23567138,0.0067082039,0.0058309519
0.0067082039,0.36816572,0.0067082039,0.0058309519
0.0073484692,0.54590933,0.009486833,0.009
0.0067082039,0.4957338,0.0073484692,0.031064449
0.009,0.37519595,0.003,0.028442925
0.009486833,0.28300707,0.0042426407,0.0065574385
0.0042426407,0.45229305,0.009,0.025690465
0.0051961524,0.63506378,0.003,0.025079872
0.006,0.16446884,0.0,0.012884099
0.006,0.15108276,0.0051961524,0.0058309519
0.014071247,0.48210372,0.0051961524,0.021095023
0.015588457,0.44024539,0.003,0.050477718
0.0067082039,0.87704846,0.003,0.07109149
0.010816654,0.4714361,0.0042426407,0.086654486
0.003,0.19578049,0.018493242,0.17907261
0.012727922,0.27348126,0.015588457,0.17423547
0.006,0.11194642,0.0073484692,0.085708809
0.006,0.11172287,0.015297059,0.041737274
0.010816654,0.19565786,0.011224972,0.025099801
0.012,0.08071555,0.0067082039,0.030740852
0.003,0.22737854,0.012,0.11087831
0.013416408,0.31307826,0.0042426407,0.52773762
0.016431677,0.24847334,0.0073484692,0.31671122
0.015297059,0.59240695,0.0067082039,0.89757117
0.010816654,0.14623953,0.003,0.24880916
0.022449944,0.19805302,0.006,0.52222409
0.013416408,0.1677051,0.011224972,0.24662725
0.015,0.12562245,0.0067082039,0.066895441
0.014696938,0.071895758,0.0073484692,0.15526429
0.015524175,0.15871043,0.003,0.089465077
0.035341194,0.068117545,0.0042426407,0.080510869
0.016431677,0.043139309,0.003,0.030594117
0.016431677,0.053450912,0.003,0.096213305
0.0,0.091536878,0.014696938,0.72756168
0.0,0.075079957,0.014696938,0.42785628
0.0,0.030951575,0.009,0.37368436
0.0,0.047947888,0.013747727,0.562482
0.0,0.079082236,0.015297059,0.58098709
0.0,0.073681748,0.009,0.3922206
0.0,0.039509493,0.013076697,0.085029407
0.0,0.022449944,0.011224972,0.56391134
0.0,0.043577517,0.012727922,0.7238294
0.0,0.060241182,0.0067082039,0.61429879
0.0,0.10089599,0.010816654,0.48053616
0.0,0.15141334,0.012369317,0.34780598
0.0,0.26933436,0.0042426407,0.065122961
0.0,0.29134344,0.003,0.048270074
0.0,0.062721607,0.030265492,0.077935871
0.0,0.24093775,0.023430749,0.054203321
0.0,0.34070662,0.086585218,0.048270074
0.0,0.20289406,0.099538937,0.017748239
0.0,0.30747195,0.065795137,0.066355105
0.086092973,0.17358859,0.003,0.16446884
0.070356236,0.34388079,0.046882833,0.079214898
0.026324893,0.26256809,0.054881691,0.06239391
0.029308702,0.20229928,0.04580393,0.02541653
0.026851443,0.057784081,0.016431677,0.024186773
0.009486833,0.04788528,0.017233688,0.027730849
0.062177166,0.085005882,0.013747727,0.014317821
0.15447977,0.13005384,0.007,0.045552168
0.18790955,0.1368722,0.0,0.013747727
0.27488361,0.11280514,0.01,0.016911535
0.26674895,0.14904026,0.012529964,0.015524175
0.11386835,0.069455021,0.0042426407,0.015
0.59782773,0.19541238,0.0067082039,0.0073484692
0.4431986,0.13002307,0.010723805,0.0078102497
0.12846789,0.1495627,0.002,0.0078102497
0.080709355,0.094419278,0.009486833,0.0058309519
0.082030482,0.05399074,0.0096953597,0.013601471
0.017349352,0.13426094,0.0046904158,0.0078102497
0.023600847,0.12762837,0.0046904158,0.006
0.018920888,0.18153237,0.002,0.012041595
0.0078102497,0.17147886,0.002,0.008
0.01584298,0.21500465,0.0,0.012409674
0.018275667,0.30880576,0.003,0.003
0.0084852814,0.093225533,0.0036055513,0.0042426407
0.016401219,0.032695565,0.0073484692,0.0073484692
0.012041595,0.035972211,0.0085440037,0.009
0.023958297,0.02611513,0.01029563,0.003
0.0084852814,0.043760713,0.003,0.0067082039
0.036249138,0.012041595,0.0046904158,0.010816654
0.0078102497,0.20344287,0.0078102497,0.0073484692
0.036742346,0.084534017,0.0067082039,0.0067082039
0.047707442,0.11691022,0.003,0.0067082039
0.038196859,0.10238164,0.0078102497,0.009486833
0.02634388,0.2194926,0.003,0.0073484692
0.19418805,0.12270697,0.006,0.003
0.31216662,0.20962109,0.012529964,0.014071247
0.43225687,0.18987891,0.009,0.016431677
0.14618823,0.10436954,0.013747727,0.010392305
0.119105,0.15327753,0.0099498744,0.0067082039
0.10293687,0.14847895,0.0051961524,0.01473092
0.12327611,0.15526429,0.006,0.014525839
0.075716577,0.20367376,0.009,0.0067082039
0.056956123,0.15993124,0.003,0.003
0.048631266,0.093946793,0.0067082039,0.011224972
0.067631354,0.10048383,0.0058309519,0.006
0.062769419,0.16042444,0.0058309519,0.003
0.077336925,0.067334983,0.0087177979,0.003
0.018681542,0.30109965,0.0,0.003
0.02,0.23886607,0.003,0.0067082039
0.023,0.097365292,0.0092195445,0.009486833
0.014317821,0.18532944,0.0087177979,0.009
0.019209373,0.12611899,0.0063245553,0.0067082039
0.0028284271,0.16015305,0.0036055513,0.0042426407
0.0094339811,0.026720778,0.0036055513,0.0067082039
0.010198039,0.041785165,0.0067082039,0.003
0.017204651,0.051195703,0.013076697,0.009486833
0.006,0.11216951,0.007,0.0051961524
0.0067082039,0.04014972,0.0046904158,0.003
0.012727922,0.087982953,0.0036055513,0.0042426407
0.0036055513,0.06888396,0.007,0.0051961524
0.0063245553,0.47480312,0.012727922,0.003
0.0046904158,0.60004666,0.0083666003,0.0042426407
0.014525839,0.47660256,0.005,0.0042426407
0.013928388,0.28843543,0.0067082039,0.0051961524
0.0028284271,0.11863389,0.0067082039,0.010816654
0.022671568,0.3873874,0.0042426407,0.0067082039
0.013747727,0.64244922,0.0058309519,0.0073484692
0.026925824,0.58277268,0.011916375,0.0099498744
0.023259407,0.56897979,0.003,0.0067082039
0.013892444,0.36394642,0.0073484692,0.018275667
0.006,0.30801461,0.0096953597,0.044011362
0.039661064,0.24596951,0.013341664,0.095713113
0.035930488,0.15790503,0.012369317,0.092157474
0.048785244,0.037175261,0.0046904158,0.20380628
0.052201533,0.079649231,0.011,0.042083251
0.012369317,0.06720863,0.0046904158,0.081682311
0.04411349,0.058103356,0.003,0.19695177
0.13512587,0.13831486,0.007,0.015588457
0.14290556,0.14428098,0.010816654,0.055081757
0.039509493,0.050209561,0.012165525,0.009
0.056302753,0.036359318,0.0084852814,0.014071247
0.1812181,0.025806976,0.009,0.0073484692
0.17034377,0.042743421,0.009,0.006
0.35592977,0.089638162,0.01421267,0.0099498744
0.53016695,0.03923009,0.009486833,0.006
0.233118,0.093653617,0.01029563,0.01
0.13927311,0.059067758,0.012041595,0.0090553851
0.076124897,0.022649503,0.0099498744,0.0042426407
0.079730797,0.024879711,0.009,0.003
0.18754733,0.0084852814,0.0084852814,0.0042426407
0.094069124,0.023323808,0.01029563,0.01029563
0.16390851,0.017691806,0.002,0.012529964
0.14277605,0.0585235,0.003,0.006
0.12701968,0.10017984,0.003,0.0058309519
0.061,0.081369527,0.0092195445,0.0058309519
0.14151325,0.046411206,0.006,0.003
0.27666044,0.048518038,0.003,0.0
0.12272734,0.13858571,0.003,0.003
0.069209826,0.14984325,0.0042426407,0.0085440037
0.11815668,0.073171033,0.0,0.0067082039
0.050842895,0.061943523,0.0042426407,0.01029563
0.17261228,0.075907839,0.013341664,0.0058309519
0.14578409,0.077051931,0.013341664,0.0065574385
0.30521795,0.064265076,0.003,0.0
0.28243229,0.039166312,0.009486833,0.0065574385
0.038065733,0.048052055,0.006,0.005
0.059439044,0.18780309,0.0042426407,0.0
0.14264291,0.18585209,0.003,0.006
0.046043458,0.095189285,0.005,0.011401754
0.024413111,0.12688972,0.0,0.005
0.045978256,0.091706052,0.0,0.016155494
0.048270074,0.085358069,0.0,0.0067082039
0.21388081,0.10165136,0.0,0.009486833
0.24138351,0.13043006,0.0,0.006
0.19339338,0.04929503,0.0,0.0073484692
0.1366565,0.12889531,0.0,0.009
0.13514437,0.095152509,0.0,0.0067082039
0.36851459,0.28379922,0.0,0.0042426407
0.33270107,0.39095524,0.0,0.0073484692
0.23206249,0.15672588,0.0,0.0
0.099267316,0.20927016,0.0,0.006
0.35827643,0.16546903,0.0,0.0073484692
0.35698319,0.20659864,0.0,0.008
0.4116224,0.26187783,0.0,0.005
0.40090024,0.18490538,0.0,0.0042426407
0.43693249,0.033196385,0.0,0.0042426407
0.33663482,0.041218928,0.0,0.005
0.098969692,0.042825226,0.0,0.0065574385
0.097637083,0.17929584,0.0,0.0067082039
0.10324243,0.29826331,0.0,0.0042426407
0.1519342,0.16002812,0.0,0.006
0.063261363,0.14282857,0.0,0.0085440037
0.064761099,0.18371173,0.0,0.011789826
0.06691786,0.29530154,0.0,0.011789826
0.085058803,0.34234193,0.0,0.0085440037
0.034568772,0.35796788,0.0,0.0073484692
0.019209373,0.1248439,0.0,0.003
0.039357337,0.17184295,0.0,0.0067082039
0.051429563,0.92474591,0.0,0.003
0.070922493,0.08885944,0.0,0.0051961524
0.049909919,0.18773918,0.0,0.009
0.11168706,0.34377464,0.0,0.0042426407
0.053712196,0.33374541,0.0,0.0051961524
0.1269685,0.072801099,0.0,0.011916375
0.045343136,0.34007205,0.0,0.011661904
0.031,0.10529008,0.0,0.0067082039
0.02641969,0.20264748,0.0,0.0058309519
0.03539774,0.08228001,0.0,0.0085440037
0.06438944,0.073844431,0.0,0.0090553851
0.030364453,0.072387844,0.0,0.011401754
0.035,0.12892246,0.0,0.006
0.055036352,0.097349884,0.0,0.006
0.13563554,0.073844431,0.0,0.003
0.088011363,0.08615103,0.0,0.0073484692
0.12830043,0.10821275,0.0,0.0042426407
0.13022289,0.11125197,0.0,0.0084852814
0.16582219,0.14529281,0.0,0.0067082039
0.11717508,0.11936918,0.0,0.0042426407
0.17579818,0.34428041,0.0,0.0051961524
0.1244749,0.42327887,0.0,0.0051961524
0.14558159,0.23816801,0.0,0.013928388
0.070498227,0.28770819,0.0,0.016124515
0.028178006,0.45430056,0.0,0.0067082039
0.079887421,0.094021274,0.0,0.0051961524
0.083886829,0.17046994,0.0,0.0067082039
0.022045408,0.26130825,0.0,0.0098994949
0.033867388,0.26969983,0.0,0.013601471
0.011224972,0.39111763,0.0,0.003
0.0099498744,0.57085988,0.0,0.0051961524
0.018973666,0.27223887,0.0,0.0051961524
0.012369317,0.44625553,0.0,0.003
0.021,0.3869341,0.0,0.0
0.007,0.28754652,0.0,0.0067082039
0.026683328,0.065306967,0.0,0.0042426407
0.013,0.18608063,0.0,0.0051961524
0.0099498744,0.089280457,0.0,0.0042426407
0.009486833,0.98647098,0.0,0.008
0.009486833,0.20516091,0.0,0.0
0.0098488578,0.69678476,0.0,0.011
0.11626693,0.35915039,0.0,0.011789826
0.11335784,0.4074727,0.0,0.0042426407
0.010440307,0.36313496,0.0,0.0
0.027073973,0.21266405,0.0,0.0
0.013,0.12329639,0.0,0.0
0.019209373,0.1323858,0.0,0.0
0.034655447,0.258689,0.0,0.0
0.079177017,0.059816386,0.0,0.0
0.15263355,0.047518417,0.0,0.0
0.13469967,0.15348616,0.0,0.0
0.096171721,0.12927877,0.0,0.0
0.084675853,0.17733584,0.0,0.0
0.08421995,0.16102795,0.0,0.0
0.04007493,0.23634932,0.0,0.0
0.034336569,0.14563997,0.0,0.0
0.045814845,0.1356466,0.0,0.0
0.042154478,0.18474577,0.0,0.0
0.052773099,0.11466909,0.0,0.0
0.028301943,0.20866001,0.0,0.0
0.031811947,0.034669872,0.0,0.0
0.040816663,0.1778595,0.0,0.0
0.023622024,0.12426182,0.0,0.0
0.038858718,0.21534159,0.0,0.0
0.055081757,0.39109078,0.0,0.0
0.034307434,0.3445809,0.0,0.0
0.038196859,0.12813274,0.0,0.0
0.065429351,0.28349427,0.0,0.0
0.006,0.12876723,0.0,0.0
0.040644803,0.18579828,0.0,0.0
0.035637059,0.17237749,0.0,0.0
0.030347982,0.2692471,0.0,0.0
0.026248809,0.22927712,0.0,0.0
0.032031235,0.087,0.0,0.0
0.021,0.14345034,0.0,0.0
0.018601075,0.14583895,0.0,0.0
0.0042426407,0.11182576,0.0,0.0
0.03354102,0.062681736,0.0,0.0
0.034583233,0.20469734,0.0,0.0
0.054405882,0.052201533,0.0,0.0
0.032449961,0.065238026,0.0,0.0
0.033970576,0.038183766,0.0,0.0
0.06552862,0.079787217,0.0,0.0
0.067372101,0.076295478,0.0,0.0
0.14596575,0.076941536,0.0,0.0
0.086278618,0.14249912,0.0,0.0
0.076059187,0.14232709,0.0,0.0
0.031016125,0.11199107,0.0,0.0
0.030149627,0.073654599,0.0,0.0
0.089297256,0.041833001,0.0,0.0
0.087800911,0.19468179,0.0,0.0
0.016431677,0.037775654,0.0,0.0
0.037349699,0.40804657,0.0,0.0
0.13429445,0.75149251,0.0,0.0
0.23290127,0.58182042,0.0,0.0
0.085422479,0.75508211,0.0,0.0
0.13718965,0.20814658,0.0,0.0
0.074458042,0.73519385,0.0,0.0
0.057175169,0.1791117,0.0,0.0
0.01029563,0.40065322,0.0,0.0
0.18350749,0.1635451,0.0,0.0
0.099408249,0.20254629,0.0,0.0
0.034365681,0.14716657,0.0,0.0
0.029765752,0.12283729,0.0,0.0
0.012369317,0.13181047,0.0,0.0
0.015524175,0.18552897,0.0,0.0
0.027676705,0.26737427,0.0,0.0
0.021095023,0.27924362,0.0,0.0
0.038935845,0.23401709,0.0,0.0
0.027166155,0.14001786,0.0,0.0
0.012727922,0.17558474,0.0,0.0
0.017492856,0.29407142,0.0,0.0
0.0042426407,0.22571221,0.0,0.0
0.006,0.1622837,0.0,0.0
0.025,0.32362478,0.0,0.0
0.024372115,0.39498608,0.0,0.0
0.022045408,0.15154207,0.0,0.0
0.012727922,0.071175839,0.0,0.0
0.014525839,0.27001481,0.0,0.0
0.02745906,0.2815919,0.0,0.0
0.028600699,0.059799666,0.0,0.0
0.012884099,0.064078077,0.0,0.0
0.059033889,0.036345564,0.0,0.024515301
0.063584589,0.036124784,0.0,0.025651511
0.039127995,0.03407345,0.0,0.0073484692
0.047391982,0.050921508,0.0,0.006
0.047434165,0.046861498,0.0,0.02
0.026851443,0.11627983,0.0,0.013490738
0.039724048,0.095378195,0.0,0.009486833
0.016155494,0.25410628,0.0,0.013341664
0.095509162,0.045188494,0.0,0.012369317
0.050009999,0.08365405,0.0,0.011916375
0.033778692,0.055081757,0.0,0.01029563
0.06080296,0.058677082,0.0,0.0067082039
0.024515301,0.049040799,0.0,0.010440307
0.060967204,0.098336158,0.0,0.015427249
0.037775654,0.070405966,0.0,0.01954482
0.068330081,0.10591978,0.0,0.015427249
0.15323185,0.18641352,0.0,0.009486833
0.078606615,0.13369742,0.0,0.011661904
0.015427249,0.22586943,0.0,0.0042426407
0.032280025,0.11512602,0.0,0.012806248
0.11880236,0.3350194,0.0,0.0117047
0.070014284,0.28130766,0.0,0.0
0.028106939,0.30400329,0.0,0.012369317
0.057801384,0.3436408,0.0,0.017233688
0.07460563,0.37954842,0.0,0.015297059
0.089056162,0.52774805,0.0,0.015297059
0.056577381,1.2882709,0.0,0.015297059
0.015033296,0.7995555,0.0,0.0084852814
0.033196385,0.8354418,0.0,0.0067082039
0.0067082039,0.58963463,0.0,0.011789826
0.029478806,0.69912803,0.0,0.020223748
0.011224972,0.32627289,0.0,0.0099498744
0.030512293,0.32386726,0.0,0.012529964
0.010816654,0.59346188,0.0,0.015588457
0.0073484692,0.47958941,0.0,0.019235384
0.018493242,0.3975173,0.0,0.0067082039
0.013076697,0.41173049,0.0,0.009
0.003,0.69063666,0.0,0.023600847
0.067609171,0.51377914,0.0,0.0051961524
0.1999875,0.35155938,0.0,0.013601471
0.22910696,0.24745101,0.0,0.012529964
0.07993122,0.44089681,0.0,0.0090553851
0.024839485,0.36636867,0.0,0.015588457
0.045188494,0.024083189,0.0,0.017233688
0.042895221,0.016911535,0.0,0.011401754
0.042473521,0.040890097,0.0,0.003
0.075901252,0.10903669,0.0,0.009
0.016155494,0.054424259,0.0,0.003
0.037013511,0.065795137,0.0,0.01421267
0.020518285,0.060016664,0.0,0.0083666003
0.04352011,0.11543396,0.0,0.003
0.018248288,0.14442299,0.0,0.010440307
0.045749317,0.035805028,0.0,0.0058309519
0.042343831,0.04580393,0.0,0.0042426407
0.037762415,0.13274411,0.0,0.0042426407
0.041303753,0.10223013,0.0,0.0051961524
0.040447497,0.073239334,0.0,0.0058309519
0.021213203,0.10691118,0.0,0.0058309519
0.034727511,0.16558684,0.0,0.0067082039
0.055081757,0.43727451,0.0,0.0083666003
0.025632011,0.24570511,0.0,0.0090553851
0.021095023,0.072532751,0.0,0.003
0.052201533,0.30178966,0.0,0.011661904
0.027676705,0.18387224,0.0,0.010723805
0.020124612,0.17258621,0.0,0.010816654
0.041773197,0.17333782,0.0,0.013453624
0.016643317,0.11639158,0.0,0.011401754
0.056938563,0.48456785,0.0,0.017349352
0.046238512,0.24125712,0.0,0.0
0.023430749,0.027037012,0.0,0.019949937
0.019209373,0.064195015,0.0,0.020024984
0.010816654,0.10870603,0.0,0.016124515
0.017492856,0.045122057,0.0,0.0124499
0.18915073,0.10759647,0.0,0.003
0.17893574,0.12197131,0.0,0.0083666003
0.020736441,0.14808444,0.0,0.006
0.058685603,0.17462531,0.0,0.0067082039
0.012727922,0.15270232,0.0,0.0084852814
0.07439086,0.24315016,0.0,0.0051961524
0.061862751,0.27456511,0.0,0.0051961524
0.020223748,0.24120945,0.0,0.0051961524
0.071617037,0.091465841,0.0,0.003
0.085498538,0.19827506,0.0,0.015
0.11185705,0.15658225,0.0,0.022135944
0.048507731,0.20316742,0.0,0.013453624
0.035369478,0.12502,0.0,0.0067082039
0.05969087,0.16107762,0.0,0.005
0.057323643,0.16754104,0.0,0.01584298
0.082740558,0.062896741,0.0,0.013601471
0.10757323,0.17113153,0.0,0.0085440037
0.082134037,0.085475143,0.0,0.0090553851
0.029,0.098969692,0.0,0.0090553851
0.061098281,0.098878714,0.0,0.010440307
0.021213203,0.16891418,0.0,0.010723805
0.040360872,0.31559151,0.0,0.0042426407
0.026,0.14835768,0.0,0.003
0.037603191,0.087,0.0,0.0065574385
0.028142495,0.22635812,0.0,0.006
0.021656408,0.11601293,0.0,0.01
0.0073484692,0.098051007,0.0,0.0042426407
0.016431677,0.080882631,0.0,0.0058309519
0.012369317,0.06987131,0.0,0.0
0.0073484692,0.32055265,0.0,0.0
0.014317821,0.61828634,0.0,0.0
0.017262677,0.25904826,0.0,0.0
0.021236761,0.18331939,0.0,0.0
0.016370706,0.13336416,0.0,0.0
0.0067082039,0.34528104,0.0,0.0
0.0067082039,0.1283316,0.0,0.0
0.0042426407,0.085381497,0.0,0.0
0.009,0.16213883,0.0,0.0
0.023194827,0.081847419,0.0,0.0
0.031527766,0.0733553,0.0,0.0
0.009,0.041737274,0.0,0.0
0.021,0.053907328,0.0,0.0
0.018493242,0.018493242,0.0,0.0
0.017233688,0.034132096,0.0,0.0
0.024186773,0.028460499,0.0,0.0
0.0042426407,0.019899749,0.0,0.0
0.0073484692,0.09036039,0.0,0.0
0.0042426407,0.098863542,0.0,0.0
0.006,0.027730849,0.0,0.0
0.003,0.047528939,0.0,0.0
0.0042426407,0.085445889,0.0,0.0
0.013416408,0.029154759,0.0,0.0
0.010816654,0.12619429,0.0,0.0
0.012,0.17787636,0.0,0.0
0.016155494,0.14231654999999999,0.0,0.0
0.011224972,0.24287034,0.0,0.0
0.0042426407,0.19189841,0.0,0.0
0.015,0.16926015,0.0,0.0
0.003,0.18852321,0.0,0.0
0.011224972,0.14456832,0.0,0.0
0.0073484692,0.13030733,0.0,0.0
0.012369317,0.31894514,0.0,0.0
0.0067082039,0.18631962,0.0,0.0
0.003,0.20918413,0.0,0.0
0.023790755,0.097775252,0.0,0.0
0.014866069,0.11458621,0.0,0.0
0.015,0.043046487,0.0,0.0
0.017262677,0.32938124,0.0,0.0
0.013747727,0.15524819,0.0,0.0
0.048528342,0.49306592,0.0,0.0
0.055263008,0.17860011,0.0,0.0
0.046486557,0.41484575,0.0,0.0
0.035341194,0.10332473,0.0,0.0
0.01954482,0.12866235,0.0,0.0
0.038794329,0.12707872,0.0,0.0
0.03021589,0.091005494,0.0,0.0
0.097575612,0.15238766,0.0,0.0
0.075637292,0.1160431,0.0,0.0
0.056938563,0.12249898,0.0,0.0
0.066513157,0.16480595,0.0,0.0
0.057567352,0.12828484,0.0,0.0
0.016278821,0.18624983,0.0,0.0
0.02570992,0.1296341,0.0,0.0
0.13784774,0.21986587,0.0,0.0
0.10412492,0.22193242,0.0,0.0
0.054203321,0.33484623,0.0,0.0
0.10936636,0.20915544,0.0,0.0
0.029966648,0.12720849,0.0,0.0
0.0042426407,0.087045965,0.0,0.0
0.069411815,0.017233688,0.0,0.0
0.070844901,0.080286985,0.0,0.0
0.14515164,0.15069174,0.0,0.0
0.031464265,0.041545156,0.0,0.0
0.04835287,0.13998929,0.0,0.0
0.013747727,0.039115214,0.0,0.0
0.12396774,0.10509995,0.0,0.0
0.12390722,0.076720271,0.0,0.0
0.018493242,0.43172329,0.0,0.0
0.023430749,0.49237689,0.0,0.0
0.014071247,0.43727909,0.0,0.0
0.12022063,0.35528862,0.0,0.0
0.071281134,0.27727784,0.0,0.0
0.024738634,0.27746351,0.0,0.0
0.032939338,0.32895136,0.0,0.0
0.027,0.37367633,0.0,0.0
0.10102475,0.26015764,0.0,0.0
0.16703892,0.13309771,0.0,0.0
0.23159016,0.090199778,0.0,0.0
0.066370174,0.081621076,0.0,0.0
0.37098517,0.090049986,0.0,0.0
0.57623086,0.061212744,0.0,0.0
0.19539191,0.29508304,0.0,0.0
0.20903588,0.22433011,0.0,0.0
0.16667033,0.12954536,0.0,0.0
0.375016,0.034365681,0.0,0.0
0.3191144,0.035298725,0.0,0.0
0.052096065,0.036986484,0.0,0.0
0.30903721,0.027073973,0.0,0.0
0.17960512,0.083725743,0.0,0.0
0.029410882,0.093685645,0.0,0.0
0.064892218,0.21637468,0.0,0.0
0.023043437,0.2918527,0.0,0.0
0.068476273,0.35549121,0.0,0.0
0.019209373,0.10857716,0.0,0.0
0.015524175,0.02293469,0.0,0.0
0.012727922,0.20609221,0.0,0.0
0.018248288,0.10763828,0.0,0.0
0.013892444,0.33842281,0.0,0.0
0.0098488578,0.20922954,0.0,0.0
0.0051961524,0.16432285,0.0,0.0
0.013076697,0.21761893,0.0,0.0
0.006,0.078587531,0.0,0.0
0.016552945,0.13082049,0.0,0.0
0.022869193,0.18571214,0.0,0.0
0.0073484692,0.20164821,0.0,0.0
0.013416408,0.11275194,0.0,0.0
0.023388031,0.13907552,0.0,0.0
0.028913665,0.067779053,0.0,0.0
0.003,0.078549348,0.0,0.0
0.0096953597,0.093557469,0.0,0.0
0.049426713,0.061757591,0.0,0.0
0.14120906,0.15968406,0.0,0.0
0.21388315,0.15811705,0.0,0.0
0.11946966,0.10462791,0.0,0.0
0.021213203,0.13303007,0.0,0.0
0.019209373,0.14181678,0.0,0.0
0.020149442,0.13963882,0.0,0.0
0.017521415,0.072642962,0.0,0.0
0.016970563,0.11199107,0.0,0.0
0.015588457,0.35542932,0.0,0.0
0.036235342,0.17592612,0.0,0.0
0.022737634,0.22178142,0.0,0.0
0.014071247,0.033105891,0.0,0.0
0.0067082039,0.11022704,0.0,0.0
0.010440307,0.062177166,0.0,0.0
0.0051961524,0.08817029,0.0,0.0
0.003,0.086614087,0.0,0.0
0.012041595,0.17357707,0.0,0.0
0.0042426407,0.14209152,0.0,0.0
0.017748239,0.15864741,0.0,0.0
0.0067082039,0.03088689,0.0,0.0
0.0067082039,0.37163557,0.0,0.0
0.016970563,0.30955129,0.0,0.0
0.0124499,0.34146303,0.0,0.0
0.014628739,0.48182258,0.0,0.0
0.025651511,0.10615084,0.0,0.0
0.018027756,0.23558226,0.0,0.0
0.010816654,0.12516389,0.0,0.0
0.023043437,0.55550698,0.0,0.0
0.021424285,0.74646567,0.0,0.0
0.013453624,0.21795871,0.0,0.0
0.016822604,0.44084691,0.0,0.0
0.016431677,0.2256125,0.0,0.0
0.013747727,0.21206839,0.0,0.0
0.0099498744,0.16351758,0.0,0.0
0.027166155,0.13083577,0.0,0.0
0.020518285,0.076765878,0.0,0.0
0.008,0.14171803,0.0,0.0
0.015132746,0.065421709,0.0,0.0
0.012409674,0.19570641,0.0,0.0
0.011224972,0.059623821,0.0,0.0
0.009,0.16838349,0.0,0.0
0.011661904,0.044384682,0.0,0.0
0.003,0.18135049,0.0,0.0
0.014071247,0.091678787,0.0,0.0
0.0067082039,0.15948041,0.0,0.0
0.011661904,0.12738132,0.0,0.0
0.0065574385,0.038392708,0.0,0.0
0.027622455,0.020124612,0.0,0.0
0.050039984,0.027730849,0.0,0.0
0.09284934,0.040632499,0.0,0.0
0.066715815,0.046432747,0.0,0.0
0.035341194,0.03088689,0.0,0.0
0.003,0.10853571,0.0,0.0
0.010816654,0.053860932,0.0,0.0
0.014317821,0.033615473,0.0,0.0
0.02541653,0.05240229,0.0,0.0
0.0099498744,0.22298206,0.0,0.0
0.0067082039,0.46372945,0.0,0.0
0.009486833,0.47268594,0.0,0.0
0.010816654,0.279975,0.0,0.0
0.0073484692,0.052659282,0.0,0.0
0.010392305,0.1926707,0.0,0.0
0.010392305,0.1981565,0.0,0.0
0.009,0.096710909,0.0,0.0
0.009,0.1296071,0.0,0.0
0.013076697,0.2014423,0.0,0.0
0.0,0.10235233,0.0,0.0
0.0042426407,0.13634515,0.0,0.0
0.009,0.20240553,0.0,0.0
0.0084852814,0.14158037,0.0,0.0
0.012727922,0.13345411,0.0,0.0
0.0067082039,0.31871774,0.0,0.0
0.009,0.23493403,0.0,0.0
0.0042426407,0.08043631,0.0,0.0
0.0067082039,0.10698131,0.0,0.0
0.011224972,0.11236548,0.0,0.0
0.014317821,0.062201286,0.0,0.0
0.0051961524,0.039217343,0.0,0.0
0.027,0.011916375,0.0,0.0
0.031336879,0.06190315,0.0,0.0
0.012041595,0.35733877,0.0,0.0
0.063482281,0.4013415,0.0,0.0
0.088887569,0.69314212,0.0,0.0
0.0955301,0.49249365,0.0,0.0
0.040249224,2.2079552,0.0,0.0
0.074437894,1.2533655,0.0,0.0
0.057835975,0.089409172,0.0,0.0
0.028301943,0.10988175,0.0,0.0
0.012529964,0.16061445,0.0,0.0
0.028618176,0.15636496,0.0,0.0
0.070696535,0.3356814,0.0,0.0
0.04494441,0.18765127,0.0,0.0
0.039115214,0.2098833,0.0,0.0
0.009,0.36313496,0.0,0.0
0.013747727,0.36800815,0.0,0.0
0.0073484692,0.078441061,0.0,0.0
0.029,0.33337216,0.0,0.0
0.035566838,0.31152688,0.0,0.0
0.021213203,0.090746901,0.0,0.0
0.022671568,0.091706052,0.0,0.0
0.038910153,0.10029457,0.0,0.0
0.079177017,0.056222771,0.0,0.0
0.081670068,0.056213877,0.0,0.0
0.055910643,0.07702597,0.0,0.0
0.030364453,0.052716221,0.0,0.0
0.052009614,0.062777384,0.0,0.0
0.086838931,0.020736441,0.0,0.0
0.12993845,0.043139309,0.0,0.0
0.024698178,0.10863241,0.0,0.0
0.018493242,0.05574047,0.0,0.0
0.018248288,0.10890822,0.0,0.0
0.02745906,0.10355675,0.0,0.0
0.012529964,0.20877021,0.0,0.0
0.011224972,0.062896741,0.0,0.0
0.013747727,0.063608176,0.0,0.0
0.009,0.071867934,0.0,0.0
0.019442222,0.037107951,0.0,0.0
0.025455844,0.036878178,0.0,0.0
0.0063245553,0.086452299,0.0,0.0
0.013892444,0.020736441,0.0,0.0
0.006,0.027568098,0.0,0.0
0.009,0.02184033,0.0,0.0
0.0073484692,0.043829214,0.0,0.0
0.016155494,0.034612137,0.0,0.0
0.009486833,0.040853396,0.0,0.0
0.013747727,0.042083251,0.0,0.0
0.009486833,0.044877611,0.0,0.0
0.009486833,0.019209373,0.0,0.0
0.01835756,0.045276926,0.0,0.0
0.01029563,0.0073484692,0.0,0.0
0.012727922,0.009,0.0,0.0
0.015297059,0.024186773,0.0,0.0
0.017349352,0.015297059,0.0,0.0
0.014525839,0.012369317,0.0,0.0
0.0042426407,0.026324893,0.0,0.0
0.0,0.006,0.0,0.0
0.0067082039,0.029849623,0.0,0.0
0.011224972,0.03630427,0.0,0.0
0.0073484692,0.041545156,0.0,0.0
0.009,0.010816654,0.0,0.0
0.0042426407,0.003,0.0,0.0
0.0067082039,0.0067082039,0.0,0.0
0.0073484692,0.011661904,0.0,0.0
0.017492856,0.035,0.0,0.0
0.035298725,0.012369317,0.0,0.0
0.033970576,0.023769729,0.0,0.0
0.040447497,0.029614186,0.0,0.0
0.028460499,0.015297059,0.0,0.0
0.041303753,0.017262677,0.0,0.0
0.035665109,0.033196385,0.0,0.0
0.012,0.035496479,0.0,0.0
0.033778692,0.042638011,0.0,0.0
0.049969991,0.03524202,0.0,0.0
0.03342155,0.067941151,0.0,0.0
0.029154759,0.032787193,0.0,0.0
0.01356466,0.093322023,0.0,0.0
0.048456166,0.031527766,0.0,0.0
0.031575307,0.037603191,0.0,0.0
0.025651511,0.10929318,0.0,0.0
0.015297059,0.053376025,0.0,0.0
0.0046904158,0.082316463,0.0,0.0
0.043965896,0.060580525,0.0,0.0
0.023430749,0.10358089,0.0,0.0
0.019026298,0.04209513,0.0,0.0
0.018493242,0.022472205,0.0,0.0
0.060216277,0.016093477,0.0,0.0
0.033436507,0.027892651,0.0,0.0
0.0073484692,0.075206383,0.0,0.0
0.024413111,0.052545219,0.0,0.0
0.009,0.065924199,0.0,0.0
0.021931712,0.088119237,0.0,0.0
0.007,0.09774968,0.0,0.0
0.015811388,0.026907248,0.0,0.0
0.035298725,0.12703936,0.0,0.0
0.044687806,0.067320131,0.0,0.0
0.015588457,0.1705755,0.0,0.0
0.061081912,0.12637247,0.0,0.0
0.10389418,0.086075548,0.0,0.0
0.16733499,0.1296958,0.0,0.0
0.086492774,0.11798729,0.0,0.0
0.024556058,0.034612137,0.0,0.0
0.044339599,0.31177235,0.0,0.0
0.028160256,0.17038192,0.0,0.0
0.027018512,0.15170366,0.0,0.0
0.026795522,0.061,0.0,0.0
0.11303097,0.03327161,0.0,0.0
0.4921707,0.027166155,0.0,0.0
0.48771918,0.018275667,0.0,0.0
0.14240084,0.016911535,0.0,0.0
0.37826049,0.013416408,0.0,0.0
0.77922397,0.024351591,0.0,0.0
0.45568191,0.012529964,0.0,0.0
0.33064331,0.022472205,0.0,0.0
0.28366353,0.028425341,0.0,0.0
0.87492685,0.016970563,0.0,0.0
0.56061662,0.012,0.0,0.0
0.053591044,0.016911535,0.0,0.0
0.24726908,0.012884099,0.0,0.0
0.11140018,0.0099498744,0.0,0.0
0.76552008,0.0073484692,0.0,0.0
0.95908342,0.013416408,0.0,0.0
0.98328887,0.016155494,0.0,0.0
0.80170942,0.011224972,0.0,0.0
0.88608352,0.017233688,0.0,0.0
1.1693272,0.0067082039,0.0,0.0
0.42361421,0.003,0.0,0.0
0.18266363,0.003,0.0,0.0
0.091874915,0.0042426407,0.0,0.0
0.46450404,0.003,0.0,0.0
0.54231356,0.013416408,0.0,0.0
0.20554805,0.013416408,0.0,0.0
0.22086648,0.0084852814,0.0,0.0
0.14030681,0.009486833,0.0,0.0
0.3187648,0.010392305,0.0,0.0
0.34042767,0.009,0.034698703,0.0
0.23112983,0.009486833,0.023622024,0.0
0.12574578,0.0099498744,0.037603191,0.0
0.23050813,0.0042426407,0.07222188,0.0
0.17323106,0.013747727,0.040112342,0.0
0.22574543,0.012369317,0.030166206,0.0
0.11104053,0.0067082039,0.0067082039,0.0
0.11271646,0.013416408,0.015132746,0.0
0.096358705,0.021213203,0.015427249,0.0
0.048600412,0.011224972,0.015231546,0.0
0.077858847,0.0099498744,0.017492856,0.0
0.064660653,0.0099498744,0.024020824,0.0
0.029086079,0.0073484692,0.0,0.0
0.11292918,0.011224972,0.012165525,0.0
0.054735729,0.0084852814,0.012165525,0.0
0.13047988,0.009486833,0.016155494,0.0
0.11883181,0.013076697,0.018439089,0.0
0.165,0.0067082039,0.032031235,0.0
0.34224845,0.0084852814,0.027622455,0.0
0.17592612,0.0067082039,0.084029757,0.0
0.13375724,0.0084852814,0.089179594,0.0
0.12241732,0.0067082039,0.2558007,0.0
0.11610771,0.010816654,0.082334683,0.0
0.11166915,0.0073484692,0.11109455,0.0
0.054286278,0.012884099,0.067334983,0.0
0.10891281,0.013453624,0.033301652,0.0
0.28140718,0.063757353,0.021213203,0.0
0.21870985,0.061424751,0.029765752,0.0
0.47140004,0.080956779,0.10933892,0.0
0.28329843,0.12450301,0.22813592,0.0
0.43657187,0.12445883,0.24256546,0.0
0.48659429,0.25098606,0.75840161,0.0
0.15710824,0.15725457,0.49879254,0.0
0.12054045,0.14889929,0.49563192,0.0
0.041545156,0.2583428,0.48872692,0.0
0.49564907,0.12092973,0.088938181,0.0
0.28139119,0.080162335,0.11726039,0.0
0.55995536,0.041340053,0.11797034,0.0
0.88188718,0.039698866,0.040644803,0.0
0.28484557,0.041412558,0.064730209,0.0
0.39345394,0.03088689,0.04236744,0.0
0.72241262,0.064195015,0.15083103,0.0
0.068534663,0.056160484,0.41087346,0.0
0.17712425,0.053037722,0.43347203,0.0
0.16861198,0.048518038,0.50301292,0.0
0.1190126,0.066738295,0.34831164,0.0
0.067475922,0.051009803,0.72457229,0.0
0.2971397,0.028896367,0.5190867,0.0
0.60950226,0.043416587,0.19120931,0.0
0.34552858,0.009486833,0.16598193,0.0
0.093257707,0.025179357,0.13128976,0.0
0.069526973,0.031112698,0.097041228,0.0
0.052801515,0.13038788,0.14602739,0.0
0.035341194,0.14358969,1.2222332,0.0
0.016970563,0.049568135,0.54072729,0.0
0.029698485,0.052411831,0.1021861,0.0
0.036249138,0.085076436,0.6226283,0.0
0.046615448,0.062817195,1.0255876,0.0
0.023622024,0.060440053,0.27970878,0.0
0.040926764,0.073627441,0.32720636,0.0
0.025079872,0.064101482,0.60496364,0.0
0.011661904,0.034727511,0.76909687,0.0
0.0067082039,0.033376639,0.61590259,0.0
0.026019224,0.027856777,0.35133175,0.0
0.026645825,0.054184869,0.46434578,0.0
0.025079872,0.057497826,0.40482836,0.0
0.035749126,0.048641546,0.15647044,0.0
0.055542776,0.075828754,0.13464769,0.0
0.011224972,0.05969087,0.43226959,0.0
0.069433421,0.061351447,0.076557168,0.0
0.092092345,0.055551778,0.45725595,0.0
0.088848185,0.053347915,0.20610919,0.0
0.089783072,0.060909769,0.1083559,0.0
0.11125646,0.035341194,0.10876121,0.0
0.067542579,0.049979996,0.099589156,0.0
0.045122057,0.044339599,0.085901106,0.0
0.058728187,0.033376639,0.15358385,0.0
0.070788417,0.020880613,0.071281134,0.0
0.030512293,0.020469489,0.1279453,0.0
0.039812058,0.017262677,0.064567794,0.0
0.025317978,0.01,0.039572718,0.0
0.0058309519,0.014628739,0.090072193,0.0
0.022869193,0.018027756,0.056124861,0.0058309519
0.017,0.012884099,0.032310989,0.0275318
0.017,0.0067082039,0.027820855,0.010440307
0.016552945,0.0036055513,0.026495283,0.011789826
0.029614186,0.003,0.027,0.011401754
0.062369865,0.0067082039,0.049859803,0.0073484692
0.027073973,0.0042426407,0.023600847,0.005
0.020124612,0.0036055513,0.042178193,0.003
0.0073484692,0.003,0.013416408,0.016278821
0.018,0.009,0.043185646,0.013928388
0.015,0.010440307,0.013747727,0.013341664
0.025942244,0.010816654,0.12355566,0.0090553851
0.032511536,0.009486833,0.086359713,0.012369317
0.015297059,0.011224972,0.14724809,0.019672316
0.015,0.02641969,0.38583675,0.033376639
0.03548239,0.01421267,0.37807274,0.019209373
0.030033315,0.012369317,0.8110672,0.044777226
0.021213203,0.012369317,0.75292297,0.017748239
0.013747727,0.0083666003,1.0099059,0.041243181
0.018,0.0078102497,0.77795116,0.030561414
0.025099801,0.0083666003,0.60216775,0.068007353
0.016970563,0.0067082039,0.22616808,0.083294658
0.02184033,0.0067082039,0.13201515,0.075670338
0.012369317,0.010440307,0.17773295,0.060033324
0.012369317,0.006,0.19790402,0.027568098
0.016278821,0.0042426407,0.58407191,0.058352378
0.012409674,0.0090553851,1.264615,0.054854353
0.0042426407,0.010440307,0.86448193,0.039408121
0.022135944,0.01029563,0.58339266,0.022449944
0.023043437,0.003,0.29092439,0.018493242
0.016431677,0.009486833,0.53685193,0.046829478
0.011224972,0.0058309519,0.20548723,0.039962482
0.043416587,0.0,0.03720215,0.017233688
0.022405357,0.01473092,0.10034939,0.013416408
0.021931712,0.01,0.14932515,0.003
0.011401754,0.0042426407,0.22035653,0.0098488578
0.012041595,0.0085440037,0.48398554,0.021424285
0.0073484692,0.0090553851,0.18670565,0.018973666
0.0099498744,0.0099498744,0.2339423,0.017804494
0.01029563,0.012727922,0.31789464,0.013928388
0.0042426407,0.0098488578,0.1578702,0.016583124
0.009,0.0067082039,0.38518827,0.045166359
0.0073484692,0.008,0.77040574,0.031527766
0.0042426407,0.0042426407,0.19257726,0.010816654
0.008,0.005,0.15516765,0.016370706
0.011,0.005,0.27027394,0.003
0.015066519,0.011401754,0.28275431,0.011224972
0.033837849,0.0042426407,0.16260689,0.01
0.068512773,0.0046904158,0.056797887,0.012409674
0.036837481,0.0,0.083695878,0.009
0.025475478,0.012369317,0.10749884,0.0099498744
0.010440307,0.015620499,0.23730571,0.012369317
0.015,0.012529964,0.069188149,0.024041631
0.015231546,0.0083666003,0.083839132,0.0067082039
0.0073484692,0.016155494,0.092141196,0.047106263
0.0067082039,0.0084852814,0.070221079,0.25501961
0.006,0.041340053,0.11175419,0.18742732
0.009486833,0.026907248,0.11738399,0.20616013
0.009,0.017,0.041880783,0.27920602
0.0042426407,0.024372115,0.037336309,0.18155715
0.0042426407,0.092070625,0.1430035,0.12624579
0.011224972,0.11671332,0.087926105,0.066648331
0.0042426407,0.033615473,0.16035897,0.13822084
0.025079872,0.084053554,0.067297845,0.12673595
0.030033315,0.088814413,0.22589378,0.17675972
0.012369317,0.046065171,0.22042232,0.16595481
0.016431677,0.049457052,0.28606468,0.049969991
0.030479501,0.036152455,0.34110849,0.027820855
0.014422205,0.033749074,0.29503559,0.050950957
0.020880613,0.078472925,0.31490634,0.040669399
0.321,0.088921314,0.55072135,0.021213203
0.88027382,0.063324561,0.85329303,0.024372115
1.1045931,0.055036352,0.78572642,0.055713553
0.65050519,0.061814238,0.32458281,0.028160256
0.64725034,0.046572524,0.26541665,0.015
0.29737014,0.042743421,0.14263941,0.045221676
0.15314699,0.03354102,0.077575769,0.039408121
0.31614079,0.024372115,0.017349352,0.0084852814
0.1390863,0.015297059,0.073986485,0.0085440037
0.17397126,0.024186773,0.091613318,0.0
0.48486905,0.009486833,0.018973666,0.0099498744
0.25395669,0.0073484692,0.017748239,0.009
0.41939361,0.006,0.044485953,0.022472205
0.1206814,0.013747727,0.0073484692,0.003
0.18805053,0.013416408,0.019442222,0.01029563
0.087607077,0.0067082039,0.011224972,0.020223748
0.15093376,0.0042426407,0.0042426407,0.010723805
0.31816505,0.0067082039,0.0051961524,0.033376639
0.36180381,0.0067082039,0.0042426407,0.031
0.48838509,0.010816654,0.011789826,0.027622455
0.50747217,0.012369317,0.020518285,0.052621288
0.79539298,0.003,0.013747727,0.34710517
0.68969776,0.0042426407,0.020248457,0.45877445
0.39489112,0.003,0.009486833,0.32371747
0.3508789,0.0042426407,0.009,0.17657293
0.33493432,0.006,0.009486833,0.061131007
0.23287336,0.0073484692,0.003,0.088124911
0.097943861,0.0067082039,0.006,0.034985711
0.088141931,0.006,0.003,0.029529646
0.037960506,0.003,0.0084852814,0.048228622
0.074114776,0.003,0.010816654,0.10387492
0.068271517,0.0073484692,0.0073484692,0.087618491
0.080808415,0.003,0.003,0.044011362
0.068359345,0.0067082039,0.010392305,0.069339743
0.031016125,0.0,0.009,0.060737139
0.037134889,0.0,0.0042426407,0.020124612
0.052810984,0.006,0.018,0.067609171
0.030512293,0.0073484692,0.014071247,0.10446531
0.023194827,0.003,0.017492856,0.078147297
0.010816654,0.003,0.0067082039,0.093155784
0.013416408,0.006,0.0067082039,0.0051961524
0.023043437,0.0067082039,0.0099498744,0.1153473
0.036619667,0.0067082039,0.0051961524,0.1229878
0.027092434,0.0067082039,0.011,0.05758472
0.038209946,0.011224972,0.021095023,0.086746758
0.045453273,0.011224972,0.12347064,0.062657801
0.045617979,0.017262677,0.07170774,0.30515734
0.02641969,0.013453624,0.33690503,0.37544374
0.0124499,0.023958297,0.12287392,0.40954731
0.0065574385,0.037349699,0.085076436,0.22267914
0.009486833,0.035298725,0.11893275,0.5377174
0.014696938,0.066340033,0.13367872,0.37444359
0.016822604,0.12358398,0.083701852,0.15199342
0.010440307,0.072532751,0.057801384,0.077955115
0.0098488578,0.16227446,0.061473572,0.015297059
0.011401754,0.10001,0.015297059,0.034799425
0.0084852814,0.10709342,0.10084642,0.02879236
0.006,0.071735626,0.10798611,0.010816654
0.006,0.16649625,0.069534164,0.003
0.0067082039,0.037363083,0.059033889,0.013892444
0.0096953597,0.12546314,0.051546096,0.013601471
0.005,0.23691771,0.13477759,0.0051961524
0.012727922,0.33318013,0.021931712,0.008
0.0067082039,0.31632104,0.059741108,0.011224972
0.015524175,0.23990623,0.17148178,0.018439089
0.015,0.77640711,0.19589028,0.017
0.012369317,0.86083796,0.045099889,0.01954482
0.012369317,1.0611367,0.13095801,0.0051961524
0.0067082039,0.67115497,0.12531959,0.017691806
0.019209373,0.43652033,0.12806639,0.020832667
0.013747727,0.22282504,0.050089919,0.026
0.0067082039,0.097596106,0.10968136,0.020469489
0.003,0.18070418,0.13785862,0.017233688
0.0042426407,0.14972642,0.096182119,0.037336309
0.012,0.5048059,0.089693924,0.11360458
0.012727922,0.25544667,0.04365776,0.24828411
0.013747727,0.33227248,0.055955339,0.19379112
0.003,0.26126232,0.018,0.78943081
0.010816654,0.12276807,0.23072494,0.89145948
0.0099498744,0.30718887,0.17795786,0.24438903
0.0042426407,0.93655646,0.09712878,0.14750254
0.0051961524,0.94255928,0.31330018,0.52194253
0.0051961524,0.5458498,1.7442904,0.15693629
0.012727922,0.57338818,0.7733324,0.043737855
0.0099498744,0.48883944,0.17235139,0.018681542
0.0099498744,0.47625728,0.72736511,0.029580399
0.011224972,0.35085325,0.5304762,0.017262677
0.051156622,0.34315448,0.3863017,0.017748239
0.097821266,0.14664924,0.57909326,0.013747727
0.052971691,0.10319884,0.20743433,0.027166155
0.063953108,0.10336827,0.47070798,0.019442222
0.017748239,0.062457986,0.23480417,0.021095023
0.022045408,0.079195959,0.59091285,0.03748333
0.036633318,0.14976648,0.20144726,0.021
0.021,0.07752419,0.20207919,0.021794495
0.016552945,0.060638272,0.19761579,0.009486833
0.0042426407,0.064822835,0.048476799,0.023086793
0.011224972,0.088385519,0.013892444,0.037175261
0.021931712,0.07273926,0.0084852814,0.036592349
0.03522783,0.15526429,0.018601075,0.0092195445
0.0051961524,0.1121918,0.024372115,0.0063245553
0.055794265,0.27742386,0.0084852814,0.010816654
0.05574047,0.65432484,0.03748333,0.0096953597
0.003,0.50746034,0.016155494,0.015297059
0.034146742,0.24364523,0.025651511,0.012529964
0.069949982,0.25562864,0.022869193,0.003
0.062513998,0.30339908,0.014071247,0.005
0.035637059,0.095760117,0.014696938,0.015132746
0.013747727,0.039736633,0.0042426407,0.021725561
0.06910861,0.036728735,0.0042426407,0.012529964
0.075960516,0.074652528,0.006,0.012884099
0.074067537,0.12668859,0.012727922,0.0067082039
0.041833001,0.091547802,0.0,0.012884099
0.014317821,0.074572113,0.010816654,0.011224972
0.015264338,0.092703829,0.021,0.015297059
0.040669399,0.023430749,0.028896367,0.015297059
0.057775427,0.011224972,0.021931712,0.017233688
0.059380131,0.043920383,0.014071247,0.016970563
0.069491007,0.022869193,0.015524175,0.012727922
0.078504777,0.35039549,0.017,0.016370706
0.032449961,0.25949374,0.013416408,0.16534207
0.056302753,0.30018161,0.012727922,0.20155644
0.030265492,0.13100382,0.013747727,0.13960659
0.043874822,0.22927712,0.016155494,0.031780497
0.036891733,0.12075181,0.024738634,0.035
0.024939928,0.16865646,0.021,0.051400389
0.04330127,0.28438354,0.020124612,0.048383882
0.03906405,0.37569402,0.019442222,0.04365776
0.040422766,0.38734094,0.012369317,0.023043437
0.040926764,0.078364533,0.0067082039,0.018788294
0.059816386,0.13264238,0.0099498744,0.01029563
0.043703547,0.12319091,0.0042426407,0.027440845
0.012369317,0.13274411,0.003,0.049809638
0.014422205,0.1042545,0.006,0.034669872
0.012884099,0.17943801,0.009486833,0.017262677
0.011401754,0.47295983,0.0099498744,0.028600699
0.012369317,0.18075674,0.009486833,0.030232433
0.015588457,0.11734138,0.009486833,0.014071247
0.0042426407,0.088141931,0.006,0.028390139
0.0051961524,0.12395564,0.0042426407,0.037336309
0.003,0.21315956,0.003,0.011224972
0.0042426407,0.079555012,0.009,0.020808652
0.006,0.10303883,0.018,0.014628739
0.009,0.015297059,0.018973666,0.012409674
0.0067082039,0.14283207,0.010816654,0.025
0.0084852814,0.13209845,0.022649503,0.034014703
0.0099498744,0.13688316,0.012727922,0.018681542
0.0067082039,0.051107729,0.0067082039,0.032449961
0.0067082039,0.056674509,0.0067082039,0.2247176
0.006,0.058292367,0.011224972,0.38375643
0.0042426407,0.2098833,0.006,0.35408756
0.009486833,0.16928674,0.0,0.10713543
0.0099498744,0.34077852,0.016155494,0.41846505
0.011224972,0.2184033,0.013416408,0.2930546
0.0067082039,0.24993199,0.009,0.14826328
0.003,0.11751596,0.012727922,0.094074439
0.0042426407,0.41540823,0.011224972,0.088051122
0.003,0.28437124,0.003,0.30701303
0.0051961524,0.032649655,0.0099498744,0.43914121
0.0067082039,0.11058481,0.009,1.575432
0.012369317,0.03312099,0.009,0.84711747
0.017748239,0.082395388,0.009,0.13940947
0.012727922,0.13108013,0.012727922,1.055199
0.0051961524,0.17736121,0.006,1.446112
0.013076697,0.12714165,0.0051961524,1.2936808
0.006,0.069663477,0.013747727,0.25923349
0.018027756,0.13932695,0.014071247,1.1834146
0.015231546,0.059236813,0.012369317,0.55548627
0.011661904,0.016911535,0.006,0.64230444
0.055308227,0.033376639,0.009,0.3345355
0.022825424,0.014696938,0.0073484692,0.033734256
0.07109149,0.022671568,0.0042426407,0.034655447
0.092574294,0.033749074,0.006,0.036619667
0.051019604,0.016911535,0.003,0.034885527
0.10868763,0.0090553851,0.0042426407,0.048692915
0.069641941,0.02184033,0.0067082039,0.016431677
0.018493242,0.028319605,0.0042426407,0.051234754
0.062441973,0.028319605,0.0051961524,0.056515485
0.1633034,0.016155494,0.0051961524,0.018601075
0.14542696,0.010440307,0.013416408,0.016822604
0.30316167,0.018027756,0.016970563,0.010440307
0.15655351,0.034583233,0.011224972,0.014456832
0.84894169,0.031575307,0.012369317,0.006
0.59786704,0.013,0.0042426407,0.011
0.20054675,0.0042426407,0.003,0.003
0.36755544,0.009486833,0.0073484692,0.020223748
0.23719401,0.0067082039,0.003,0.028653098
0.030805844,0.0042426407,0.0042426407,0.010392305
0.02034699,0.0083666003,0.006,0.002
0.024372115,0.038405729,0.0067082039,0.0085440037
0.02184033,0.02641969,0.003,0.0083666003
0.012529964,0.1714672,0.003,0.01933908
0.028231188,0.65472895,0.0067082039,0.027092434
0.11296902,1.3230971,0.015297059,0.01421267
0.12701968,0.90228044,0.0099498744,0.014142136
0.20706038,0.36504794,0.0067082039,0.0087749644
0.13228001,0.14224978,0.0073484692,0.0078102497
0.070405966,0.11594395,0.003,0.016881943
0.094042544,0.10547037,0.003,0.02
0.081271151,0.27132637,0.0042426407,0.016155494
0.080305666,0.41858571,0.0042426407,0.021213203
0.088028405,0.73760355,0.003,0.0078102497
0.1366565,1.0168697,0.0084852814,0.014866069
0.27832715,0.60787992,0.013416408,0.0084852814
0.097020616,0.64812422,0.0067082039,0.0099498744
0.29358815,0.75421018,0.009486833,0.011789826
0.095592887,0.51581101,0.0042426407,0.0067082039
0.096679884,1.0816557,0.009,0.008
0.25827505,0.26184919,0.0042426407,0.0042426407
0.14431216,0.4429334,0.0,0.010723805
0.082304313,0.23851415,0.0,0.008
0.024698178,0.72100069,0.0,0.009486833
0.018761663,1.3495399,0.0,0.0042426407
0.013747727,0.55348893,0.0,0.009
0.019672316,0.97698362,0.0,0.009486833
0.027092434,0.2209638,0.0,0.0073484692
0.026570661,0.32005781,0.0,0.011575837
0.077466122,0.17482277,0.0,0.0098994949
0.11567627,0.077175126,0.0,0.015427249
0.50443037,0.093145048,0.0,0.026019224
0.19059381,0.097421763,0.0,0.022226111
0.20488777,0.070206837,0.0,0.0085440037
0.089744081,0.12366891,0.0,0.009
0.13560605,0.15822768,0.0,0.009486833
0.13021905,0.16905325,0.0,0.0042426407
0.072346389,0.094540996,0.0,0.003
0.018275667,0.091874915,0.0,0.0067082039
0.053084838,0.11545129,0.0,0.012529964
0.06574192,0.025,0.0,0.014422205
0.062745518,0.28541549,0.0,0.0
0.009486833,0.1131636,0.0,0.009486833
0.033196385,0.040447497,0.0,0.0042426407
0.042720019,0.032186954,0.0,0.003
0.10349879,0.034219877,0.0,0.0042426407
0.097457683,0.039937451,0.0,0.0042426407
0.029223278,0.021,0.0,0.0099498744
0.02078461,0.065909028,0.0,0.0
0.039736633,0.067535176,0.0,0.003
0.058762233,0.10903669,0.0,0.0073484692
0.03324154,0.097626841,0.0,0.008
0.030133038,0.05870264,0.0,0.0036055513
0.033615473,0.13920848,0.0,0.007
0.013416408,0.10136567,0.0,0.0067082039
0.029765752,0.22872254,0.0,0.0094339811
0.011789826,0.13755363,0.0,0.0058309519
0.009,0.22734555,0.0,0.0067082039
0.011224972,0.30504754,0.0,0.009
0.033136083,0.14976648,0.0,0.003
0.03407345,0.20466069,0.0,0.0042426407
0.03407345,0.15595833,0.0,0.003
0.010392305,0.12202049,0.0,0.0085440037
0.015588457,0.13264238,0.0,0.008
0.011224972,0.032939338,0.0,0.0067082039
0.015,0.014142136,0.0,0.01
0.0084852814,0.10112369,0.0,0.011401754
0.011224972,0.13203409,0.0,0.0067082039
0.032449961,0.088774996,0.0,0.010440307
0.023622024,0.21725791,0.0,0.0078102497
0.06104097,0.15878917,0.0,0.0067082039
0.052201533,0.43798858,0.0,0.0090553851
0.016911535,0.22451058,0.0,0.0087749644
0.015297059,0.46594635,0.0,0.0067082039
0.012369317,0.12629331,0.0,0.0065574385
0.022869193,0.12729886,0.0,0.009486833
0.010392305,0.065306967,0.0,0.005
0.009486833,0.049929951,0.0,0.0058309519
0.017492856,0.10797222,0.0,0.006
0.0067082039,0.2487147,0.0,0.003
0.012369317,0.26774241,0.0,0.009486833
0.003,0.079705709,0.0,0.0058309519
0.009486833,0.24783462,0.0,0.010677078
0.010816654,0.13251792,0.0,0.0092736185
0.003,0.15799367,0.0,0.0073484692
0.0073484692,0.078160092,0.0,0.0042426407
0.012,0.1214084,0.0,0.0042426407
0.057879185,0.084599054,0.0,0.003
0.039937451,0.10396153,0.0,0.005
0.01473092,0.13585286,0.0,0.0085440037
0.01118034,0.13483694,0.0,0.016155494
0.022671568,0.057419509,0.0,0.015297059
0.006,0.094514549,0.0,0.009486833
0.019209373,0.086023253,0.0,0.003
0.0099498744,0.17573844,0.0,0.013416408
0.0067082039,0.13268007,0.0,0.0073484692
0.023021729,0.071393277,0.0,0.0067082039
0.009,0.080361682,0.0,0.009486833
0.041158231,0.037229021,0.0,0.003
0.059287435,0.024919872,0.0,0.02541653
0.025651511,0.049769469,0.0,0.033778692
0.066007575,0.20302463,0.0,0.021931712
0.080461171,0.1185833,0.0,0.021377558
0.30419237,0.17958007,0.0,0.015297059
0.08014986,0.43877557,0.0,0.0042426407
0.081178815,0.24394672,0.0,0.0067082039
0.054744863,0.092054332,0.0,0.011224972
0.07324616,0.15154537,0.0,0.015297059
0.082207056,0.17498,0.0,0.016155494
0.071874891,0.076026311,0.0,0.015588457
0.042684892,0.65907435,0.0,0.006
0.090476516,1.0728294,0.0,0.0058309519
0.068731361,0.53698603,0.0,0.005
0.071407283,0.3891298,0.0,0.0
0.05598214,0.1896444,0.0,0.0
0.029257478,0.32489537,0.0,0.0
0.011401754,0.14038875,0.0,0.0
0.013928388,0.20590532,0.0,0.0
0.0042426407,0.1453169,0.0,0.0
0.011224972,0.19848174,0.0,0.0
0.006,0.13146102,0.0,0.0
0.016309506,0.17641145,0.0,0.0
0.020024984,0.10638609,0.0,0.0
0.009,0.07324616,0.0,0.0
0.024186773,0.16740669,0.0,0.0
0.0099498744,0.21009522,0.0,0.0
0.013747727,0.20415925,0.0,0.0
0.031208973,0.17616753,0.0,0.0
0.020736441,0.14182736,0.0,0.0
0.027294688,0.23348233,0.0,0.0
0.013674794,0.36552155,0.63625231,0.0
0.021931712,0.20975462,0.59616441,0.0
0.0,0.57211537,0.31971706,0.0
0.007,0.13514437,0.37674129,0.0
0.012,0.19363367,0.19829523,0.0
0.0063245553,0.10748488,0.23105194,0.0
0.01954482,0.20236106,0.6963232,0.0
0.025179357,0.17922332,0.060811183,0.0
0.014317821,0.030016662,0.2417871,0.0
0.013416408,0.13946326,0.022671568,0.0
0.050009999,0.17432441,0.034655447,0.0
0.024454039,0.071951372,0.013416408,0.0
0.033436507,0.10524258,0.014525839,0.0
0.031464265,0.04236744,0.018681542,0.0
0.067512962,0.11787281,0.013416408,0.0
0.14659468,0.1024939,0.009,0.0
0.15708915,0.065069194,0.0067082039,0.0
0.069144776,0.2002049,0.009486833,0.0
0.36912058,0.073307571,0.003,0.0
0.21540891,0.070028566,0.010723805,0.0
0.099211894,0.13482211,0.010723805,0.0
0.083815273,0.12111565,0.0085440037,0.0
0.11329166,0.075239617,0.0051961524,0.0
0.23174339,0.068891219,0.012041595,0.0
0.20135789,0.11905461,0.012369317,0.0
0.45419049,0.36704359,0.0073484692,0.0
0.84386551,0.19204687,0.013416408,0.0
0.25858461,0.12330045,0.0058309519,0.0
0.08465223,0.61578649,0.0,0.0
0.11991247,0.2346572,0.01,0.0
0.16709279,0.081743501,0.0,0.0
0.44884518,0.037762415,0.003,0.0
0.12297154,0.10566456,0.0078102497,0.0
0.098173316,0.070327804,0.014422205,0.0
0.054561891,0.037054015,0.0042426407,0.0
0.09870157,0.11945711,0.009486833,0.0
0.10903669,0.11763503,0.009,0.0
0.083312664,0.063827894,0.010392305,0.0
0.04352011,0.049446941,0.011224972,0.0
0.076243032,0.075749587,0.0042426407,0.0
0.1262141,0.016155494,0.0051961524,0.0
0.035510562,0.081344945,0.0065574385,0.0
0.17629521,0.074993333,0.0083666003,0.0
0.146,0.048795492,0.006,0.0
0.26789737,0.14665947,0.012369317,0.0
0.32573609,0.19293522,0.0067082039,0.0
0.30638048,0.081203448,0.0,0.0
0.43332321,0.12638433,0.0073484692,0.0
0.43304272,0.19901256,0.011224972,0.0
0.53097081,0.085445889,0.011224972,0.0
0.40596921,0.16548716,0.013341664,0.0
0.058497863,0.070915443,0.011916375,0.0
0.054267854,0.11945292,0.0042426407,0.0
0.057489129,0.021424285,0.0051961524,0.0
0.0067082039,0.089005618,0.0073484692,0.0
0.027,0.0971751,0.010816654,0.0
0.045552168,0.0938616,0.0073484692,0.0
0.017233688,0.11933566,0.0042426407,0.0
0.034365681,0.14051334,0.0042426407,0.0
0.033376639,0.21774756,0.0099498744,0.0
0.10608487,0.097544861,0.0067082039,0.0
0.038600518,0.25696109,0.0051961524,0.0
0.056169387,0.066603303,0.003,0.0
0.055,0.087458562,0.0042426407,0.0
0.023853721,0.11461239,0.006,0.0
0.036810325,0.12163881,0.0042426407,0.0
0.014628739,0.11562007,0.0085440037,0.0
0.01029563,0.080062476,0.0090553851,0.0
0.10284454,0.15443121,0.0051961524,0.0
0.094688965,0.042720019,0.015811388,0.0
0.031464265,0.78535724,0.017349352,0.0
0.016643317,0.78492675,0.009,0.0
0.023769729,0.09174421,0.012,0.0
0.01421267,0.029308702,0.012369317,0.0
0.0084852814,0.060514461,0.014071247,0.0
0.0083666003,0.10999091,0.0067082039,0.0
0.01,0.036891733,0.005,0.0
0.027,0.049769469,0.003,0.0
0.0099498744,0.050209561,0.012041595,0.0
0.020445048,0.045354162,0.006,0.0
0.026925824,0.025179357,0.0051961524,0.0
0.020688161,0.056435804,0.012369317,0.0
0.018027756,0.008,0.0084852814,0.26301711
0.017521415,0.051127292,0.006,0.13583446
0.024617067,0.14456141,0.010816654,0.12172921
0.055226805,0.54869117,0.010816654,0.051078371
0.018601075,0.8015616,0.010816654,0.04494441
0.052697249,0.26557297,0.0078102497,0.006
0.027513633,0.35686132,0.003,0.018439089
0.018248288,0.4333682,0.0,0.022561028
0.01473092,0.32795579,0.0,0.029983329
0.040914545,0.18740598,0.003,0.0067082039
0.015297059,0.35179255,0.0058309519,0.049284886
0.028301943,0.41057277,0.009486833,0.049162994
0.047707442,0.050477718,0.0042426407,0.015297059
0.050069951,0.30024823,0.0090553851,0.017521415
0.018493242,0.20441135,0.011401754,0.018275667
0.02184033,0.15562455,0.0042426407,0.009486833
0.014317821,0.055506756,0.0042426407,0.003
0.0084852814,0.20334454,0.003,0.009486833
0.009,0.013076697,0.010816654,0.009486833
0.049183331,0.19157505,0.0058309519,0.0067082039
0.065215029,0.083462566,0.01029563,0.006
0.076928538,0.079454389,0.0042426407,0.006
0.022825424,0.14735671,0.003,0.011661904
0.15274161,0.15345683,0.014317821,0.005
0.1474449,0.23362577,0.009486833,0.003
0.51170108,0.19781052,0.01,0.0099498744
0.20019241,0.071909666,0.027622455,0.003
0.15365546,0.1182751,0.035637059,0.0042426407
0.1261507,0.069971423,0.025179357,0.0065574385
0.082885463,0.05186521,0.0,0.01
0.058129167,0.068490875,0.0,0.010816654
0.14847895,0.051283526,0.0,0.012369317
0.17284386,0.027784888,0.0,0.0073484692
0.15072491,0.019104973,0.0,0.013490738
0.11486079,0.074222638,0.0,0.016309506
0.030594117,0.073437048,0.0,0.010440307
0.29693265,0.020124612,0.0,0.014317821
0.42700117,0.029086079,0.0,0.0058309519
0.69237345,0.023452079,0.0,0.0058309519
0.45700766,0.018493242,0.0,0.006
0.5771265,0.021794495,0.0,0.003
0.27860366,0.0073484692,0.0,0.0042426407
0.1806599,0.023515952,0.0,0.0067082039
0.11018621,0.026172505,0.0,0.0073484692
0.18663333,0.020124612,0.0,0.005
0.13716414,0.023430749,0.0,0.0083666003
0.061065539,0.0067082039,0.0,0.01118034
0.034438351,0.0098488578,0.0,0.0051961524
0.069771054,0.014628739,0.0,0.003
0.073491496,0.0099498744,0.0,0.013601471
0.043289722,0.016155494,0.0,0.0094339811
0.088334591,0.015297059,0.0,0.003
0.025,0.0084852814,0.0,0.0058309519
0.025475478,0.036837481,0.0,0.0058309519
0.044204072,0.0042426407,0.0,0.0058309519
0.0893868,0.011224972,0.0,0.011401754
0.030149627,0.011224972,0.0,0.0051961524
0.08070316,0.012727922,0.0,0.003
0.038118237,0.015,0.0,0.009
0.12437443,0.027073973,0.0,0.012529964
0.021931712,0.0084852814,0.0,0.0058309519
0.021377558,0.066603303,0.0,0.064109282
0.079353639,0.029816103,0.0,0.067786429
0.041291646,0.028930952,0.0,0.0042426407
0.015297059,0.0099498744,0.0,0.003
0.066753277,0.015033296,0.0,0.0094339811
0.040718546,0.036728735,0.0,0.05920304
0.086267027,0.048020829,0.0,0.059084685
0.1219877,0.034307434,0.0,0.0078102497
0.074168727,0.011224972,0.0,0.011661904
0.083348665,0.040360872,0.0,0.014525839
0.077852424,0.071014083,0.0,0.003
0.054972721,0.056222771,0.0,0.01029563
0.027730849,0.14683324,0.0,0.0058309519
0.06233779,0.35006999,0.0,0.012529964
0.022135944,0.95549254,0.0,0.013490738
0.13609188,0.52678174,0.0,0.003
0.025806976,0.50659353,0.0,0.0065574385
0.032649655,0.63465109,0.0,0.0067082039
0.032526912,0.62142498,0.0,0.0078102497
0.074384138,0.40515799,0.0,0.0078102497
0.037802116,0.20032224,0.0,0.0070710678
0.054972721,0.5291153,0.0,0.0078102497
0.13984992,0.13871554,0.0,0.01
0.10482843,0.87533536,0.0,0.003
0.093690981,0.6577089,0.0,0.005
0.038196859,0.77354638,0.0,0.0092736185
0.049,0.74533885,0.0,0.0067082039
0.11114855,0.32583738,0.0,0.0085440037
0.056621551,0.14361407,0.0,0.0078102497
0.021213203,0.091815031,0.0,0.0085440037
0.02034699,0.17049633,0.0,0.0083666003
0.040963398,0.060572271,0.0,0.0083666003
0.044011362,0.06483826,0.0,0.010440307
0.022825424,0.035805028,0.0,0.0094339811
0.093155784,0.015297059,0.0,0.0042426407
0.19857492,0.018493242,0.0,0.013
0.15828455,0.0087177979,0.0,0.003
0.072124892,0.011313708,0.0,0.014422205
0.079025312,0.01421267,0.0,0.0073484692
0.062136946,0.02974895,0.0,0.009486833
0.03910243,0.050576674,0.0,0.015165751
0.083360662,0.041218928,0.0,0.025495098
0.06601515,0.0067082039,0.0,0.025317978
0.23530831,0.022847319,0.0,0.0067082039
0.020223748,0.028460499,0.0,0.013
0.27037197,0.011224972,0.0,0.011916375
0.11704273,0.012,0.0,0.003
0.25701556,0.015588457,0.0,0.012529964
0.41501205,0.0067082039,0.0,0.0078102497
0.38831173,0.018493242,0.0,0.01584298
0.55282999,0.0084852814,0.0,0.011224972
0.25346006,0.018493242,0.0,0.012369317
0.39929688,0.019209373,0.0,0.01473092
0.42618658,0.0067082039,0.0,0.012409674
0.66806362,0.012727922,0.0,0.0042426407
0.20918174,0.009,0.0,0.011401754
0.21569655,0.010816654,0.0,0.0084852814
0.21171679,0.039509493,0.0,0.011661904
0.1724123,0.032372828,0.0,0.0085440037
0.096228894,0.033674916,0.0,0.0090553851
0.064915329,0.031,0.0,0.010440307
0.1601593,0.012369317,0.0,0.003
0.041737274,0.0099498744,0.0,0.0078102497
0.32164266,0.009486833,0.0,0.0051961524
0.10803703,0.014696938,0.0,0.0051961524
0.12791794,0.019672316,0.0,0.0042426407
0.18010275,0.009,0.0,0.020518285
0.073123184,0.0051961524,0.0,0.030512293
0.15790503,0.0042426407,0.0,0.015297059
0.061343296,0.009,0.0,0.006
0.43971127,0.0099498744,0.0,0.040938979
0.74936573,0.01,0.0,0.024556058
0.46336703,0.011789826,0.0,0.044249294
0.21208017,0.0,0.0,0.020124612
0.1252717,0.012369317,0.0,0.021023796
0.17224692,0.039560081,0.0,0.021794495
0.54602656,0.03327161,0.0,0.0083666003
0.16697904,0.02611513,0.0,0.016093477
0.30880576,0.011,0.0,0.012
0.092054332,0.015066519,0.0,0.017
0.0601415,0.013747727,0.0,0.020248457
0.31976241,0.012041595,0.0,0.0073484692
0.26778163,0.036592349,0.0,0.010440307
0.031016125,0.031953091,0.0,0.003
0.081369527,0.010816654,0.0,0.003
0.057853263,0.035185224,0.0,0.0065574385
0.39671778,0.0063245553,0.0,0.0058309519
0.16112418,0.012884099,0.0,0.011313708
0.25523714,0.027313001,0.0,0.010723805
0.083725743,0.064007812,0.0,0.0078102497
0.28136986,0.061473572,0.0,0.0092736185
0.45690371,0.011224972,0.0,0.0094339811
0.16484538,0.069411815,0.0,0.0
0.68830662,0.054184869,0.0,0.012806248
0.3985022,0.037907783,0.0,0.0065574385
0.028231188,0.049979996,0.0,0.0058309519
0.15079456,0.057965507,0.0,0.006
0.060564016,0.045497253,0.0,0.01029563
0.056824291,0.0971751,0.0,0.01029563
0.11319452,0.030740852,0.0,0.009
0.023769729,0.094138196,0.0,0.0070710678
0.051623638,0.038392708,0.0,0.0058309519
0.085988371,0.056824291,0.0,0.006
0.053907328,0.032295511,0.0,0.01
0.0099498744,0.032588341,0.0,0.0042426407
0.018,0.043965896,0.0,0.008
0.025980762,0.063906181,0.0,0.0065574385
0.016431677,0.028301943,0.0,0.003
0.024020824,0.042860238,0.0,0.01029563
0.014071247,0.036633318,0.0,0.0078102497
0.02184033,0.033600595,0.0,0.0
0.023430749,0.017,0.0,0.0
0.03906405,0.050774009,0.0,0.0
0.15073487,0.024186773,0.0,0.0
0.075828754,0.067186308,0.0,0.0
0.52006634,0.2217228,0.0,0.0
0.71747683,0.29509998,0.0,0.0
0.19130342,0.22927712,0.0,0.0
0.38714726,0.12587692,0.0,0.0
0.44382654,0.23528918,0.0,0.0
0.28096085,0.39475942,0.0,0.0
0.11400877,0.29426519,0.0,0.0
0.16326053,0.21435718,0.0,0.0
0.1397462,0.2691115,0.0,0.0
0.24729941,0.56244911,0.0,0.0
0.57324776,0.56976925,0.0,0.0
0.1584582,0.09478924,0.0,0.0
0.12287799,0.12427389,0.0,0.0
0.25085853,0.031208973,0.0,0.0
0.26996852,0.41586296,0.0,0.0
0.035637059,0.8710287,0.0,0.0
0.138,0.41484937,0.0,0.0
0.11954497,0.19992248,0.0,0.0
0.085445889,0.24006249,0.0,0.0
0.15423035,0.19847922,0.0,0.0
0.046754679,0.31334326,0.0,0.0
0.063663176,0.18776847,0.0,0.0
0.040112342,0.10435516,0.0,0.0
0.07059745,0.093091353,0.0,0.0
0.023579652,0.22832871,0.0,0.0
0.052287666,0.074545288,0.0,0.0
0.43331513,0.056400355,0.0,0.0
0.78994367,0.14824642,0.0,0.0
0.8918307,0.094540996,0.0,0.0
0.51982112,0.1403745,0.0,0.0
0.38093175,0.042579338,0.0,0.0
0.23480417,0.083695878,0.0,0.0
0.26448062,0.092876262,0.0,0.0
0.10113852,0.037134889,0.0,0.0
0.072780492,0.034263683,0.0,0.0
0.029086079,0.039166312,0.0,0.0
0.12784365,0.023430749,0.0,0.0
0.10767544,0.016155494,0.0,0.0
0.043370497,0.012369317,0.0,0.0
0.057697487,0.0067082039,0.0,0.0
0.027513633,0.0067082039,0.0,0.0
0.029308702,0.013747727,0.0,0.0
0.014696938,0.33218368,0.0,0.0
0.050209561,0.78726552,0.0,0.0
0.16509391,0.89212443,0.0,0.0
0.17570714,0.65354801,0.0,0.0
0.07029936,0.33008181,0.0,0.0
0.038639358,0.92260826,0.0,0.0
0.035355339,0.34838197,0.0,0.0
0.016155494,0.34317051,0.0,0.0
0.009,0.22348378,0.0,0.0
0.009486833,0.1141315,0.0,0.0
0.016431677,0.11531262,0.0,0.0
0.016431677,0.13814847,0.0,0.0
0.025806976,0.067631354,0.0,0.0
0.0073484692,0.17607101,0.0,0.0
0.010816654,0.12714165,0.0,0.0
0.011224972,0.1320303,0.0,0.0
0.015,0.075716577,0.0,0.0
0.028618176,0.72290387,0.0,0.0
0.016970563,1.2351996,0.0,0.0
0.045287967,0.58966601,0.0,0.0
0.089682774,0.19301036,0.0,0.0
0.059531504,0.15295097,0.0,0.0
0.042825226,0.11648605,0.0,0.0
0.03792097,0.28881136,0.0,0.0
0.068658576,0.13152186,0.0,0.0
0.069699354,0.39012049,0.0,0.0
0.046065171,0.18220044,0.0,0.0
0.022649503,0.47473888,0.0,0.0
0.031016125,0.35757517,0.0,0.0
0.039736633,0.21966793,0.0,0.0
0.029614186,0.2093681,0.0,0.0
0.013,0.16773789,0.0,0.0
0.010440307,0.061983869,0.0,0.0
0.019899749,0.077498387,0.0,0.0
0.021095023,0.7427577,0.0,0.0
0.09284934,0.9023824,0.0,0.0
0.086492774,0.51927161,0.0,0.0
0.052687759,0.4692185,0.0,0.0
0.024738634,1.9927413,0.0,0.0
0.025632011,0.84173749,0.0,0.0
0.033136083,0.41927795,0.0,0.0
0.071630999,0.50150972,0.0,0.0
0.013747727,0.46243162,0.0,0.0
0.015297059,0.27176828,0.0,0.0
0.03138471,0.10944862,0.0,0.0
0.20980705,0.1101272,0.0,0.0
0.23605296,0.076262704,0.0,0.0
0.027568098,0.14026047,0.0,0.0
0.029765752,0.36414558,0.0,0.0
0.038678159,0.25188291,0.0,0.0
0.016370706,0.93118741,0.0,0.0
0.013076697,0.82012316,0.0,0.0
0.11730729,0.41306658,0.0,0.0
0.076026311,0.449108,0.0,0.0
0.094762862,0.93475398,0.0,0.0
0.56529019,1.2006644,0.0,0.0
0.83934796,0.38416923,0.0,0.0
1.0389158,0.60057805,0.0,0.0
0.46367445,0.23268219,0.0,0.0
0.42452915,0.19451992,0.0,0.0
0.24255515,0.21189148,0.0,0.0
0.25403346,0.21010712,0.0,0.0
0.11725613,0.1603122,0.0,0.0
0.10123241,0.13947401,0.0,0.0
0.11456439,0.083677954,0.0,0.0
0.2308636,0.04110961,0.0,0.0
0.16684724,0.087578536,0.0,0.0
0.22064451,0.090586975,0.0,0.0
0.14569489,0.072277244,0.0,0.0
0.18526737,0.068337398,0.0,0.0
0.19858751,0.044844175,0.0,0.0
0.12717311,0.009,0.0,0.0
0.063608176,0.010816654,0.0,0.0
0.090978019,0.039370039,0.0,0.0
0.11837652,0.010816654,0.0,0.0
0.36425403,0.019209373,0.0,0.0
0.19861017,0.009486833,0.0,0.0
0.14207744,0.017233688,0.0,0.0
0.23078345,0.032449961,0.0,0.0
0.17583231,0.041146081,0.0,0.0
0.43002326,0.03232646,0.0,0.0
0.47172556,0.077162167,0.0,0.0
0.18585478,0.14162274,0.0,0.010816654
0.10331021,0.1661385,0.0,0.010440307
0.029068884,0.11952406,0.0,0.02059126
0.095963535,0.14811482,0.0,0.021587033
0.13217034,0.17483135,0.0,0.030561414
0.097396098,0.036728735,0.0,0.017233688
0.10043904,0.082006097,0.0,0.0083666003
0.047010637,0.12360421,0.0,0.003
0.1506851,0.10805091,0.0,0.01
0.94092136,0.032878564,0.0,0.0042426407
0.47946741,0.076472217,0.0,0.0098994949
0.55677195,0.15065855,0.0,0.0
0.1220082,0.045880279,0.0,0.005
0.24504897,0.06041523,0.0,0.0
0.13048372,0.15520954,0.0,0.0
0.21985905,0.18476472,0.0,0.0058309519
0.24195454,0.053795911,0.0,0.0058309519
0.066045439,0.2762336,0.0,0.0065574385
0.088022724,0.31448529,0.0,0.013601471
0.13485177,0.091043945,0.0,0.0065574385
0.24790926,0.1080648,0.0,0.011
0.41354202,0.030016662,0.0,0.013453624
1.4242647,0.069914233,0.0,0.0051961524
0.28466647,0.13098855,0.0,0.01421267
0.31002258,0.04189272,0.0,0.012409674
0.36383238,0.074087786,0.0,0.0058309519
0.14759743,0.060033324,0.0,0.013038405
0.12524376,0.003,0.0,0.0
0.080876449,0.053981478,0.29588849,0.0076811457
0.061424751,0.021725561,0.035902646,0.0067082039
0.09226592,0.015427249,0.062561969,0.0065574385
0.070028566,0.027513633,0.038209946,0.003
0.022869193,0.055758407,0.045343136,0.0070710678
0.017,0.12359612,0.048641546,0.005
0.010816654,0.12607141,0.027820855,0.0042426407
0.024083189,0.011224972,0.053338541,0.0085440037
0.034698703,0.019949937,0.039319207,0.003
0.032588341,0.013416408,0.033555923,0.0085440037
0.11682893,0.015297059,0.088396833,0.0098994949
0.8226123,0.030016662,0.14053469,0.008
0.61024012,0.056115951,0.14678896,0.0042426407
0.73452366,0.082316463,0.2868205,0.006
0.13178012,0.078147297,0.1958239,0.003
0.88729251,0.055686623,0.42045452,0.003
0.35573867,0.077846002,0.58839952,0.0058309519
0.28514733,0.062457986,0.105138,0.0058309519
0.28169132,0.058898217,0.215729,0.0
0.15381807,0.038522721,0.21030692,0.0058309519
0.016155494,0.0067082039,0.0595483,0.0058309519
0.18535911,0.0094339811,0.096015624,0.005
0.15229905,0.020518285,0.1224949,0.0
0.59895325,0.04747631,0.866456,0.0076811457
0.11430661,0.033015148,0.24841095,0.0090553851
0.16618363,0.061733297,0.098721831,0.008
0.20285463,0.040112342,0.030740852,0.0098994949
0.098574845,0.092870878,0.17870087,0.005
0.16534207,0.059093147,0.097200823,0.0058309519
0.53259929,0.061911227,0.041976184,0.005
0.60188122,0.048176758,0.079511006,0.003
0.34480429,0.010816654,0.041097445,0.0058309519
0.087424253,0.021725561,0.036742346,0.0058309519
0.1368722,0.04365776,0.017691806,0.0085440037
0.20890907,0.064776539,0.085445889,0.0042426407
0.31698107,0.053037722,0.12197541,0.0051961524
0.21154196,0.33304054,0.084225887,0.0065574385
0.38410025,0.15754364,0.14878844,0.0
0.15182226,0.074498322,0.14276554,0.003
0.16721842,0.11787281,0.21384808,0.003
0.31491745,0.10782393,0.034799425,0.003
0.069404611,0.091553263,0.037960506,0.0058309519
0.12223338,0.020736441,0.029154759,0.005
0.090890043,0.088442071,0.029681644,0.005
0.85636966,0.12473973,0.013416408,0.0078102497
0.71899513,0.21544605,0.049678969,0.01029563
0.9383267,0.089028085,0.032695565,0.003
0.81230167,0.075186435,0.051127292,0.0065574385
1.9374607,0.075059976,0.035524639,0.005
0.99811923,0.023043437,0.14252017,0.003
0.42477877,0.036152455,0.40868203,0.0076811457
0.29353194,0.07731106,0.059245253,0.0058309519
0.40075554,0.1718895,0.053935146,0.003
0.23768256,0.28040863,0.086267027,0.005
0.13012302,0.034655447,0.038781439,0.005
0.059135438,0.061862751,0.037161808,0.0058309519
0.086977008,0.014628739,0.063725976,0.0070710678
0.14016419,0.087852149,0.14596232,0.0070710678
0.30053951,0.047381431,0.16303067,0.0090553851
0.75746023,0.073905345,0.077006493,0.0042426407
1.7306808,0.062136946,0.086353923,0.066377707
1.1320716,0.054424259,0.033030289,0.069469418
0.33268754,0.10837896,0.018601075,0.01473092
1.215903,0.09666954,0.014422205,0.023194827
0.20088305,0.062209324,0.053366656,0.029206164
0.19761579,0.192177,0.30755325,0.0042426407
2.6132549,0.072449983,0.49483229,0.019209373
2.5116596,0.08224962,0.33140459,0.028635642
0.14601712,0.048764741,0.48872589,0.037854986
0.11585336,0.088887569,0.042154478,0.029154759
0.085375641,0.068651293,0.37139871,0.052697249
0.025475478,0.013928388,0.33374691,0.027946377
0.06835203,0.24477541,0.22871379,0.020518285
0.061814238,0.44502809,0.1608633,0.03232646
0.048692915,1.0568188,0.21495581,0.027676705
0.035341194,0.89460326,0.12561847,0.039974992
0.009486833,1.3174862,0.22314569,0.015297059
0.029966648,1.0200358,0.19959459,0.028896367
0.11044003,1.2308989,0.056008928,0.035298725
0.068264193,0.62214548,0.084982351,0.048020829
0.024372115,0.11424973,0.078549348,0.12653063
0.10317946,0.13213251,0.034132096,0.097867257
0.051429563,0.009486833,0.039306488,0.03544009
0.058137767,0.2709631,0.029068884,0.033136083
0.011401754,0.419173,0.015231546,0.030512293
0.01421267,0.68129729,0.065238026,0.065734314
0.018138357,0.15354478,0.052258971,0.073613857
0.020663978,0.051961524,0.023043437,0.1350037
0.0073484692,0.082613558,0.029086079,0.30640659
0.3216753,0.064031242,0.062369865,0.5236516
0.73282877,0.30100831,0.044384682,0.71490209
1.072014,0.29773982,0.059715995,0.09568699
0.70732524,0.70973516,0.016155494,0.15142985
0.63881374,0.21755459,0.013747727,0.025475478
0.14269548,0.13917974,0.027676705,0.0143527
0.14564683,0.13945967,0.015588457,0.014696938
0.083360662,0.21691934,0.014071247,0.022671568
0.078434686,0.58288078,0.098600203,0.028583212
0.1154816,0.61533081,0.46470743,0.068593003
0.54913113,0.61597646,0.71471603,0.061106464
0.42978832,0.6368218,0.51186522,0.059531504
0.62540867,0.62659477,0.50597035,0.032449961
0.38752161,2.3633413,0.31103215,0.052697249
0.39167972,0.52334023,0.61972736,0.050289164
1.2008405,1.0160359,0.13787313,0.006
2.2049603,0.20818261,0.19069085,0.03132092
0.71112516,0.13220061,0.092227978,0.022649503
0.54178317,0.019467922,0.1007869,0.011224972
0.29030329,0.063,0.067542579,0.027748874
0.37653818,0.06786015,0.12062338,0.006
0.30321939,0.074766303,0.12205736,0.17141178
0.61571584,0.044598206,0.21173805,0.1754138
0.2045605,0.015524175,0.16361846,0.11720068
0.34585835,0.027820855,0.084557673,0.031336879
0.21156796,0.028160256,0.65178141,0.018248288
0.26377832,0.088774996,0.54809488,0.052249402
0.11856644,0.13494443,0.30373179,0.021748563
0.28046212,0.070185469,0.14972308,0.0067082039
0.15592626,0.15559242,0.17821897,0.01954482
0.12352732,0.049376108,0.10313583,0.009486833
0.16724832,0.086023253,0.11861282,0.025787594
0.09060905,0.30536044,0.031064449,0.01029563
0.31705835,0.26233757,0.061749494,0.017378147
0.18413582,0.13057565,0.015427249,0.015588457
0.28912627,0.05654202,0.029580399,0.056356011
0.16379866,0.059539903,0.016643317,0.02745906
0.11840186,0.20133554,0.047560488,0.064015623
0.07460563,0.065946948,0.012369317,0.043886217
0.22187158,0.016124515,0.018761663,0.03
0.27313733,0.083671979,0.017262677,0.035524639
0.17993888,0.048846699,0.016155494,0.030951575
0.12067311,0.064753378,0.024392622,0.085188027
0.054313902,0.30012331,0.012529964,0.10661144
0.46161997,0.55564827,0.017233688,0.19608672
0.86562001,1.0612455,0.015165751,0.19416745
1.0751921,1.1460659,0.052782573,0.1445026
0.55208242,0.7653816,0.034219877,0.10464225
0.67598891,0.95699843,0.050852729,0.082722427
0.39468215,0.49049057,0.050219518,0.10419213
0.073661387,0.3791952,0.048259714,0.13988924
0.20263267,0.082849261,0.016278821,0.064830548
0.25198016,0.12103305,0.02611513,0.30050291
0.20537283,0.10800926,0.017262677,0.093829633
0.42112943,0.11454693,0.032,0.064822835
0.50265992,0.075604233,0.024186773,0.012165525
0.88263696,0.084858706,0.035972211,0.036810325
0.3173736,0.017233688,0.052971691,0.025806976
0.40660915,0.042473521,0.035902646,0.0084852814
0.20823304,0.081055537,0.057991379,0.012369317
0.39543394,0.17277153,0.025357445,0.020149442
0.079075913,0.18609138,0.016431677,0.016643317
0.072013888,0.12252347,0.024515301,0.081049368
0.034928498,0.2411514,0.010723805,0.026324893
0.045254834,0.13840159,0.017748239,0.03906405
0.050338852,0.2140584,0.012041595,0.1148782
0.13649908,0.41164426,0.009,0.14403819
0.31468079,0.13721152,0.041665333,0.068651293
0.35869207,0.046108568,0.41155559,0.23415166
0.22317034,0.039937451,0.39412435,0.20997857
0.5730986,0.025199206,0.29334621,0.28809894
0.57799048,0.015297059,0.4835349,0.085556999
0.42238134,0.012369317,0.26624988,0.061204575
0.6707056,0.030561414,0.38839284,0.071477269
0.1865181,0.10745697,0.13602206,0.017521415
0.63582152,0.94118542,0.1362461,0.057982756
0.57036918,0.63806426,0.71907301,0.021118712
0.22671568,1.3440435,0.40076677,0.02184033
0.23042786,1.5129061,0.19233824,0.03910243
0.14057027,0.95306033,0.42701171,0.028460499
0.10105444,1.1720567,0.19209633,0.068066144
0.14989663,0.19324854,0.12091733,0.04570558
0.37972227,0.08722385,0.15097351,0.024186773
0.1628926,0.24158021,0.094053176,0.016155494
0.24934715,0.11360018,0.064853681,0.014071247
0.37755529,0.085871998,0.050606324,0.034842503
0.32664354,0.20544829,0.022671568,0.035510562
0.3424938,0.12823026,0.063253458,0.020124612
0.29601013,0.075006666,0.060041652,0.030903074
0.23399786,0.11200893,0.050358713,0.019209373
0.042579338,0.097164808,0.048228622,0.033466401
0.2017325,0.039623226,0.027331301,0.020976177
0.31276988,0.081510735,0.11044003,0.016155494
0.14960615,0.098152942,0.053907328,0.024372115
0.23547399,0.054424259,0.071637979,0.015297059
0.14369412,0.039661064,0.20167796,0.0067082039
0.3207195,0.068949257,0.088622796,0.0
0.52396469,0.080808415,0.068476273,0.0042426407
0.60595214,0.11287604,0.022737634,0.013076697
0.24328584,0.0733553,0.020880613,0.0036055513
0.048641546,0.036249138,0.0098994949,0.028460499
0.068490875,0.03138471,0.05870264,0.089621426
0.21679022,0.016278821,0.2306881,0.11836385
0.17353098,0.022135944,0.16440499,0.015033296
0.13836546,0.013892444,0.11204463,0.31472528
0.14930171,0.012529964,0.027856777,0.053422842
0.031527766,0.016124515,0.034014703,0.017748239
0.093749667,0.017262677,0.06233779,0.021725561
0.047042534,0.009486833,0.095874919,0.12685031
0.082298238,0.015297059,0.26944758,0.041581246
0.017804494,0.011224972,0.13874077,0.016643317
0.092709223,0.017492856,0.050931326,0.023430749
0.043566042,0.013416408,0.13431679,0.010816654
0.048280431,0.0067082039,0.15950235,0.009486833
0.053833075,0.014071247,0.091093359,0.009486833
0.049040799,0.013416408,0.041146081,0.003
0.01,0.011224972,0.050606324,0.012727922
0.032557641,0.0058309519,0.036373067,0.011224972
0.012369317,0.015811388,0.076302031,0.003
0.01954482,0.006,0.041833001,0.0042426407
0.027184554,0.003,0.033136083,0.0067082039
0.042544095,0.0067082039,0.040311289,0.019467922
0.094783965,0.0042426407,0.05083306,0.020736441
0.027676705,0.014071247,0.069555733,0.10646126
0.029308702,0.012369317,0.032878564,0.24921677
0.091809586,0.0067082039,0.027367864,0.25457612
0.027331301,0.0099498744,0.046227697,0.17573275
0.033196385,0.009,0.012884099,0.028460499
0.058446557,0.0042426407,0.012727922,0.063796552
0.073171033,0.0036055513,0.01,0.24764895
0.054451814,0.0099498744,0.012369317,0.10127685
0.036138622,0.012041595,0.22616808,0.093605555
0.078262379,0.0084852814,0.53836883,0.041218928
0.033778692,0.013747727,0.87196445,0.015297059
0.016155494,0.003,0.49662058,0.067808554
0.03407345,0.0053851648,0.29296075,0.13330041
0.04747631,0.0124499,0.51455903,0.093493315
0.051768716,0.015524175,0.27250321,0.091109824
0.056435804,0.0083666003,0.20302955,0.039242834
0.022135944,0.0065574385,0.030594117,0.047518417
0.038196859,0.0042426407,0.11439406,0.039025633
0.016155494,0.0036055513,0.33668531,0.0046904158
0.042118879,0.011575837,0.11439406,0.012884099
0.020124612,0.012529964,0.86160954,0.0067082039
0.009,0.0094339811,0.24932509,0.0087749644
0.0067082039,0.016552945,0.49689637,0.01954482
0.034132096,0.013076697,0.23507658,0.009
0.16615655,0.003,0.22521101,0.014317821
0.25899035,0.015297059,0.26878058,0.032202484
0.10389418,0.019209373,0.11478676,0.12488395
0.22447049,0.013076697,0.23790965,0.050418251
0.44980663,0.003,0.19905024,0.052182373
0.11244554,0.0067082039,0.11080614,0.032526912
0.22975857,0.0084852814,0.21949715,0.082273933
0.17088885,0.012727922,0.27728686,0.072904047
0.3987844,0.013076697,0.12736169,0.015297059
0.059699246,0.0,0.07772387,0.036728735
0.16691315,0.0073484692,0.077903787,0.019621417
0.11568059,0.0073484692,0.26075659,0.038392708
0.045847574,0.0042426407,0.20384553,0.016431677
0.046454279,0.0099498744,0.24847334,0.019899749
0.029546573,0.003,0.24868454,0.0067082039
0.056929781,0.009486833,0.21803669,0.031144823
0.098762341,0.0058309519,0.2232241,0.077620873
0.086631403,0.0036055513,0.12179901,0.46664548
0.057280014,0.009,0.13628646,0.091219515
0.086232245,0.003,0.17366923,0.24166506
0.024083189,0.007,0.22030887,0.082897527
0.060340699,0.0058309519,0.15251885,0.11013628
0.02034699,0.0067082039,0.2721213,0.11933147
0.04482187,0.012,0.6120335,0.092612094
0.082680106,0.015524175,0.59322677,0.019209373
0.039293765,0.0,0.15314372,0.041158231
0.049578221,0.0058309519,0.14134709,0.019672316
0.021213203,0.003,0.14171803,0.016911535
0.019209373,0.0,0.20308373,0.021377558
0.009,0.006,0.30731417,0.086092973
0.012369317,0.009486833,0.34445464,0.076772391
0.017492856,0.013076697,0.67876579,0.040509258
0.015,0.011224972,0.5627877,0.16535114
0.013747727,0.013076697,0.15144966,0.043462628
0.027568098,0.0042426407,0.3753878,0.16855266
0.11552489,0.0042426407,0.19125376,0.10845736
0.11977061,0.0051961524,0.60758621,0.025
0.031016125,0.009,1.6158493,0.048805737
0.023430749,0.009486833,0.77290944,0.13127833
0.012727922,0.0067082039,0.65108064,0.069928535
0.0042426407,0.009486833,0.10645656,0.040570926
0.023043437,0.003,0.30561577,0.031160873
0.013416408,0.009,0.12645157,0.038065733
0.0051961524,0.009486833,0.03471311,0.085358069
0.018193405,0.009,0.12644366,0.053150729
0.018027756,0.0067082039,0.20463626,0.030675723
0.029154759,0.0073484692,0.19596428,0.040804412
0.06558201,0.0051961524,0.18785633,0.089576783
0.29861179,0.0,0.25784685,0.058215118
0.045287967,0.0,0.71310168,0.074893257
0.7209896,0.0,0.14154151,0.09246621
0.56933382,0.0,0.40395421,0.091766007
0.63941379,0.0,0.15066187,0.025787594
0.68554504,0.0,0.06634757,0.11042645
0.50885263,0.0,0.15878917,0.032280025
0.20187868,0.0,0.047010637,0.015
0.074168727,0.0,0.089375612,0.019209373
0.056648036,0.0,0.15164432,0.014525839
0.22234433,0.0,0.28389082,0.0051961524
0.47685847,0.0,0.1354917,0.015427249
0.31319962,0.0,0.30374496,0.051633323
0.11309288,0.0,0.16920106,0.12445481
0.085480992,0.0,0.080678374,0.059152346
0.18488104,0.0,0.049819675,0.027748874
0.060440053,0.0,0.1535806,0.032649655
0.12363252,0.0,0.044508426,0.048641546
0.081418671,0.0,0.067074585,0.040853396
0.15595192,0.0,0.084492603,0.070710678
0.05235456,0.0,0.031670175,0.075716577
0.093914855,0.0,0.083102347,0.19020515
0.085854528,0.0,0.11553787,0.13978913
0.061983869,0.0,0.03132092,0.14346428
0.069375788,0.0,0.042023803,0.3384952
0.026627054,0.0,0.080162335,0.10464225
0.06860758,0.0,0.11853691,0.091787799
0.034146742,0.0,0.098498731,0.095089432
0.014525839,0.0,0.16898521,0.075332596
0.003,0.0,0.10390861,0.33794378
0.0085440037,0.0,0.21515111,0.31660859
0.010440307,0.0,0.53216633,0.078319857
0.0067082039,0.0,0.55858124,0.13989639
0.012727922,0.0,0.13288341,0.099724621
0.016911535,0.0,0.25635522,0.16014056
0.0058309519,0.0,0.34682128,0.026683328
0.0,0.0,0.58647677,0.078860637
0.0067082039,0.0,0.40717809,0.15275143
0.008,0.0,0.095278539,0.057384667
0.0085440037,0.0,0.30502787,0.033526109
0.0051961524,0.0,0.28616429,0.0084852814
0.0051961524,0.0,0.20509754,0.025980762
0.003,0.0,0.21485111,0.0051961524
0.0042426407,0.0,0.26240046,0.024083189
0.006,0.0,0.037696154,0.014628739
0.009,0.0,0.33131707,0.0073484692
0.009,0.0,0.040298883,0.015588457
0.0067082039,0.0,0.10001,0.003
0.003,0.0,0.31601582,0.021424285
0.014317821,0.0,0.45538335,0.019
0.005,0.0,0.99306143,0.047042534
0.006,0.0,0.72846277,0.07485319
0.009,0.0,0.086197448,0.050685304
0.009486833,0.0,0.27237291,0.028372522
0.0042426407,0.0,0.3258604,0.025455844
0.005,0.0,0.029580399,0.19350969
0.008,0.0,0.041785165,0.19505384
0.0085440037,0.0,0.11162885,0.018973666
0.003,0.0,0.062521996,0.018493242
0.005,0.0,0.19314502,0.0042426407
0.003,0.0,0.1892855,0.017748239
0.0076811457,0.0,0.11177209,0.018493242
0.0078102497,0.0,0.1166319,0.028160256
0.01933908,0.0,0.3250523,0.033823069
0.016278821,0.0,0.22716074,0.048928519
0.009486833,0.0,0.3259233,0.046270941
0.012727922,0.0,0.55589028,0.062697687
0.006,0.0,0.58763339,0.038587563
0.0073484692,0.0,0.60844967,0.11363978
0.003,0.0,0.25881847,0.078147297
0.003,0.0,0.65965142,0.038548671
0.009486833,0.0,0.83542444,0.060704201
0.0085440037,0.0,0.33439049,0.024186773
0.0085440037,0.0,0.63061954,0.059615434
0.0042426407,0.0,0.038,0.12624579
0.0051961524,0.0,0.11434159,0.083815273
0.01,0.0,0.43270775,0.070491134
0.01,0.0,0.32751489,0.24176021
0.003,0.0,1.359551,0.1045562
0.0051961524,0.0,0.77319726,0.22902838
0.0073484692,0.0,0.3029901,0.032526912
0.0073484692,0.0,0.76974931,0.2346785
0.003,0.0,0.30475728,0.15357409
0.0099498744,0.0,0.11920151,0.13352902
0.003,0.0,0.15470294,0.1212518
0.0042426407,0.0,0.29076107,0.10141992
0.003,0.0,0.25503529,0.17402299
0.0036055513,0.0,0.36096814,0.13765173
0.0087749644,0.0,0.33187498,0.089693924
0.009486833,0.0,0.13881282,0.041303753
0.01029563,0.0,0.12484791,0.054046276
0.0042426407,0.0,0.17512852,0.028160256
0.0,0.0,0.10137554,0.017262677
0.0085440037,0.0,0.13179909,0.055145263
0.010440307,0.0,0.31055112,0.074498322
0.0067082039,0.0,0.14522741,0.10935264
0.013747727,0.0,0.87436205,0.14881196
0.015297059,0.0,0.31599525,0.050408333
0.009486833,0.0,0.17894413,0.13225354
0.0042426407,0.0,0.54787772,0.034698703
0.0058309519,0.0,0.048383882,0.10802315
0.008,0.0,0.13178012,0.044407207
0.0042426407,0.0,0.25729944,0.046357308
0.003,0.0,0.21396729,0.054460995
0.017521415,0.0,0.085662127,0.066030296
0.0067082039,0.0,0.12007081,0.19745886
0.011789826,0.0,0.068154237,0.13147243
0.0051961524,0.0,0.19009471,0.53443989
0.0042426407,0.0,0.28120811,0.51596221
0.0073484692,0.0,0.21214382,0.42429471
0.003,0.0,0.1211528,0.28241282
0.007,0.0,0.27332581,0.059287435
0.0083666003,0.0,0.051078371,0.15286923
0.003,0.0,0.11164676,0.19489741
0.0067082039,0.0,0.26027101,0.027184554
0.0067082039,0.0,0.088028405,0.050783856
0.003,0.0,0.095592887,0.056089215
0.0036055513,0.0,0.07877817,0.090138782
0.003,0.0,0.078721026,0.060282667
0.0042426407,0.0,0.024186773,0.022045408
0.0036055513,0.0,0.050418251,0.013076697
0.0051961524,0.0,0.26139816,0.0051961524
0.0085440037,0.0,0.19247337,0.015297059
0.0051961524,0.0,0.13975335,0.010816654
0.007,0.0,0.17358283,0.017233688
0.0083666003,0.0,0.12194261,0.16703892
0.0065574385,0.0,0.29574651,0.28238095
0.0087177979,0.0,0.1903129,0.27349223
0.0099498744,0.0,0.15885843,0.31456955
0.0,0.0,0.097903013,0.20328059
0.0,0.0,0.093429118,0.16315943
0.0,0.0,0.28661647,0.051107729
0.0,0.0,0.55009636,0.087412814
0.0,0.0,0.43319972,0.011401754
0.0,0.0,0.31942918,0.025670995
0.0,0.0,0.32257092,0.017691806
0.0,0.0,0.23468703,0.039849718
0.0,0.0,1.2468155,0.088504237
0.0,0.0,0.32366186,0.083336667
0.0,0.0,0.31698738,0.017521415
0.0,0.0,0.11268097,0.003
0.0,0.0,0.38108529,0.066105976
0.0,0.0,0.18477554,0.0275318
0.0,0.0,0.3436699,0.021794495
0.0,0.0,0.1129646,0.044988888
0.0,0.0,0.2213888,0.054598535
0.0,0.0,0.15465445,0.011224972
0.0,0.0,0.057087652,0.059816386
0.0,0.0,0.50643163,0.054433446
0.0,0.0,0.28066172,0.051107729
0.0,0.0,0.1890767,0.094593869
0.0,0.0,0.21074629,0.090763429
0.0,0.0,0.06574192,0.017349352
0.0,0.0,0.1148782,0.027676705
0.0,0.0,0.029342802,0.01
0.0,0.0,0.074873226,0.015588457
0.0,0.0,0.023790755,0.049193496
0.0,0.0,0.046497312,0.080907354
0.0,0.0,0.071735626,0.037775654
0.0,0.0,0.14496206,0.077103826
0.0,0.0,0.1024939,0.020518285
0.0,0.0,0.24867248,0.079680612
0.0,0.0,0.33498806,0.022869193
0.0,0.0,0.23143466,0.03312099
0.0,0.0,0.22127359,0.022494444
0.0,0.0,0.11574541,0.078364533
0.0,0.0,0.12225383,0.068709534
0.0,0.0,0.084011904,0.027658633
0.0,0.0,0.24187187,0.010816654
0.0,0.0,0.33658728,0.15632018
0.0,0.0,0.23883258,0.048713448
0.0,0.0,0.49798193,0.19991248
0.0,0.0,0.52968104,0.13881282
0.0,0.0,0.16797619,0.029529646
0.0,0.0,0.065276336,0.094535708
0.0,0.0,0.88331987,0.10841587
0.0,0.0,0.15481925,0.086752522
0.0,0.0,0.69125466,0.027676705
0.0,0.0,0.23938672,0.054184869
0.0,0.0,0.23405341,0.14302797
0.0,0.0,0.10412492,0.054092513
0.0,0.0,0.069411815,0.051009803
0.0,0.0,0.35221868,0.032341923
0.0,0.0,0.14166157,0.032756679
0.0,0.0,0.21479525,0.056017854
0.0,0.0,0.037815341,0.09790812
0.0,0.0,0.18291528,0.10155294
0.0,0.0,0.32833824,0.10124228
0.0,0.0,0.114,0.061587336
0.0,0.0,0.13933054,0.044519659
0.0,0.0,0.50796949,0.11349449
0.0,0.0,0.080616376,0.050714889
0.0,0.0,0.17920379,0.026
0.0,0.0,0.26076426,0.025099801
0.0,0.0,0.11683321,0.02745906
0.0,0.0,0.17562745,0.047864392
0.0,0.0,0.19675874,0.016431677
0.0,0.0,0.40800245,0.041725292
0.0,0.0,0.54320254,0.024919872
0.0,0.0,0.31626097,0.12325989
0.0,0.0,0.51482133,0.18245273
0.0,0.0,0.13921925,0.027946377
0.0,0.0,0.50150673,0.097051533
0.0,0.0,0.21767177,0.15398052
0.0,0.0,0.68001397,0.058137767
0.0,0.0,0.60363151,0.08182909
0.0,0.0,0.14496206,0.069663477
0.0,0.0,0.17324549,0.098888826
0.0,0.0,0.17188659,0.22592919
0.0,0.0,0.034785054,0.13514807
0.0,0.0,0.14466859,0.10269859
0.0,0.0,0.2178371,0.065734314
0.0,0.0,0.45413324,0.087509999
0.0,0.0,0.32238176,0.1004241
0.0,0.0,0.16611141,0.12369721
0.0,0.0,0.2199409,0.13998214
0.0,0.0,0.25670995,0.042497059
0.0,0.0,0.2073403,0.063686733
0.0,0.0,0.18949934,0.063788714
0.0,0.0,0.3008837,0.065061509
0.0,0.0,0.19534841,0.054240206
0.0,0.0,0.30738412,0.071175839
0.0,0.0,0.32318106,0.14072313
0.0,0.0,0.89570419,0.30238717
0.0,0.0,0.41585815,0.1451792
0.0,0.0,0.34078439,0.09064767
0.0,0.0,0.10065287,0.050941143
0.0,0.0,0.10796759,0.076472217
0.0,0.0,0.12487994,0.04327817
0.0,0.0,0.71225978,0.076400262
0.0,0.0,0.57984308,0.099649385
0.0,0.0,0.46677296,0.049335586
0.0,0.0,0.36416205,0.076544105
0.0,0.0,0.082516665,0.053674948
0.0,0.0,0.13145722,0.029563491
0.0,0.0,0.22874658,0.07109149
0.0,0.0,0.1247277,0.036138622
0.0,0.0,0.10498095,0.016552945
0.0,0.0,0.089089842,0.025179357
0.0,0.0,0.044966654,0.025179357
0.0,0.0,0.091394748,0.038535698
0.0,0.0,0.034655447,0.034727511
0.0,0.0,0.080380346,0.025019992
0.0,0.0,0.044452222,0.079259069
0.0,0.0,0.029086079,0.13020753
0.0,0.0,0.056400355,0.10651291
0.0,0.0,0.054644304,0.097954071
0.0,0.0,0.051739733,0.036742346
0.0,0.0,0.042825226,0.03522783
0.0,0.0,0.048938737,0.043324358
0.0,0.0,0.059715995,0.038704005
0.0,0.0,0.015,0.046583259
0.0,0.0,0.035972211,0.046454279
0.0,0.0,0.12103718,0.023043437
0.0,0.0,0.20514873,0.051749396
0.0,0.0,0.13498148,0.039661064
0.0,0.0,0.041400483,0.11626693
0.0,0.0,0.050803543,0.11107205
0.0,0.0,0.053422842,0.027
0.0,0.0,0.045276926,0.063253458
0.0,0.0,0.034322005,0.021095023
0.0,0.0,0.061749494,0.022045408
0.0,0.0,0.016155494,0.087114867
0.0,0.0,0.027147744,0.14200352
0.0,0.0,0.16260381,0.11076552
0.0,0.0,0.22484217,0.11925603
0.0,0.0,0.10084146,0.073266636
0.0,0.0,0.07752419,0.19455847
0.0,0.0,0.045793013,0.095509162
0.0,0.0,0.011224972,0.057974132
0.0,0.0,0.013416408,0.065992424
0.0,0.0,0.0067082039,0.085445889
0.0,0.0,0.17144678,0.016278821
0.0,0.0,0.45654025,0.041218928
0.0,0.0,0.53223021,0.075352505
0.0,0.0,0.23426908,0.10298058
0.0,0.0,0.38220675,0.073688534
0.0,0.0,0.31169536,0.027313001
0.0,0.0,0.56478491,0.010816654
0.0,0.0,0.39552876,0.020124612
0.0,0.0,0.26192556,0.04007493
0.0,0.0,0.54127812,0.026683328
0.0,0.0,0.26383518,0.052858301
0.0,0.0,0.20821383,0.068600292
0.0,0.0,0.55205616,0.054561891
0.0,0.0,0.19431418,0.06995713
0.0,0.0,0.31024345,0.047581509
0.0,0.0,0.29576004,0.026172505
0.0,0.0,0.80536762,0.13581237
0.0,0.0,0.36262929,0.11291147
0.0,0.0,0.14360014,0.16971152
0.0,0.0,0.99354617,0.15415252
0.0,0.0,0.32100312,0.14847559
0.0,0.0,0.44077205,0.1224949
0.0,0.0,0.12041179,0.047780749
0.0,0.0,0.19080356,0.11353854
0.0,0.0,0.031622777,0.13409698
0.0,0.0,0.056727418,0.063356136
0.0,0.0,0.075769387,0.10442701
0.0,0.0,0.26810819,0.20042205
0.0,0.0,0.055407581,0.18545619
0.0,0.0,0.14350261,0.054424259
0.0,0.0,0.21662179,0.050309045
0.0,0.0,0.22160776,0.14403472
0.0,0.0,0.16740669,0.053394756
0.0,0.0,0.11441591,0.047381431
0.0,0.0,0.38459329,0.074659226
0.0,0.0,0.25569709,0.052239832
0.0,0.0,0.24658264,0.17767949
0.0,0.0,0.1267675,0.056320511
0.0,0.0,0.42951484,0.081731267
0.0,0.0,0.24446881,0.10210779
0.0,0.0,0.26996666,0.082788888
0.0,0.0,0.23001956,0.035679126
0.0,0.0,0.52383776,0.017492856
0.0,0.0,0.11587062,0.09343982
0.0,0.0,0.17264414,0.052896125
0.0,0.0,0.10235722,0.035256205
0.0,0.0,0.13691968,0.076216796
0.0,0.0,0.64632809,0.04243819
0.0,0.0,0.27260227,0.12728315
0.0,0.0,0.31475387,0.11662333
0.0,0.0,0.25146769,0.044911023
0.0,0.0,0.3389233,0.033555923
0.0,0.0,0.23394658,0.041545156
0.0,0.0,0.81312853,0.016155494
0.0,0.0,0.48126604,0.0067082039
0.0,0.0,0.13024976,0.025806976
0.0,0.0,0.072408563,0.026153394
0.0,0.0,0.22109274,0.017233688
0.0,0.0,0.051048996,0.056400355
0.0,0.0,0.038548671,0.0733553
0.0,0.0,0.15357409,0.076144599
0.0,0.0,0.19010786,0.042731721
0.0,0.0,0.064544558,0.066790718
0.0,0.0,0.27382111,0.029765752
0.0,0.0,0.87855051,0.06061353
0.0,0.0,0.5104449,0.087412814
0.0,0.0,0.35793295,0.04789572
0.0,0.0,0.44697875,0.066670833
0.0,0.0,0.42929477,0.090426766
0.0,0.0,0.93458493,0.1644962
0.0,0.0,0.12822636,0.14798311
0.0,0.0,0.16486965,0.094451046
0.0,0.0,0.20073365,0.027166155
0.0,0.0,0.23281323,0.017204651
0.0,0.0,0.37407085,0.029580399
0.0,0.0,0.3215105,0.015297059
0.0,0.0,0.13307517,0.030166206
0.0,0.0,0.35300567,0.028460499
0.0,0.0,0.31745708,0.099181652
0.0,0.0,0.2727728,0.14192251
0.0,0.0,0.22794078,0.12133013
0.0,0.0,0.52514855,0.053009433
0.0,0.0,0.3198953,0.28265173
0.0,0.0,0.23764259,0.24042878
0.0,0.0,0.20170027,0.065520989
0.0,0.0,0.070689462,0.1116602
0.0,0.0,0.078523882,0.067970582
0.0,0.0,0.032695565,0.12932904
0.0,0.0,0.33346214,0.087028731
0.0,0.0,0.13508886,0.071686819
0.0,0.0,0.11471704,0.015297059
0.0,0.0,0.078108898,0.036124784
0.0,0.0,0.18844893,0.064459289
0.0,0.0,0.087166507,0.041146081
0.0,0.0,0.044698993,0.033015148
0.0,0.0,0.12641598,0.093482619
0.0,0.0,0.3085158,0.052009614
0.0,0.0,0.42833048,0.079460682
0.0,0.0,0.21179471,0.062585941
0.0,0.0,0.13298496,0.088960665
0.0,0.0,0.10351328,0.030298515
0.0,0.0,0.075352505,0.034176015
0.0,0.0,0.14735332,0.041340053
0.0,0.0,0.040373258,0.089627005
0.0,0.0,0.1719244,0.043737855
0.0,0.0,0.41036691,0.04014972
0.0,0.0,0.28754304,0.086608314
0.0,0.0,0.34343704,0.058283788
0.0,0.0,0.37966959,0.03132092
0.0,0.0,0.32880998,0.03548239
0.0,0.0,0.27445036,0.080845532
0.0,0.0,0.24960168,0.070498227
0.0,0.0,0.91172638,0.066105976
0.0,0.0,0.056745044,0.09579144
0.0,0.0,0.16094098,0.037576588
0.0,0.0,0.14565027,0.094625578
0.0,0.0,0.095749674,0.12803906
0.0,0.0,0.12251122,0.068190908
0.0,0.0,0.060074953,0.17473695
0.0,0.0,0.036728735,0.14746525
0.0,0.0,0.10040418,0.17744295
0.0,0.0,0.33963215,0.18383416
0.0,0.0,0.60482725,0.079862382
0.0,0.0,0.65763972,0.23017819
0.0,0.0,0.11556816,0.44549635
0.0,0.0,0.040926764,0.25246386
0.0,0.0,0.13017296,0.15497419
0.0,0.0,0.042118879,0.4133582
0.0,0.0,0.076164296,0.11161989
0.0,0.0,0.027386128,0.28324901
0.0,0.0,0.024919872,0.23835058
0.0,0.0,0.034336569,0.066835619
0.0,0.0,0.020099751,0.10783784
0.0,0.0,0.47463144,0.065184354
0.0,0.0,0.27476171,0.040853396
0.0,0.0,0.10556515,0.023895606
0.0,0.0,0.19652226,0.075312682
0.0,0.0,0.092119488,0.11026332
0.0,0.0,0.10824509,0.11191068
0.0,0.0,0.056973678,0.12905038
0.0,0.0,0.06385139,0.3721935
0.0,0.0,0.054092513,0.044508426
0.0,0.0,0.12590075,0.13011533
0.0,0.0,0.36723834,0.1354511
0.0,0.0,0.24153882,0.094429868
0.0,0.0,0.078230429,0.06558201
0.0,0.0,0.089465077,0.04243819
0.0,0.0,0.038,0.043185646
0.0,0.0,0.073252986,0.029410882
0.0,0.0,0.019,0.0351141
0.0,0.0,0.098994949,0.05479051
0.0,0.0,0.038118237,0.043046487
0.0,0.0,0.010440307,0.11312825
0.0,0.0,0.011789826,0.16603012
0.0,0.0,0.024596748,0.040112342
0.0,0.0,0.04411349,0.11511733
0.0,0.0,0.064691576,0.067779053
0.0,0.0,0.034770677,0.082097503
0.0,0.0,0.032341923,0.056435804
0.0,0.0,0.018788294,0.063608176
0.0,0.0,0.017492856,0.12293494
0.0,0.0,0.018493242,0.099040396
0.0,0.0,0.035637059,0.027820855
0.0,0.0,0.011224972,0.11834695
0.0,0.0,0.017748239,0.14103191
0.0,0.0,0.060282667,0.073266636
0.0,0.0,0.046840154,0.11541664
0.0,0.0,0.018920888,0.049376108
0.0,0.0,0.039458839,0.024186773
0.0,0.0,0.024738634,0.096041658
0.0,0.0,0.046486557,0.17592612
0.0,0.0,0.076563699,0.091493169
0.0,0.0,0.063710282,0.030016662
0.0,0.0,0.069079664,0.05654202
0.0,0.0,0.038,0.04243819
0.0,0.0,0.090779954,0.062912638
0.0,0.0,0.14252719,0.064753378
0.0,0.0,0.22949074,0.063134776
0.0,0.0,0.047423623,0.064327288
0.0,0.0,0.12869343,0.14897986
0.0,0.0,0.34395058,0.11631853
0.0,0.0,0.29355408,0.019390719
0.0,0.0,0.11162885,0.048414874
0.0,0.0,0.075927597,0.22941229
0.0,0.0,0.025806976,0.23579864
0.0,0.0,0.06601515,0.1705667
0.0,0.0,0.13776792,0.12161003
0.0,0.0,0.043324358,0.19560164
0.0,0.0,0.14901342,0.20022737
0.0,0.056938563,0.029,0.28479817
0.0,0.0073484692,0.25057933,0.066007575
0.0,0.003,0.059033889,0.064598762
0.0,0.0042426407,0.093305948,0.04428318
0.0,0.003,0.12224974,0.025651511
0.0,0.003,0.016278821,0.021095023
0.0,0.0042426407,0.17291616,0.17373831
0.0,0.003,0.088904443,0.33131707
0.0,0.003,0.16493332,0.26083136
0.0,0.0067082039,0.060991803,0.63865797
0.0,0.0084852814,0.057523908,0.37672935
0.0,0.0084852814,0.12698425,0.2089354
0.0,0.011224972,0.018248288,0.068600292
0.0,0.009,0.037121422,0.045672749
0.0,0.021213203,0.025806976,0.021725561
0.0,0.0051961524,0.044090815,0.057349804
0.0,0.030149627,0.043139309,0.020124612
0.0,0.031336879,0.11617229,0.039522146
0.0,0.0042426407,0.37619676,0.021
0.0,0.0090553851,0.39541118,0.020124612
0.0,0.0051961524,0.50182268,0.023622024
0.0,0.0046904158,0.51237877,0.041
0.0,0.0063245553,0.29012239,0.022045408
0.0,0.025806976,0.046,0.015297059
0.0,0.0067082039,0.064101482,0.029154759
0.0,0.0073484692,0.10422092,0.036414283
0.0,0.0042426407,0.10519506,0.079630396
0.0,0.012369317,0.10971782,0.043046487
0.0,0.0084852814,0.11280514,0.077955115
0.0,0.006,0.10802315,0.032031235
0.0,0.009,0.078032045,0.049909919
0.0,0.009486833,0.1216347,0.041725292
0.0,0.0042426407,0.13243111,0.053460266
0.0,0.0067082039,0.13264238,0.082546956
0.0,0.0084852814,0.048641546,0.050089919
0.0,0.014696938,0.09623409,0.053422842
0.0,0.016155494,0.064195015,0.038470768
0.0,0.009,0.21799541,0.1081018
0.0,0.003,0.55994107,0.10381715
0.0,0.010816654,0.35284132,0.050447993
0.0,0.010816654,0.064420494,0.030149627
0.0,0.009486833,0.1471156,0.029393877
0.0,0.015588457,0.084005952,0.01954482
0.0,0.0067082039,0.200025,0.075372409
0.0,0.012727922,0.22737194,0.04570558
0.0,0.011224972,0.04570558,0.023430749
0.0,0.0051961524,0.064265076,0.038587563
0.0,0.013416408,0.23248441,0.023958297
0.0,0.0067082039,0.12679905,0.033645208
0.0,0.0,0.089224436,0.061302528
0.0,0.016155494,0.19866555,0.06720863
0.0,0.0099498744,0.12941793,0.053263496
0.0,0.0099498744,0.073054774,0.035355339
0.0,0.0,0.30001667,0.030675723
0.0,0.0084852814,0.29075247,0.036687873
0.0,0.009,0.34732262,0.045310043
0.0,0.0042426407,0.45846374,0.048846699
0.0,0.0042426407,0.12552291,0.050882217
0.0,0.010816654,0.38347229,0.009
0.0,0.010816654,0.009486833,0.10380751
0.0,0.012369317,0.87309564,0.044418465
0.0,0.0042426407,0.35776249,0.16288953
0.0,0.017492856,0.084011904,0.24813504
0.0,0.018,0.13230646,0.10337311
0.0,0.0042426407,0.13981774,0.25096016
0.0,0.003,0.24771758,0.095383437
0.0,0.009,0.5415801,0.091285267
0.0,0.003,0.14000357,0.1890767
0.0,0.0099498744,0.018920888,0.096695398
0.0,0.009,0.42669896,0.03906405
0.0,0.0067082039,0.21359073,0.073280284
0.0,0.0099498744,0.37334435,0.3197327
0.0,0.0099498744,0.77970379,0.53301219
0.0,0.003,0.49270376,0.34862731
0.0,0.003,0.19658586,0.093834962
0.0,0.009486833,0.34950393,0.09878259
0.0,0.009486833,0.24641023,0.17933767
0.0,0.0042426407,0.26368352,0.058429445
0.0,0.003,0.30536863,0.14211967
0.0,0.0073484692,0.10662551,0.073518705
0.0,0.0099498744,0.11981235,0.056621551
0.0,0.011224972,0.21442015,0.10756858
0.0,0.021213203,0.08853248,0.11622392
0.0,0.025980762,0.017492856,0.038910153
0.0,0.013341664,0.062169124,0.14808444
0.0,0.007,0.049678969,0.14796283
0.0,0.0036055513,0.084011904,0.10836051
0.0,0.0090553851,0.070213959,0.1544733
0.0,0.0067082039,0.097005155,0.079422919
0.0,0.006,0.088904443,0.039812058
0.0,0.012369317,0.19040221,0.027367864
0.0,0.0073484692,0.081523003,0.0090553851
0.0,0.013,0.1577498,0.035637059
0.0,0.0092195445,0.078651128,0.18395108
0.0,0.003,0.13458826,0.42605516
0.0,0.011224972,0.46020648,0.27026469
0.0,0.003,0.36410163,0.21619898
0.0,0.012369317,0.26123935,0.3191567
0.0,0.013416408,0.30206125,0.12391126
0.0,0.009,0.34356659,0.20707004
0.0,0.006,0.22940139,0.13107631
0.0,0.005,0.032372828,0.082734515
0.0,0.016911535,0.12328017,0.060481402
0.0,0.012529964,0.07119691,0.089961103
0.0,0.0058309519,0.10735455,0.074525164
0.0,0.003,0.16292943,0.053702886
0.0,0.012727922,0.080864083,0.057714816
0.0,0.0099498744,0.073437048,0.053563047
0.0,0.009486833,0.054120237,0.034205263
0.0,0.012727922,0.1608291,0.03407345
0.0,0.0,0.35217467,0.044508426
0.0,0.0,0.11720495,0.077
0.0,0.0,0.26099808,0.097478203
0.0,0.0,0.046797436,0.050149776
0.0,0.0,0.091043945,0.030951575
0.0,0.0,0.065306967,0.023622024
0.0,0.0,0.034612137,0.050447993
0.12548705,0.0,0.06090156,0.11130139
0.0084852814,0.0,0.20634437,0.022045408
0.0085440037,0.0,0.04411349,0.038392708
0.0051961524,0.0,0.13458826,0.068949257
0.0042426407,0.0,0.17331474,0.16317169
0.0083666003,0.0,0.24814713,0.048020829
0.0083666003,0.0,0.48780016,0.17601136
0.0065574385,0.0,0.24097718,0.12694093
0.0090553851,0.0,0.20541178,0.20273628
0.0,0.0,0.17280336,0.18826577
0.003,0.0,0.24986596,0.15762297
0.0058309519,0.0,0.44194683,0.16125136
0.0085440037,0.0,0.066287254,0.086723699
0.003,0.0,0.056612719,0.028231188
0.003,0.0,0.099065635,0.029427878
0.0085440037,0.0,0.068366659,0.3630785
0.0042426407,0.0,0.13337541,0.14721753
0.0042426407,0.0,0.21685248,0.1640762
0.024879711,0.0,0.5204671,0.25497647
0.013747727,0.0,0.17901397,0.13738632
0.023065125,0.0,0.22818414,0.15191445
0.0067082039,0.0,0.10366292,0.1981565
0.015231546,0.0,0.90013055,0.79233642
0.0042426407,0.0,0.7856545,0.31761612
0.0042426407,0.0,0.38270877,0.17311557
0.0042426407,0.0,0.41979519,0.11538631
0.0051961524,0.0,0.23313086,0.23036493
0.015033296,0.0,0.17021457,0.13537356
0.0065574385,0.0,0.16606023,0.10774507
0.009486833,0.0,0.17643696,0.17213367
0.0067082039,0.0,0.59954483,0.52059581
0.0067082039,0.0,0.35550105,0.37260166
0.0042426407,0.0,0.55564737,0.19241881
0.005,0.0,0.32459513,0.26287069
0.0058309519,0.0,0.68868643,0.10569295
0.0058309519,0.0,0.28969984,0.066558245
0.0090553851,0.0,0.12043255,0.089319651
0.0051961524,0.0,0.16629191,0.28363004
0.0058309519,0.0,0.25825956,0.13676988
0.0065574385,0.0,0.37486798,0.17687849
0.0042426407,0.0,0.41246697,0.029427878
0.009486833,0.0,0.19340631,0.030430248
0.0073484692,0.0,0.26815854,0.070349129
0.003,0.0,0.1843936,0.04419276
0.010440307,0.0,0.17042007,0.081400246
0.010440307,0.0,0.13428701,0.062457986
0.009486833,0.0,0.40410518,0.05240229
0.009486833,0.0,1.1278927,0.068593003
0.0099498744,0.0,0.17363755,0.091678787
0.003,0.0,0.80814231,0.087166507
0.0084852814,0.0,0.26128337,0.10290287
0.009,0.0,0.31087296,0.094429868
0.0067082039,0.0,0.31791036,0.08312641
0.009,0.0,0.66003409,0.16691315
0.0067082039,0.0,0.46428116,0.024372115
0.0067082039,0.0,0.06503845,0.11086027
0.0042426407,0.0,0.14340851,0.049909919
0.009,0.0,0.28703136,0.13758997
0.0042426407,0.0,0.24900402,0.14453373
0.003,0.0,0.30210263,0.017349352
0.0084852814,0.0,0.52297323,0.07572318
0.009486833,0.0,0.41048386,0.029966648
0.0042426407,0.0,0.47853213,0.038470768
0.0067082039,0.0,0.33090482,0.070859015
0.0067082039,0.0,0.38709947,0.082273933
0.0051961524,0.0,0.14645136,0.10204411
0.009486833,0.0,0.32168618,0.032649655
0.0067082039,0.0,0.33136988,0.15598397
0.0073484692,0.0,0.15203289,0.054120237
0.0073484692,0.0,0.28626736,0.18652882
0.003,0.0,0.32248566,0.14594862
0.012369317,0.0,0.39720272,0.1567801
0.0073484692,0.0,0.33795118,0.03327161
0.0067082039,0.0,0.30480486,0.036469165
0.0051961524,0.0,0.20314281,0.03327161
0.009,0.0,0.19730687,0.098478424
0.0051961524,0.0,0.13581605,0.13242734
0.0073484692,0.0,0.27533797,0.12119818
0.009486833,0.0,0.29736341,0.062801274
0.011224972,0.0,0.12653063,0.13628279
0.009486833,0.0,0.096979379,0.15049585
0.0051961524,0.0,0.2969798,0.15406492
0.0067082039,0.0,0.27414959,0.21311265
0.009486833,0.0,0.082121861,0.19440422
0.010816654,0.0,0.093669632,0.29902174
0.0042426407,0.0,0.054708317,0.05052722
0.024207437,0.0,0.14445068,0.028301943
0.013747727,0.0,0.078076885,0.056639209
0.011401754,0.0,0.045716518,0.053301032
0.0067082039,0.0,0.075013332,0.016401219
0.013928388,0.0,0.1460137,0.020420578
0.012041595,0.0,0.14471005,0.10516178
0.0058309519,0.0,0.091246918,0.071665891
0.010723805,0.0,0.075696763,0.14473078
0.003,0.0,0.0531225,0.20471688
0.008,0.0,0.10124228,0.03354102
0.0085440037,0.0,0.12092973,0.026925824
0.003,0.0,0.028460499,0.015231546
0.0053851648,0.0,0.056293872,0.0067082039
0.006164414,0.0,0.18902381,0.035972211
0.0058309519,0.0,0.21966793,0.003
0.0065574385,0.0,0.053851648,0.023430749
0.0083666003,0.0,0.061220911,0.0073484692
0.0058309519,0.0,0.26884568,0.0
0.008,0.0,0.22176113,0.0067082039
0.0117047,0.0,0.16443236,0.016643317
0.015524175,0.0,0.34048642,0.034842503
0.009,0.0,0.30592973,0.015427249
0.0058309519,0.0,0.083426614,0.018493242
0.012806248,0.0,0.20640979,0.017691806
0.0099498744,0.0,0.043370497,0.018275667
0.0,0.0,0.03132092,0.0067082039
0.0,0.0,0.057974132,0.028160256
0.0,0.0,0.030561414,0.057
0.0,0.0,0.13268383,0.061919302
0.0,0.0,0.40169765,0.042614552
0.0,0.0,0.25945134,0.046872167
0.0,0.0,0.14378456,0.016431677
0.0,0.0,0.059741108,0.063474404
0.0,0.0,0.094915752,0.047801674
0.0,0.0,0.065383484,0.064451532
0.0,0.0,0.018275667,0.076557168
0.0,0.0,0.12797656,0.018493242
0.0,0.0,0.095178779,0.074672619
0.0,0.0,0.16707783,0.12440659
0.0,0.0,0.17059015,0.10202451
0.0,0.0,0.047916594,0.013416408
0.0,0.0,0.16938418,0.022869193
0.0,0.0,0.15004666,0.062441973
0.0,0.0,0.097596106,0.086977008
0.0,0.0,0.034842503,0.038275318
0.0,0.0,0.078651128,0.036373067
0.0,0.0,0.17631222,0.057358522
0.0,0.0,0.13018833,0.068154237
0.0,0.0,0.15871358,0.089089842
0.0,0.0,0.13100382,0.13277801
0.0,0.0,0.029698485,0.094831429
0.0,0.0,0.16615053,0.015
0.0,0.0,0.2405951,0.029086079
0.0,0.0,0.036633318,0.011224972
0.0,0.0,0.3256839,0.049457052
0.0,0.0,0.29453862,0.046583259
0.0,0.0,0.10616026,0.1257418
0.0,0.0,0.046904158,0.083815273
0.0,0.0,0.073518705,0.047
0.0,0.0,0.067037303,0.046497312
0.0,0.0,0.076118329,0.037242449
0.0,0.0,0.13212494,0.38479475
0.0,0.0,0.099,0.54594139
0.0,0.0,0.28044786,0.31952152
0.0,0.0,0.29678612,0.089476254
0.0,0.0,0.1682409,0.038858718
0.0,0.0,0.052306787,0.023622024
0.0,0.061122827,0.048383882,0.065459911
0.0,0.029359837,0.088684835,0.039623226
0.0,0.068249542,0.022825424,0.057619441
0.0,0.079555012,0.053535035,0.02184033
0.0,0.019209373,0.09060905,0.032863353
0.0,0.043416587,0.086890736,0.017748239
0.0,0.009486833,0.10458489,0.025632011
0.0,0.0051961524,0.089994444,0.018493242
0.0,0.010677078,0.096602277,0.033196385
0.0,0.016309506,0.13767353,0.013416408
0.0,0.023537205,0.17694632,0.034146742
0.0,0.023280893,0.22934908,0.032756679
0.0,0.059363288,0.065314623,0.015588457
0.0,0.032341923,0.068395906,0.022045408
0.0,0.014071247,0.070342022,0.056648036
0.0,0.025942244,0.207,0.04352011
0.0,0.016431677,0.24306995,0.044011362
0.0,0.036510273,0.15408115,0.073416619
0.0,0.030016662,0.066377707,0.077807455
0.0,0.025179357,0.055452683,0.057913729
0.0,0.052990565,0.061294372,0.061822326
0.0,0.039408121,0.055326305,0.052896125
0.0,0.13569083,0.057853263,0.027676705
0.0,0.034132096,0.1367845,0.026400758
0.0,0.092703829,0.28935445,0.090299502
0.0,0.042638011,0.15152888,0.098792712
0.0,0.057175169,0.2405847,0.048363209
0.0,0.0577408,0.51779243,0.16719151
0.0,0.053795911,0.3925621,0.080454956
0.0,0.11280514,0.26698502,0.14816545
0.0,0.1056693,0.15613135,0.072277244
0.0,0.037242449,0.22639788,0.11920151
0.0,0.009486833,0.15575301,0.11903361
0.0,0.035846897,0.14808781,0.054184869
0.0,0.03176476,0.29483216,0.045133136
0.0,0.046957428,0.31789936,0.035665109
0.0,0.12384668,0.46412283,0.070689462
0.0,0.10347947,0.28178538,0.08691375
0.0,0.12846011,0.12603571,0.21939462
0.0,0.17482849,0.3733805,0.067683085
0.0,0.16498788,0.10856335,0.045276926
0.0,0.13377967,0.10846658,0.057358522
0.0,0.0938616,0.065406422,0.088515535
0.0,0.06807349,0.085399063,0.024372115
0.0,0.027676705,0.031670175,0.11283173
0.0,0.068658576,0.020124612,0.20817781
0.0,0.037603191,0.011224972,0.26089653
0.0,0.031464265,0.0099498744,0.12295528
0.0,0.015,0.012369317,0.060249481
0.0,0.14039231,0.087028731,0.095399161
0.0,0.055217751,0.10779147,0.086307589
0.0,0.044575778,0.066037868,0.16250846
0.0,0.05396295,0.1373936,0.095551033
0.0,0.10712143,0.055955339,0.019723083
0.0,0.075637292,0.040607881,0.073661387
0.0,0.095131488,0.033481338,0.18474306
0.0,0.055326305,0.047770284,0.056302753
0.0,0.019621417,0.10442701,0.11075198
0.0,0.019078784,0.063206012,0.067653529
0.0,0.01356466,0.018493242,0.039812058
0.0,0.015165751,0.029444864,0.10718675
0.0,0.027622455,0.021118712,0.16726924
0.0,0.021213203,0.025,0.077801028
0.0,0.022135944,0.16570456,0.084208076
0.0,0.022737634,0.027331301,0.039661064
0.0,0.030298515,0.042825226,0.083868945
0.0,0.034842503,0.031336879,0.061814238
0.0,0.026495283,0.023,0.089543286
0.0,0.0084852814,0.056524331,0.058309519
0.0,0.04384062,0.055145263,0.038587563
0.0,0.016763055,0.051312766,0.018466185
0.0,0.015165751,0.021095023,0.11519115
0.0,0.067312703,0.021118712,0.074478185
0.0,0.11016805,0.049203658,0.1141972
0.0,0.090077744,0.021,0.11546428
0.0,0.076791927,0.083845095,0.075292762
0.0,0.025806976,0.070639932,0.085094066
0.0,0.11049887,0.003,0.10994999
0.0,0.1393736,0.015297059,0.030149627
0.0,0.036359318,0.014071247,0.027
0.0,0.050714889,0.0084852814,0.01979899
0.0,0.10043904,0.045716518,0.017
0.0,0.050921508,0.059033889,0.024738634
0.0,0.055506756,0.0084852814,0.019442222
0.0,0.14945233,0.0,0.069144776
0.0,0.13907192,0.003,0.0051961524
0.0,0.076791927,0.024515301,0.030594117
0.0,0.11634432,0.016552945,0.065007692
0.0,0.13909349,0.010816654,0.027513633
0.0,0.064567794,0.015297059,0.024269322
0.0,0.069985713,0.007,0.006
0.0,0.088374204,0.015231546,0.021633308
0.0,0.058309519,0.026324893,0.0042426407
0.0,0.030298515,0.035972211,0.003
0.0,0.016911535,0.053907328,0.016155494
0.0,0.089297256,0.045847574,0.009
0.0,0.054561891,0.03232646,0.003
0.0,0.064210591,0.015620499,0.0073484692
0.0,0.055506756,0.049406477,0.013416408
0.0,0.058034473,0.068593003,0.040472213
0.0,0.11936918,0.019442222,0.029529646
0.0,0.29056325,0.082770768,0.20652603
0.0,0.53371341,0.013341664,0.36154391
0.0,0.45403744,0.0051961524,0.42641529
0.0,0.44677175,0.035888717,0.24825994
0.0,0.70815606,0.023622024,0.33214605
0.0,0.57935999,0.019209373,0.17033203
0.0,0.36872347,0.0073484692,0.18918774
0.0,0.37607047,0.072532751,0.22247022
0.0,0.16081356,0.06844706,0.1761647
0.0,0.057436922,0.0042426407,0.48887729
0.0,0.096695398,0.016552945,0.34558356
0.0,0.09291932,0.016911535,0.67174028
0.0,0.064822835,0.040914545,0.2765791
0.0,0.042497059,0.042720019,0.3045587
0.0,0.057489129,0.043737855,0.12322743
0.0,0.057306195,0.11648176,0.12223747
0.032695565,0.055650696,0.099297533,0.027147744
0.10607073,0.059008474,0.030232433,0.045099889
0.16346559,0.067675697,0.054863467,0.02596151
0.057948253,0.06166036,0.020663978,0.012884099
0.021236761,0.071428286,0.0099498744,0.041880783
0.020024984,0.20575714,0.018841444,0.013747727
0.092059763,0.26967573,0.018439089,0.015620499
0.010440307,0.15640013,0.0073484692,0.017
0.0084852814,0.16219125,0.0073484692,0.093493315
0.015132746,0.20235118,0.009486833,0.039357337
0.023537205,0.093573501,0.012727922,0.034029399
0.021748563,0.076216796,0.023,0.059983331
0.017,0.042154478,0.09721111,0.04007493
0.012688578,0.16252384,0.69016592,0.089493016
0.025079872,0.091416629,0.76813801,0.029563491
0.024186773,0.22944716,0.4985519,0.029580399
0.03088689,0.27617748,0.24552393,0.089364422
0.04788528,0.18210437,0.6795035,0.034336569
0.02513961,0.13060628,0.40185321,0.045716518
0.020880613,0.084214013,0.10485228,0.086023253
0.028653098,0.19922851,0.037215588,0.040804412
0.019235384,0.40153331,0.029529646,0.10566456
0.018601075,0.14049555,0.067970582,0.12876723
0.044249294,0.51419452,0.087051709,0.056789083
0.065398777,0.16797024,0.075332596,0.064046858
0.068840395,0.065946948,0.029614186,0.041976184
0.033346664,0.23815121,0.041976184,0.052990565
0.091874915,0.083120395,0.028319605,0.023622024
0.16274213,0.098655968,0.016155494,0.015
0.13260845,0.1384052,0.013747727,0.046010868
0.057879185,0.13104198,0.015297059,0.034014703
0.041976184,0.034655447,0.046173586,0.027
0.13209845,0.16745746,0.047916594,0.016155494
0.12827315,0.07439086,0.030740852,0.013747727
0.079006329,0.12514392,0.033955854,0.023622024
0.065589633,0.10203921,0.023895606,0.0083666003
0.015620499,0.067007462,0.017521415,0.020663978
0.031048349,0.086492774,0.011224972,0.019442222
0.039962482,0.24247474,0.029,0.014317821
0.10854032,0.23215943,0.1574357,0.022135944
0.1786449,0.15516121,0.17300289,0.0351141
0.18785899,0.039051248,0.21135279,0.0067082039
0.27046257,0.16556872,0.51015096,0.015297059
0.30254421,0.3311329,0.77935935,0.015297059
0.23432029,0.10912836,1.3970179,0.0042426407
0.1284095,0.069469418,0.25030581,0.009
0.078549348,0.33416912,0.063324561,0.009486833
0.041255303,0.28448374,0.20518285,0.029614186
0.04952777,0.36849152,0.33421251,0.0067082039
0.021118712,0.35836992,0.098254771,0.017492856
0.026832816,0.081271151,0.014071247,0.024919872
0.02184033,0.21117291,0.0073484692,0.091662424
0.032171416,0.05329165,0.060083276,0.012369317
0.016155494,0.097923439,0.12582528,0.011224972
0.068256868,0.13823531,0.045133136,0.05235456
0.057567352,0.20254629,0.017,0.037762415
0.062817195,0.2929488,0.0042426407,0.009
0.05376802,0.19939408,0.015297059,0.009
0.019621417,0.072718636,0.019697716,0.015
0.024351591,0.097637083,0.023958297,0.027
0.024372115,0.17000294,0.003,0.032511536
0.015,0.12407256,0.01029563,0.022449944
0.0058309519,0.11452947,0.003,0.041868843
0.012409674,0.12725958,0.0090553851,0.021213203
0.010816654,0.16014056,0.0083666003,0.016155494
0.023194827,0.19502308,0.0053851648,0.040422766
0.017492856,0.050960769,0.0053851648,0.031638584
0.015588457,0.11758401,0.002,0.031064449
0.044877611,0.051633323,0.013076697,0.016431677
0.019,0.023,0.012884099,0.0051961524
0.020518285,0.12107436,0.0036055513,0.009
0.030870698,0.18117671,0.009486833,0.013747727
0.020663978,0.28834181,0.0067082039,0.0067082039
0.023958297,0.1605802,0.0083666003,0.031064449
0.032171416,0.12777324,0.01029563,0.017691806
0.060671245,0.020469489,0.003,0.012529964
0.048145612,0.072945185,0.006,0.009486833
0.065459911,0.078549348,0.0083666003,0.021931712
0.043669211,0.033136083,0.0083666003,0.009
0.03522783,0.18101381,0.003,0.0058309519
0.064660653,0.17875682,0.0090553851,0.005
0.11484773,0.096462428,0.011916375,0.012884099
0.050039984,0.046065171,0.011224972,0.003
0.024939928,0.061294372,0.0099498744,0.0042426407
0.1747026,0.035298725,0.0083666003,0.011224972
0.098437798,0.065345237,0.015033296,0.0051961524
0.15409737,0.057323643,0.003,0.020223748
0.080099938,0.077781746,0.003,0.017691806
0.1413577,0.034698703,0.003,0.025806976
0.067119297,0.032031235,0.0042426407,0.070462756
0.071596089,0.035637059,0.0067082039,0.054525224
0.073552702,0.030133038,0.01,0.028460499
0.069699354,0.04110961,0.011224972,0.013416408
0.040755368,0.060216277,0.012041595,0.045497253
0.067453688,0.037429935,0.0042426407,0.034336569
0.040249224,0.16015305,0.0,0.016431677
0.038288379,0.070114193,0.006,0.021213203
0.092021737,0.24220033,0.006,0.012369317
0.11255665,0.32776363,0.0098488578,0.013747727
0.11195535,0.22022943,0.005,0.0078102497
0.13618737,0.060207973,0.0,0.0083666003
0.066460515,0.065984847,0.0098488578,0.0073484692
0.040496913,0.091787799,0.0094339811,0.003
0.070270904,0.072862885,0.0058309519,0.003
0.10782857,0.075013332,0.0036055513,0.006
0.14539257,0.015588457,0.0078102497,0.018248288
0.19740314,0.086884981,0.006,0.012409674
0.1240121,0.089308454,0.0070710678,0.011224972
0.31334486,0.053037722,0.0065574385,0.012041595
0.35073352,0.089269256,0.0092195445,0.003
0.21290843,0.14286357,0.012529964,0.003
0.17405172,0.13916896,0.0042426407,0.0
0.099784768,0.23228,0.0042426407,0.0042426407
0.071140706,0.14537194,0.013601471,0.003
0.048020829,0.1794603,0.011916375,0.015
0.029966648,0.067830672,0.006,0.0058309519
0.0078102497,0.030479501,0.011,0.009486833
0.019026298,0.044519659,0.010198039,0.027073973
0.014317821,0.060860496,0.003,0.22972375
0.01979899,0.028160256,0.0092195445,0.40699509
0.021095023,0.13657599,0.009486833,0.10022974
0.039127995,0.021633308,0.0,0.040853396
0.099689518,0.070156967,0.007,0.038587563
0.33104985,0.10504761,0.007,0.021
0.26567085,0.070830784,0.0067082039,0.028460499
0.28583387,0.089861004,0.0063245553,0.039736633
0.26899256,0.081602696,0.0036055513,0.021424285
0.25816661,0.1192728,0.009,0.012727922
0.19697969,0.10002,0.0063245553,0.011224972
0.17418094,0.22963885,0.0,0.014071247
0.1224949,0.24216936,0.006,0.005
0.058111961,0.25121704,0.002,0.0065574385
0.030149627,0.09370699,0.007,0.0065574385
0.079006329,0.080386566,0.0117047,0.012369317
0.079082236,0.078166489,0.011916375,0.022449944
0.16621071,0.069641941,0.0,0.016431677
0.092897793,0.13357769,0.0067082039,0.0042426407
0.059757845,0.17374406,0.002,0.0042426407
0.05052722,0.066887966,0.006,0.0051961524
0.035256205,0.14513442,0.0042426407,0.0085440037
0.034496377,0.13547324,0.010440307,0.009486833
0.01954482,0.15305228,0.009,0.006
0.018601075,0.1352701,0.0067082039,0.0084852814
0.015362291,0.20344532,0.0042426407,0.0078102497
0.02641969,0.12546314,0.0096953597,0.0083666003
0.04419276,0.065574385,0.0036055513,0.011224972
0.048124838,0.088102213,0.010816654,0.0042426407
0.051410116,0.065053824,0.003,0.003
0.031288976,0.098661036,0.0085440037,0.010816654
0.01421267,0.44637764,0.0036055513,0.0073484692
0.021213203,0.23762996,0.003,0.003
0.003,0.16596686,0.0046904158,0.009486833
0.023769729,0.089983332,0.0085440037,0.015297059
0.019390719,0.51237291,0.010440307,0.012369317
0.052971691,0.046454279,0.010440307,0.010440307
0.039115214,0.12134661,0.010816654,0.012884099
0.019442222,0.094831429,0.0042426407,0.0099498744
0.018248288,0.042083251,0.0042426407,0.012369317
0.015297059,0.041255303,0.012369317,0.0099498744
0.025099801,0.075848533,0.011,0.016155494
0.062753486,0.099161484,0.0096953597,0.0042426407
0.097887691,0.08584288,0.0073484692,0.009486833
0.34956258,0.052697249,0.016431677,0.010816654
0.53977588,0.058736701,0.010816654,0.009
0.34837336,0.074249579,0.0042426407,0.013747727
0.39473155,0.089515362,0.012529964,0.0084852814
0.067446275,0.12114867,0.01029563,0.0067082039
0.12183185,0.037134889,0.0067082039,0.003
0.14655033,0.048538644,0.0084852814,0.009486833
0.1173925,0.099181652,0.0,0.0042426407
0.066520673,0.031622777,0.0,0.006
0.084587233,0.069491007,0.0,0.0042426407
0.074732858,0.082855296,0.0,0.011224972
0.10730331,0.1848026,0.0,0.009486833
0.1743875,0.10800926,0.0,0.013416408
0.059008474,0.053860932,0.0,0.0078102497
0.076262704,0.18509457,0.0,0.0042426407
0.11491736,0.071805292,0.0,0.0058309519
0.04240283,0.031144823,0.0,0.0058309519
0.083636117,0.22181298,0.0,0.0065574385
0.23817011,0.15110592,0.0,0.006
0.077136243,0.031953091,0.0,0.0042426407
0.097703634,0.035679126,0.0,0.003
0.1152302,0.2100119,0.0,0.0067082039
0.33315162,0.047169906,0.0,0.009
0.35304532,0.066490601,0.0,0.012727922
0.14573263,0.12913559,0.0,0.015
0.12206965,0.47343637,0.0,0.0073484692
0.12630914,0.17612779,0.0,0.0067082039
0.049779514,0.18339847,0.0,0.003
0.11307077,0.097887691,0.0,0.01
0.26215072,0.040570926,0.0,0.011661904
0.17939342,0.013453624,0.0,0.0067082039
0.70999507,0.05186521,0.0,0.009
0.29295392,0.082304313,0.0,0.0067082039
0.078421936,0.0430581,0.0,0.003
0.30489014,0.040521599,0.0,0.0042426407
0.79097408,0.10038924,0.0,0.003
0.3028597,0.041545156,0.0,0.003
0.24402664,0.085264295,0.0,0.0065574385
0.029563491,0.18638133,0.0,0.0090553851
0.13034569,0.35259325,0.0,0.0051961524
0.054890801,0.36680513,0.0,0.0
0.20227209,0.43275513,0.0,0.0
0.032140317,0.087045965,0.0,0.0078102497
0.13513327,0.28143561,0.0,0.011661904
0.18656098,0.050537115,0.0,0.0042426407
0.20901914,0.047927028,0.0,0.003
0.23192456,0.30124077,0.0,0.003
0.11019074,0.24643052,0.0,0.0067082039
0.027622455,0.068300805,0.0,0.0073484692
0.10738249,0.094069124,0.0,0.003
0.12054045,0.076576759,0.0,0.0042426407
0.041243181,0.069534164,0.0,0.011224972
0.034438351,0.27847621,0.0,0.0067082039
0.27613403,0.14839811,0.0,0.003
0.21933992,0.049979996,0.0,0.0058309519
0.079214898,0.046108568,0.0,0.01
0.10279105,0.10760576,0.0,0.0051961524
0.053721504,0.040914545,0.0,0.0058309519
0.039166312,0.15697771,0.0,0.0058309519
0.032341923,0.059,0.0,0.0
0.023958297,0.096633328,0.0,0.0
0.052971691,0.042047592,0.0,0.0
0.071470274,0.040706265,0.0,0.0
0.050774009,0.075610846,0.0,0.0
0.021424285,0.064195015,0.0,0.0
0.11648176,0.10904128,0.0,0.0
0.021,0.070611614,0.0,0.0
0.04747631,0.035256205,0.0,0.0
0.069180922,0.06503845,0.0,0.0
0.098234414,0.037,0.0,0.0
0.080913534,0.23861894,0.0,0.0
0.040755368,0.14063428,0.0,0.0
0.12362039,0.33480442,0.0,0.0
0.11885285,0.3038108,0.0,0.0
0.027586228,0.40754632,0.0,0.0
0.0531225,0.13646978,0.0,0.0
0.056089215,0.2012809,0.0,0.0
0.084011904,0.99711985,0.0,0.0
0.060489669,0.38886116,0.0,0.0
0.13440982,0.2485679,0.0,0.0
0.12080563,0.46395797,0.0,0.0
0.094180677,0.42014402,0.0,0.0
0.070142712,0.11395613,0.0,0.0
0.099493718,0.041,0.0,0.0
0.074054034,0.054589376,0.0,0.0
0.056160484,0.045177428,0.0,0.0
0.1501366,0.070632854,0.0,0.0
0.23121635,0.038,0.0,0.0
0.22573657,0.060539243,0.0,0.0
0.15118862,0.029068884,0.0,0.0
0.16194752,0.010723805,0.0,0.0
0.081510735,0.064707032,0.0,0.0
0.027184554,0.041158231,0.0,0.0
0.12372954,0.039812058,0.0,0.0
0.040373258,0.032787193,0.0,0.0
0.13262353,0.088232647,0.0,0.0
0.14452681,0.15463505,0.0,0.0
0.11028146,0.11048077,0.0,0.0
0.029257478,0.13747363,0.0,0.0
0.11496521,0.20039212,0.0,0.0
0.024413111,0.19557863,0.0,0.0
0.032939338,0.32991211,0.0,0.0
0.011224972,0.24205165,0.0,0.0
0.029068884,0.30647186,0.0,0.0
0.022022716,0.3180283,0.0,0.0
0.031670175,0.29571101,0.0,0.0
0.035128336,0.20178454,0.0,0.0
0.12385072,0.25340087,0.0,0.0
0.090746901,0.057974132,0.0,0.0
0.099131226,0.098371744,0.0,0.0
0.077420927,0.24111408,0.0,0.0
0.18114359,0.10890822,0.0,0.0
0.79851362,0.098086696,0.0,0.0
0.26734622,0.087321246,0.0,0.0
0.23009998,0.046108568,0.0,0.0
0.32566547,0.045321077,0.0,0.0
0.076642025,0.077549984,0.042083251,0.0
0.18528087,0.08336666,0.11889491,0.0
0.30953675,0.049426713,0.13748454,0.0
0.15672588,0.041593269,0.11308846,0.0
0.30730604,0.13507405,0.043543082,0.0
0.05870264,0.14857321,0.05235456,0.0
0.10943491,0.38438002,0.035805028,0.0
0.07940403,0.26529418,0.031575307,0.0
0.19785348,0.10642368,0.020518285,0.0
0.0430581,0.037054015,0.007,0.0
0.073552702,0.019467922,0.027586228,0.0
0.08161495,0.090873539,0.10931606,0.0
0.14171803,0.07877817,0.11271646,0.0
0.098127468,0.17390802,0.050019996,0.0
0.19884416,0.13832209,0.049819675,0.0
0.034698703,0.082776808,0.066226883,0.0
0.170883,0.18862396,0.028160256,0.0
0.10799074,0.13092746,0.016431677,0.0
0.088464682,0.21855434,0.009,0.0
0.082395388,0.049396356,0.013416408,0.0
0.09954396,0.13848466,0.026495283,0.0
0.16669733,0.094069124,0.035623026,0.0
0.11184364,0.27982316,0.016431677,0.0
0.023958297,0.1301768,0.0084852814,0.0
0.092070625,0.09568699,0.011224972,0.0
0.065261014,0.26579315,0.0099498744,0.0
0.11359577,0.40747393,0.0042426407,0.0
0.10400961,1.0942605,0.0042426407,0.0
0.23529131,0.79505597,0.003,0.0
0.24739038,0.24544857,0.009,0.0
0.30656321,0.31444872,0.0042426407,0.0
0.23009998,0.42482349,0.003,0.0
0.16639111,0.2018762,0.0042426407,0.0
0.16237303,0.38339797,0.0051961524,0.0
0.20849221,0.24945741,0.0,0.0
0.071470274,0.19323302,0.0042426407,0.0
0.25181938,0.36605601,0.0042426407,0.0
0.20688886,1.1180461,0.0067082039,0.0
0.084083292,0.31137437,0.0051961524,0.0
0.036262929,0.49025708,0.0067082039,0.0
0.11469089,0.35674641,0.0042426407,0.0
0.090493094,0.69831297,0.006,0.0
0.17943801,0.48832059,0.0042426407,0.0
0.11448144,0.12443874,0.0,0.0
0.13577187,0.062976186,0.0,0.0
0.10362915,0.44363724,0.003,0.0
0.060216277,0.76369104,0.0042426407,0.0
0.10223013,0.87077322,0.006,0.0
0.1654237,0.44065406,0.0042426407,0.0
0.0078102497,0.32139851,0.0042426407,0.0
0.035524639,0.10572606,0.0067082039,0.0
0.045793013,0.28474726,0.0042426407,0.0
0.033749074,0.19550448,0.003,0.009486833
0.057775427,0.079460682,0.0073484692,0.009486833
0.024392622,0.16367346,0.0042426407,0.0
0.029816103,0.11798729,0.0051961524,0.0065574385
0.039862263,0.12144958,0.003,0.0085440037
0.073061618,0.15649601,0.0042426407,0.012369317
0.031527766,0.056515485,0.0067082039,0.0067082039
0.0067082039,0.094620294,0.0067082039,0.0067082039
0.015297059,0.10649413,0.0042426407,0.0067082039
0.035860842,0.070837843,0.0099498744,0.006
0.023452079,0.10798148,0.021,0.017233688
0.062377881,0.090077744,0.011224972,0.016431677
0.17438177,0.11795762,0.020124612,0.0067082039
0.087028731,0.12731457,0.013416408,0.016431677
0.14323407,0.045607017,0.011224972,0.009
0.19343474,0.13213629,0.010392305,0.0067082039
0.061919302,0.14442299,0.010392305,0.016431677
0.033376639,0.50363876,0.0067082039,0.037242449
0.044373415,0.38345925,0.015588457,0.014525839
0.07935994,0.31549643,0.031622777,0.016431677
0.037775654,0.15423683,0.016124515,0.034219877
0.12151132,0.044788391,0.014525839,0.072862885
0.10128672,0.071084457,0.0067082039,0.067074585
0.072117959,0.064938432,0.009486833,0.16458736
0.066128662,0.1520855,0.009,0.23482334
0.064381674,0.068949257,0.009486833,0.11799576
0.043370497,0.031890437,0.025980762,0.064140471
0.017492856,0.0351141,0.017233688,0.037349699
0.092141196,0.11476933,0.0042426407,0.053347915
0.027658633,0.10412492,0.0067082039,0.04501111
0.018493242,0.18257053,0.0,0.032526912
0.035256205,0.16737383,0.0073484692,0.034568772
0.056674509,0.089744081,0.0067082039,0.03548239
0.075392307,0.023,0.0,0.017262677
0.020518285,0.072807967,0.011224972,0.026925824
0.032465366,0.061911227,0.015297059,0.022022716
0.026645825,0.042213742,0.003,0.026925824
0.0099498744,0.15526107,0.009,0.031160873
0.045310043,0.040755368,0.0073484692,0.012727922
0.07485319,0.084225887,0.003,0.013038405
0.012727922,0.14123031,0.0042426407,0.010488088
0.022671568,0.072228803,0.0099498744,0.013038405
0.020808652,0.021213203,0.011224972,0.0051961524
0.0058309519,0.098386991,0.009,0.013747727
0.013341664,0.0428369,0.0067082039,0.032295511
0.077097341,0.13917974,0.003,0.0067082039
0.097020616,0.1658041,0.0042426407,0.013601471
0.054424259,0.037709415,0.003,0.006164414
0.33297147,0.15413306,0.0051961524,0.0067082039
0.69111793,0.13138112,0.0042426407,0.013490738
0.39782157,0.052810984,0.0051961524,0.0042426407
0.27705054,0.039408121,0.0084852814,0.0036055513
0.14149205,0.056648036,0.006,0.0041231056
0.071351244,0.10668177,0.0042426407,0.0028284271
0.14911405,0.089207623,0.003,0.0058309519
0.75629822,0.54899362,0.006,0.0065574385
0.36674378,0.38584194,0.0067082039,0.0041231056
0.54498165,0.37472657,0.0073484692,0.0041231056
0.21277923,0.53833075,0.013416408,0.0058309519
0.16732603,0.34122134,0.0084852814,0.0067082039
0.1132431,0.19741074,0.009,0.0067082039
0.09888377,0.065368188,0.0067082039,0.0073484692
0.064575537,0.16152399,0.0042426407,0.003
0.049969991,0.17878758,0.0067082039,0.0085440037
0.067512962,0.58683047,0.009,0.0
0.077304592,0.52270068,0.0067082039,0.002
0.032756679,0.85111104,0.0073484692,0.0036055513
0.033105891,0.17156631,0.009,0.003
0.02745906,0.14203169,0.011224972,0.0036055513
0.11491736,0.11148543,0.0,0.002
0.036796739,0.1285846,0.0,0.002
0.062072538,0.14746525,0.0,0.002
0.26566708,0.10335376,0.0,0.0036055513
0.28545578,0.12177438,0.0,0.0063245553
0.11247222,0.13003461,0.0,0.0
0.14847895,0.14496206,0.0,0.003
0.13422742,0.20551886,0.0,0.011401754
0.047360321,0.32465366,0.0,0.011575837
0.16493029,0.14511375,0.0,0.0
0.092784697,0.11729024,0.0,0.0098994949
0.16425285,0.22145428,0.0,0.0083666003
0.69051865,0.32135183,0.0,0.0036055513
0.45919168,0.40013748,0.0,0.006
0.31548059,0.32899392,0.0,0.006164414
0.17326569,0.7031529,0.0,0.003
0.6282205,0.48579522,0.0,0.0042426407
0.68224702,0.57228752,0.0,0.0083666003
0.25995577,0.55313742,0.0,0.010488088
0.19462785,0.19255389,0.0,0.0085440037
0.065153665,0.11095945,0.0,0.0087749644
0.26764902,0.048846699,0.0,0.0042426407
0.14250965,0.12670043,0.0,0.0028284271
0.27280213,0.15701274,0.0,0.011
0.070696535,0.11064357,0.0,0.013416408
0.073437048,0.22860884,0.0,0.012165525
0.1240121,0.31723493,0.0,0.012
0.025806976,0.2475096,0.0,0.002
0.060580525,0.22791446,0.0,0.003
0.010816654,0.33433666,0.0,0.0028284271
0.027495454,0.1872031,0.0,0.0036055513
0.0,0.36748469,0.0,0.01118034
0.021095023,0.19940411,0.0,0.0067082039
0.006,0.22056518,0.0,0.012206556
0.012884099,0.17658143,0.0,0.015264338
0.017,0.19108898,0.0,0.010198039
0.010816654,0.15038617,0.0,0.0
0.027946377,0.063206012,0.0,0.0041231056
0.037134889,0.14855975,0.0,0.0028284271
0.022671568,0.093909531,0.0,0.0046904158
0.0067082039,0.033778692,0.0,0.0058309519
0.040607881,0.11943618,0.0,0.0058309519
0.028178006,0.20503658,0.0,0.002
0.019235384,0.067601775,0.0,0.0053851648
0.03354102,0.10399038,0.0,0.003
0.058,0.21800229,0.0,0.0
0.099729635,0.17718352,0.0,0.003
0.077,0.10129659,0.0,0.0041231056
0.10691118,0.066753277,0.0,0.01118034
0.04982971,0.078396428,0.0,0.011
0.096337947,0.086365502,0.0,0.0042426407
0.06041523,0.1060613,0.0,0.0063245553
0.07610519,0.047581509,0.0,0.0080622577
0.13190906,0.030773365,0.0,0.0042426407
0.063725976,0.030033315,0.0,0.003
0.095587656,0.033837849,0.0,0.002
0.076850504,0.036,0.0,0.0042426407
0.057532599,0.031890437,0.0,0.002
0.04767599,0.025455844,0.0,0.0051961524
0.044407207,0.036959437,0.0,0.0051961524
0.046010868,0.017720045,0.0,0.0073484692
0.084811556,0.017,0.0,0.0099498744
0.028583212,0.016911535,0.0,0.0
0.060440053,0.10319399,0.0,0.0
0.090049986,0.15519665,0.0,0.0
0.043920383,0.26888845,0.0,0.0
0.069173694,0.19509229,0.0,0.0
0.082006097,0.07687002,0.0,0.0
0.11308846,0.058591808,0.0,0.0
0.17278889,0.077103826,0.0,0.0
0.082352899,0.087800911,0.0,0.0
0.094747032,0.10828204,0.0,0.0
0.017691806,0.10018483,0.0,0.0
0.039115214,0.1419049,0.0,0.0
0.079598995,0.16479684,0.0,0.0
0.056187187,0.11430223,0.0,0.0
0.040112342,0.11703418,0.0,0.0
0.021095023,0.105138,0.0,0.0
0.030740852,0.12140428,0.0,0.0
0.27854264,0.048692915,0.0,0.0
0.31151244,0.052697249,0.0,0.0
0.057227616,0.034842503,0.0,0.0
0.030364453,0.030413813,0.0,0.0
0.024879711,0.039849718,0.0,0.0
0.051009803,0.11381125,0.0,0.0
0.033376639,0.16390851,0.0,0.0
0.015524175,0.032756679,0.0,0.0
0.0073484692,0.073396185,0.0,0.0
0.050813384,0.13200379,0.0,0.0
0.036633318,0.066196677,0.0,0.0
0.055596762,0.042107007,0.0,0.0
0.050009999,0.13412308,0.0,0.0
0.073810568,0.1837199,0.0,0.0
0.055018179,0.17703672,0.0,0.0
0.040521599,0.45067616,0.0,0.0
0.017233688,0.12986916,0.0,0.0
0.011224972,0.19282635,0.0,0.0
0.34572099,0.056859476,0.0,0.0
0.35878406,0.066603303,0.0,0.0
0.01835756,0.56111496,0.0,0.0
0.013416408,0.35958309,0.0,0.0
0.027,0.071651936,0.0,0.0
0.012884099,0.21767177,0.0,0.0
0.030232433,0.56429514,0.0,0.0
0.046936127,0.23515952,0.0,0.0
0.057706152,0.10490948,0.0,0.0
0.094281493,0.095462034,0.0,0.0
0.072449983,0.19540983,0.0,0.0
0.033105891,0.19868568,0.0,0.0
0.054230987,0.047686476,0.0,0.0
0.080709355,0.026627054,0.0,0.0
0.050842895,0.041976184,0.0,0.0
0.02611513,0.058677082,0.0,0.0
0.051710734,0.45387333,0.0,0.0
0.12714165,0.21646709,0.0,0.0
0.097821266,0.11524322,0.0,0.0
0.1141315,0.094451046,0.0,0.0
0.1346811,0.028372522,0.0,0.0
0.096726418,0.077749598,0.0,0.0
0.083024093,0.057227616,0.0,0.0
0.056964901,0.14329689,0.0,0.0
0.051594573,0.18645643,0.0,0.0
0.066940272,0.046486557,0.0,0.0
0.096793595,0.040938979,0.0,0.0
0.061473572,0.151,0.0,0.0
0.10430724,0.076589817,0.0,0.0
0.07553807,0.025806976,0.0,0.0
0.03379349,0.055326305,0.0,0.0
0.044598206,0.093407708,0.0,0.0
0.026683328,0.081798533,0.0,0.0
0.052201533,0.095042096,0.0,0.0
0.034336569,0.27142771,0.0,0.0
0.29949791,0.13546217,0.0,0.0
0.29867374,0.067372101,0.0,0.0
0.35150249,0.14305593,0.0,0.0
0.25143787,0.10759182,0.0,0.0
0.25548777,0.042555846,0.0,0.0
0.11398684,0.20351413,0.0,0.0
0.1300769,0.11767753,0.0,0.0
0.11247666,0.084599054,0.0,0.0
0.078955684,0.12151132,0.0,0.0
0.07772387,0.22144299,0.0,0.0
0.083168504,0.2000225,0.0,0.0
0.089358827,0.13165485,0.0,0.0
0.17377284,0.11276968,0.0,0.0
0.23080295,0.17866449,0.0,0.0
0.093107465,0.22792104,0.0,0.0
0.11239662,0.12461541,0.0,0.0
0.10381233,0.050813384,0.0,0.0
0.18831357,0.076896034,0.0,0.0
0.23787392,0.045793013,0.0,0.0
0.15498387,0.048928519,0.0,0.0
0.20831947,0.09577578,0.0,0.0
0.22293048,0.039736633,0.0,0.0
0.079762146,0.037,0.0,0.0
0.19866555,0.088555068,0.0,0.0
0.23792646,0.065076878,0.0,0.0
0.083636117,0.22089364,0.0,0.0
0.35214486,0.18114359,0.0,0.0
0.37416307,0.16490603,0.0,0.0
0.26693258,0.2964473,0.0,0.0
0.32163644,0.1486775,0.0,0.0
0.048559242,0.141386,0.0,0.0
0.2280307,0.15194078,0.0,0.0
0.31969673,0.068796802,0.0,0.0
0.11927699,0.032526912,0.0,0.0
0.16600301,0.034146742,0.0,0.0
0.12395967,0.057775427,0.0,0.0
0.073109507,0.18773119,0.0,0.0
0.092135769,0.14858331,0.0,0.0
0.079460682,0.063631753,0.0,0.0
0.039,0.25556995,0.0,0.0
0.036469165,0.30101661,0.0,0.0
0.11146748,0.33569629,0.0,0.0
0.1369854,0.18986838,0.0,0.0
0.035298725,0.1093435,0.0,0.0
0.039862263,0.017,0.0,0.0
0.094111636,0.10410572,0.0,0.0
0.15466415,0.18852586,0.0,0.0
0.15035292,0.18533213,0.0,0.0
0.058600341,0.27131163,0.0,0.0
0.081049368,0.069028979,0.0,0.0
0.088938181,0.021307276,0.0,0.0
0.025806976,0.1467549,0.0,0.0
0.18635987,0.069728043,0.0,0.0
0.234589,0.024372115,0.0,0.0
0.14016419,0.034899857,0.0,0.0
0.062177166,0.052697249,0.0,0.0
0.12543524,0.097683161,0.0,0.0
0.065810334,0.018493242,0.0,0.0
0.082134037,0.10279105,0.0,0.0
0.088017044,0.20345515,0.0,0.0
0.053674948,0.13382078,0.0,0.0
0.15718142,0.24109127,0.0,0.0
0.081344945,0.10034939,0.0,0.0
0.076798437,0.19039433,0.0,0.0
0.10718675,0.55514773,0.0,0.0
0.076563699,1.1567891,0.0,0.0
0.054451814,0.65524576,0.0,0.0
0.069065187,0.47406012,0.0,0.0
0.059623821,0.65737128,0.0,0.0
0.052201533,1.0841499,0.0,0.0
0.063308767,0.99604669,0.0,0.0
0.033466401,0.36687464,0.0,0.0
0.082176639,0.15463505,0.0,0.0
0.10911462,0.038170669,0.0,0.0
0.13520725,0.13797464,0.0,0.0
0.055308227,0.086706401,0.0,0.0
0.073416619,0.090299502,0.0,0.0
0.066037868,0.030740852,0.0,0.0
0.058472216,0.059338015,0.0,0.0
0.13508886,0.016401219,0.0,0.0
0.20047444,0.10652699,0.0,0.0
0.27841875,0.070071392,0.0,0.0
0.13098855,0.039012818,0.0,0.0
0.27993213,0.078268768,0.0,0.0
0.11678185,0.07738863,0.0,0.0
0.19332098,0.088921314,0.0,0.0
0.17287279,0.07649183,0.0,0.0
0.32160379,0.13800725,0.0,0.0
0.056400355,0.13510736,0.0,0.0
0.18318843,0.1574484,0.0,0.0
0.046850827,0.21408877,0.0,0.0
0.30818988,0.22331368,0.0,0.0
0.25224195,0.32308049,0.0,0.0
0.27496363,0.15774663,0.0,0.0
0.28519993,0.25930291,0.0,0.0
0.33259284,0.079912452,0.0,0.0
0.18153237,0.22606415,0.0,0.0
0.17654744,0.10198039,0.0,0.0
0.30075571,0.075650512,0.0,0.0
0.074819783,0.066234432,0.0,0.0
0.025806976,0.038587563,0.0,0.0
0.2607911,0.025806976,0.0,0.0
0.13682471,0.029698485,0.0,0.0
0.046184413,0.016911535,0.0,0.0
0.097887691,0.031874755,0.0,0.0
0.031464265,0.018708287,0.0,0.0
0.033015148,0.04973932,0.0,0.0
0.070887234,0.072924619,0.012369317,0.0
0.06406247,0.057087652,0.013416408,0.0
0.027495454,0.029478806,0.018493242,0.0
0.032046841,0.030430248,0.023043437,0.0
0.023895606,0.060564016,0.003,0.0
0.046141088,0.022449944,0.021377558,0.0
0.079460682,0.062297673,0.021931712,0.0
0.028635642,0.09878259,0.0073484692,0.0
0.030594117,0.11493911,0.0099498744,0.0
0.009486833,0.07079548,0.0042426407,0.0
0.026645825,0.10836051,0.016431677,0.0
0.10026465,0.11421909,0.0099498744,0.0
0.09313968,0.21845823,0.0,0.0
0.019209373,0.083868945,0.009486833,0.0
0.018248288,0.24807459,0.009,0.0
0.083444592,0.13674794,0.0,0.0
0.092709223,0.061237244,0.0051961524,0.0
0.044068129,0.099090867,0.0042426407,0.0
0.027820855,0.10048383,0.009486833,0.0
0.096917491,0.14272701,0.0067082039,0.0
0.087664132,0.10893117,0.006,0.0
0.058830264,0.050019996,0.0042426407,0.0
0.11159301,0.041785165,0.0084852814,0.0
0.064202804,0.078447435,0.036262929,0.0
0.031638584,0.037868192,0.021424285,0.0
0.026324893,0.075564542,0.027946377,0.0
0.16733499,0.050209561,0.009486833,0.0
0.021931712,0.060481402,0.021424285,0.0
0.017233688,0.04570558,0.011224972,0.0
0.020124612,0.022449944,0.0073484692,0.0
0.037960506,0.056753854,0.011224972,0.0
0.029308702,0.030149627,0.003,0.0
0.011445523,0.028106939,0.0042426407,0.0
0.051623638,0.043139309,0.006,0.0
0.04112177,0.035510562,0.003,0.0
0.067074585,0.098040808,0.009486833,0.0
0.17323683,0.095005263,0.0073484692,0.0
0.1837335,0.019078784,0.0067082039,0.0
0.40829646,0.055865911,0.0042426407,0.0
0.23554617,0.048383882,0.003,0.0
0.21363754,0.032062439,0.0051961524,0.0
0.25989421,0.020615528,0.003,0.0
0.59541078,0.013453624,0.003,0.0
0.073986485,0.02541653,0.0067082039,0.0
0.085199765,0.014628739,0.003,0.0
0.090410176,0.029257478,0.009,0.0
0.030149627,0.073123184,0.010392305,0.0
0.038626416,0.016643317,0.0099498744,0.0
0.093429118,0.018027756,0.0099498744,0.0
0.58635399,0.015297059,0.006,0.0
0.061400326,0.025806976,0.0042426407,0.0
0.20723175,0.016431677,0.006,0.0
0.33430076,0.0067082039,0.003,0.0
0.23556316,0.023043437,0.003,0.0
0.20088803,0.024083189,0.0073484692,0.0
0.069928535,0.021,0.0042426407,0.0
0.067542579,0.037121422,0.0051961524,0.0
0.11788978,0.015588457,0.011224972,0.0
0.081939002,0.017492856,0.003,0.0
0.12915107,0.013747727,0.003,0.0
0.14423592,0.053860932,0.003,0.0
0.153,0.067963225,0.0042426407,0.0
0.12990381,0.03,0.003,0.0
0.096420952,0.020223748,0.0073484692,0.0
0.033734256,0.038392708,0.006,0.0
0.040706265,0.018601075,0.006,0.0
0.059126982,0.023452079,0.003,0.0
0.076380626,0.016431677,0.006,0.0
0.059891569,0.011224972,0.006,0.0
0.17720327,0.012884099,0.003,0.0
0.1474076,0.011789826,0.006,0.0
0.069663477,0.009486833,0.0073484692,0.0
0.14297902,0.003,0.003,0.0073484692
0.15401623,0.0036055513,0.009486833,0.013416408
0.089582364,0.0,0.0067082039,0.010816654
0.14415617,0.011401754,0.003,0.012369317
0.15345683,0.003,0.015297059,0.014071247
0.28195567,0.0073484692,0.024879711,0.023430749
0.16561703,0.006,0.050338852,0.025099801
0.23305579,0.0099498744,0.12366487,0.028460499
0.75632863,0.011224972,0.17252536,0.003
0.46371651,0.003,0.33422448,0.0084852814
2.1028405,0.012369317,0.44460769,0.0084852814
1.6692154,0.017233688,0.4328152,0.0073484692
0.12999231,0.0067082039,0.4886246,0.0073484692
0.16908282,0.014422205,0.12998846,0.0084852814
0.46518921,0.059101607,0.13005384,0.0042426407
0.46995638,0.1103721,0.21134096,0.003
0.027568098,0.043566042,0.38489219,0.009486833
0.048414874,0.039,0.10348913,0.003
0.02034699,0.045199558,0.24066159,0.0
0.014071247,0.03910243,0.34121108,0.0073484692
0.009486833,0.064544558,0.16440803,0.0073484692
0.029563491,0.030951575,0.45146982,0.006
0.061326992,0.033466401,0.35215338,0.003
0.040360872,0.038509739,0.33974108,0.0042426407
0.06595453,0.013076697,0.22407811,0.0042426407
0.079523581,0.036469165,0.20754999,0.0042426407
0.13466997,0.03354102,0.2432139,0.017
0.44404729,0.007,0.054129474,0.011916375
0.25589842,0.018027756,0.26703183,0.033526109
0.15084098,0.039509493,0.24611786,0.012369317
0.2711199,0.045343136,0.21380833,0.006
0.57266133,0.013747727,0.41344407,0.0
0.55536114,0.039408121,0.47441965,0.003
0.63043715,0.057070132,0.13106105,0.006
1.6471533,0.13127833,0.15940201,0.0042426407
1.1625773,0.075113248,0.042579338,0.0042426407
0.39238502,0.081492331,0.070028566,0.0
0.38665876,0.061741396,0.092509459,0.0073484692
0.20294581,0.10874282,0.13042239,0.0073484692
0.035057096,0.079630396,0.14505861,0.0042426407
0.047339202,0.088746831,0.084764379,0.003
0.013747727,0.11110356,0.016278821,0.0073484692
0.021633308,0.036810325,0.1004241,0.009
0.016552945,0.048805737,0.1848026,0.0042426407
0.003,0.033105891,0.064915329,0.003
0.011401754,0.012727922,0.16167251,0.0
0.0073484692,0.029206164,0.25625573,0.0073484692
0.045442271,0.033196385,0.14787157,0.009
0.199985,0.027037012,0.41186527,0.0084852814
0.063316664,0.018466185,0.32375454,0.0084852814
0.51842164,0.009486833,0.32131138,0.0042426407
0.32793292,0.010816654,1.5118852,0.0051961524
0.22935344,0.009486833,1.5656289,0.003
0.78180944,0.003,0.36048162,0.0042426407
0.45338946,0.0073484692,0.19012101,0.003
0.60112312,0.016155494,0.10387492,0.0
0.086278618,0.026683328,0.16052726,0.003
0.24037263,0.025768197,0.064567794,0.003
0.19266032,0.02745906,0.05052722,0.003
0.23783608,0.023388031,0.084888162,0.0042426407
