form_id,construction,has_backchannel,split,n,n_edges,density,max_in_degree,max_out_degree,hub_fanin,hub_fanout,n_reciprocal,n_reciprocal_nonhub,n_nonhub_edges,frac_edges_through_hub,is_strict_star,longest_path,hub_bias,hub_all_required,hub_or_like,total_correlation,stochastic_interaction,lz_complexity,mean_abs_corr,tdmi,phi_wms,causal_density,integrated_synergy,phi_max,n_states,structure,triadic
census_n3_W0_S0_C0,census,0,train,3,0,0.0,0,0,0,0,0,0,0,0.0,0,0,0.0,0,0,1.2391740079392203e-10,0.0,0.028135324761021978,0.0,0.0,0.0,0.0,0.0,0.000000,1,dyadic,0
census_n3_W0_S1_C0,census,0,train,3,2,0.3333333333333333,2,1,2,0,0,0,0,1.0,1,1,0.25,0,0,1.2391655086730198e-10,0.0,0.028135324761021978,0.0,0.0,0.0,0.0,0.0,0.000000,2,dyadic,0
census_n3_W0_S2_C0,census,0,train,3,2,0.3333333333333333,2,1,2,0,0,0,0,1.0,1,1,0.25,0,0,1.2391740079392203e-10,0.0,0.035169155951277474,0.0006680026720106872,0.0,0.0,0.0,0.0,0.000000,2,dyadic,0
census_n3_W0_S3_C0,census,0,train,3,1,0.16666666666666666,1,1,1,0,0,0,0,1.0,1,1,0.5,0,0,1.2391655086730198e-10,0.0,0.028135324761021978,0.0,0.0,0.0,0.0,0.0,0.000000,2,dyadic,0
census_n3_W0_S4_C0,census,0,train,3,2,0.3333333333333333,2,1,2,0,0,0,0,1.0,1,1,0.25,0,0,1.2391740079392203e-10,0.0,0.014067662380510989,0.0,0.0,0.0,0.0,0.0,0.000000,2,dyadic,0
census_n3_W0_S5_C0,census,0,train,3,1,0.16666666666666666,1,1,0,1,0,0,0,1.0,1,1,0.0,0,0,1.2391655086730198e-10,0.0,0.028135324761021978,0.33466933867735466,0.0,0.0,0.0,0.0,0.000000,2,dyadic,0
census_n3_W0_S6_C0,census,0,train,3,2,0.3333333333333333,2,1,2,0,0,0,0,1.0,1,1,0.5,0,1,1.2391740079392203e-10,0.0,0.021101493570766485,0.9999999999999999,0.0,0.0,0.0,0.0,0.000000,2,dyadic,0
census_n3_W0_S7_C0,census,0,train,3,2,0.3333333333333333,2,1,2,0,0,0,0,1.0,1,1,0.75,0,1,1.2391655086730198e-10,0.0,0.021101493570766485,0.0,0.0,0.0,0.0,0.0,0.000000,2,dyadic,0
census_n3_W0_S8_C0,census,0,train,3,2,0.3333333333333333,2,1,2,0,0,0,0,1.0,1,1,0.25,1,0,1.2391740079392203e-10,0.0,0.028135324761021978,0.33466933867735466,0.0,0.0,0.0,0.0,0.000000,2,dyadic,0
census_n3_W0_S9_C0,census,0,train,3,2,0.3333333333333333,2,1,2,0,0,0,0,1.0,1,1,0.5,0,0,1.2391655086730198e-10,0.0,0.028135324761021978,0.0,0.0,0.0,0.0,0.0,0.000000,2,dyadic,0
census_n3_W0_S10_C0,census,0,train,3,1,0.16666666666666666,1,1,0,1,0,0,0,1.0,1,1,0.0,0,0,1.2391740079392203e-10,0.0,0.014067662380510989,0.0,0.0,0.0,0.0,0.0,0.000000,2,dyadic,0
census_n3_W0_S11_C0,census,0,train,3,2,0.3333333333333333,2,1,2,0,0,0,0,1.0,1,1,0.75,0,0,1.2391655086730198e-10,0.0,0.028135324761021978,0.3333333333333333,0.0,0.0,0.0,0.0,0.000000,2,dyadic,0
census_n3_W0_S12_C0,census,0,train,3,1,0.16666666666666666,1,1,1,0,0,0,0,1.0,1,1,0.5,1,0,1.2391740079392203e-10,0.0,0.035169155951277474,0.23546596734323863,0.0,0.0,0.0,0.0,0.000000,2,dyadic,0
census_n3_W0_S13_C0,census,0,train,3,2,0.3333333333333333,2,1,2,0,0,0,0,1.0,1,1,0.75,0,0,1.2391655086730198e-10,0.0,0.028135324761021978,0.23546596734323866,0.0,0.0,0.0,0.0,0.000000,2,dyadic,0
census_n3_W0_S14_C0,census,0,train,3,2,0.3333333333333333,2,1,2,0,0,0,0,1.0,1,1,0.75,0,1,1.2391740079392203e-10,0.0,0.028135324761021978,0.8042652680198105,0.0,0.0,0.0,0.0,0.000000,2,dyadic,0
census_n3_W0_S15_C0,census,0,train,3,0,0.0,0,0,0,0,0,0,0,0.0,0,0,0.0,0,0,1.2391655086730198e-10,0.0,0.028135324761021978,0.9999999999999999,0.0,0.0,0.0,0.0,0.000000,1,dyadic,0
census_n3_W0_S0_C1,census,0,train,3,1,0.16666666666666666,1,1,0,1,0,0,0,1.0,1,1,0.0,0,0,1.2391740079392203e-10,0.0,0.028135324761021978,0.0,0.0,0.0,0.0,0.0,0.000000,2,dyadic,0
census_n3_W0_S1_C1,census,0,train,3,3,0.5,2,1,2,1,1,0,0,1.0,1,2,0.25,0,0,4.1305625586574024e-11,1.811278124376522,0.035169155951277474,0.0,1.8112781244591325,0.0,0.3018796874098555,-4.440892098500626e-16,0.000000,4,dyadic,0
census_n3_W0_S2_C1,census,0,train,3,3,0.5,2,1,2,1,1,0,0,1.0,1,2,0.25,0,0,1.2391740079392203e-10,0.0,0.014067662380510989,0.0,0.0,0.0,0.0,0.0,0.000000,4,dyadic,0
census_n3_W0_S3_C1,census,0,train,3,2,0.3333333333333333,1,1,1,1,1,0,0,1.0,1,1,0.5,0,0,4.1305625586574024e-11,1.999999999917389,0.049236818331788466,0.0,2.0,0.0,0.3333333333333333,0.0,0.000000,4,dyadic,0
census_n3_W0_S4_C1,census,0,train,3,3,0.5,2,1,2,1,1,0,0,1.0,1,2,0.25,0,0,4.1305625586574024e-11,1.811278124376522,0.035169155951277474,0.3333333333333333,1.8112781244591327,0.0,0.3018796874098555,-1.1102230246251565e-16,0.000000,4,dyadic,0
census_n3_W0_S5_C1,census,0,train,3,2,0.3333333333333333,1,1,1,1,0,0,0,1.0,1,2,0.5,0,0,1.2391570094068194e-10,0.0,0.035169155951277474,0.0006680026720106883,0.0,0.0,0.0,0.0,0.000000,4,dyadic,0
census_n3_W0_S6_C1,census,0,train,3,3,0.5,2,1,2,1,1,0,0,1.0,1,2,0.5,0,1,4.1305625586574024e-11,1.999999999917389,0.035169155951277474,0.3333333333333333,2.0,0.0,0.3333333333333333,0.0,0.000000,4,dyadic,0
census_n3_W0_S7_C1,census,0,train,3,3,0.5,2,1,2,1,1,0,0,1.0,1,2,0.75,0,1,1.2391570094068194e-10,0.0,0.035169155951277474,0.0006680026720106883,0.0,0.0,0.0,0.0,0.000000,4,dyadic,0
census_n3_W0_S8_C1,census,0,train,3,3,0.5,2,1,2,1,1,0,0,1.0,1,2,0.25,1,0,1.2391740079392203e-10,0.0,0.028135324761021978,0.0,0.0,0.0,0.0,0.0,0.000000,4,dyadic,0
census_n3_W0_S9_C1,census,0,train,3,3,0.5,2,1,2,1,1,0,0,1.0,1,2,0.5,0,0,4.1305625586574024e-11,1.999999999917389,0.049236818331788466,0.0,2.0,0.0,0.3333333333333333,0.0,0.000000,4,dyadic,0
census_n3_W0_S10_C1,census,0,train,3,2,0.3333333333333333,1,1,1,1,0,0,0,1.0,1,2,0.5,1,0,1.2391740079392203e-10,0.0,0.035169155951277474,0.0006680026720106872,0.0,0.0,0.0,0.0,0.000000,4,dyadic,0
census_n3_W0_S11_C1,census,0,train,3,3,0.5,2,1,2,1,1,0,0,1.0,1,2,0.75,0,0,4.1305625586574024e-11,1.8112781243765221,0.035169155951277474,0.0,1.8112781244591327,0.0,0.3018796874098555,-1.1102230246251565e-16,0.000000,4,dyadic,0
census_n3_W0_S12_C1,census,0,train,3,2,0.3333333333333333,1,1,1,1,1,0,0,1.0,1,1,0.5,1,0,4.1305625586574024e-11,1.999999999917389,0.035169155951277474,0.3333333333333333,2.0,0.0,0.3333333333333333,0.0,0.000000,4,dyadic,0
census_n3_W0_S13_C1,census,0,train,3,3,0.5,2,1,2,1,1,0,0,1.0,1,2,0.75,0,0,1.2391570094068194e-10,0.0,0.035169155951277474,0.0006680026720106883,0.0,0.0,0.0,0.0,0.000000,4,dyadic,0
census_n3_W0_S14_C1,census,0,train,3,3,0.5,2,1,2,1,1,0,0,1.0,1,2,0.75,0,1,4.1305625586574024e-11,1.8112781243765221,0.035169155951277474,0.3333333333333333,1.8112781244591325,0.0,0.3018796874098555,-4.440892098500626e-16,0.000000,4,dyadic,0
census_n3_W0_S15_C1,census,0,train,3,1,0.16666666666666666,1,1,0,1,0,0,0,1.0,1,1,0.0,0,0,1.2391570094068194e-10,0.0,0.035169155951277474,0.33466933867735466,0.0,0.0,0.0,0.0,0.000000,2,dyadic,0
census_n3_W0_S0_C2,census,0,train,3,1,0.16666666666666666,1,1,0,1,0,0,0,1.0,1,1,0.0,0,0,1.2391655086730198e-10,0.0,0.028135324761021978,0.0,0.0,0.0,0.0,0.0,0.000000,2,dyadic,0
census_n3_W0_S1_C2,census,0,train,3,3,0.5,2,1,2,1,1,0,0,1.0,1,2,0.25,0,0,4.1305625586574024e-11,1.811278124376522,0.028135324761021978,0.3333333333333333,1.8112781244591325,0.0,0.3018796874098555,-4.440892098500626e-16,0.000000,4,dyadic,0
census_n3_W0_S2_C2,census,0,train,3,3,0.5,2,1,2,1,1,0,0,1.0,1,2,0.25,0,0,1.2391655086730198e-10,0.0,0.021101493570766485,0.0,0.0,0.0,0.0,0.0,0.000000,4,dyadic,0
census_n3_W0_S3_C2,census,0,train,3,2,0.3333333333333333,1,1,1,1,1,0,0,1.0,1,1,0.5,0,0,4.1305625586574024e-11,1.999999999917389,0.028135324761021978,0.0,2.0,0.0,0.3333333333333333,0.0,0.000000,4,dyadic,0
census_n3_W0_S4_C2,census,0,train,3,3,0.5,2,1,2,1,1,0,0,1.0,1,2,0.25,0,0,4.1305625586574024e-11,1.811278124376522,0.04220298714153297,0.02984409873572301,1.8112781244591327,0.0,0.3018796874098555,-1.1102230246251565e-16,0.000000,4,dyadic,0
census_n3_W0_S5_C2,census,0,train,3,2,0.3333333333333333,1,1,1,1,0,0,0,1.0,1,2,0.5,0,0,1.2391655086730198e-10,0.0,0.035169155951277474,0.0006680026720106877,0.0,0.0,0.0,0.0,0.000000,4,dyadic,0
census_n3_W0_S6_C2,census,0,train,3,3,0.5,2,1,2,1,1,0,0,1.0,1,2,0.5,0,1,4.1305625586574024e-11,1.999999999917389,0.04220298714153297,0.0,2.0,0.0,0.3333333333333333,0.0,0.000000,4,dyadic,0
census_n3_W0_S7_C2,census,0,train,3,3,0.5,2,1,2,1,1,0,0,1.0,1,2,0.75,0,1,1.2391655086730198e-10,0.0,0.04220298714153297,0.6994221294286084,0.0,0.0,0.0,0.0,0.000000,4,dyadic,0
census_n3_W0_S8_C2,census,0,train,3,3,0.5,2,1,2,1,1,0,0,1.0,1,2,0.25,1,0,1.2391655086730198e-10,0.0,0.04220298714153297,0.0020040080160320627,0.0,0.0,0.0,0.0,0.000000,4,dyadic,0
census_n3_W0_S9_C2,census,0,train,3,3,0.5,2,1,2,1,1,0,0,1.0,1,2,0.5,0,0,4.1305625586574024e-11,1.999999999917389,0.04220298714153297,0.36178718547044014,2.0,0.0,0.3333333333333333,0.0,0.000000,4,dyadic,0
census_n3_W0_S10_C2,census,0,train,3,2,0.3333333333333333,1,1,1,1,0,0,0,1.0,1,2,0.5,1,0,1.2391655086730198e-10,0.0,0.021101493570766485,0.0,0.0,0.0,0.0,0.0,0.000000,4,dyadic,0
census_n3_W0_S11_C2,census,0,train,3,3,0.5,2,1,2,1,1,0,0,1.0,1,2,0.75,0,0,4.1305625586574024e-11,1.8112781243765221,0.021101493570766485,0.0,1.8112781244591327,0.0,0.3018796874098555,-1.1102230246251565e-16,0.000000,4,dyadic,0
census_n3_W0_S12_C2,census,0,train,3,2,0.3333333333333333,1,1,1,1,1,0,0,1.0,1,1,0.5,1,0,4.1305625586574024e-11,1.999999999917389,0.04220298714153297,0.02984409873572301,2.0,0.0,0.3333333333333333,0.0,0.000000,4,dyadic,0
census_n3_W0_S13_C2,census,0,train,3,3,0.5,2,1,2,1,1,0,0,1.0,1,2,0.75,0,0,1.2391655086730198e-10,0.0,0.035169155951277474,0.8042652680198105,0.0,0.0,0.0,0.0,0.000000,4,dyadic,0
census_n3_W0_S14_C2,census,0,train,3,3,0.5,2,1,2,1,1,0,0,1.0,1,2,0.75,0,1,4.1305625586574024e-11,1.8112781243765221,0.049236818331788466,0.03111787343869574,1.8112781244591325,0.0,0.3018796874098555,-4.440892098500626e-16,0.000000,4,dyadic,0
census_n3_W0_S15_C2,census,0,train,3,1,0.16666666666666666,1,1,0,1,0,0,0,1.0,1,1,0.0,0,0,1.2391655086730198e-10,0.0,0.035169155951277474,0.23546596734323866,0.0,0.0,0.0,0.0,0.000000,2,dyadic,0
census_n3_W0_S0_C3,census,0,train,3,0,0.0,0,0,0,0,0,0,0,0.0,0,0,0.0,0,0,1.2391655086730198e-10,0.0,0.021101493570766485,0.0,0.0,0.0,0.0,0.0,0.000000,1,dyadic,0
census_n3_W0_S1_C3,census,0,train,3,2,0.3333333333333333,2,1,2,0,0,0,0,1.0,1,1,0.25,0,0,1.2391655086730198e-10,0.0,0.028135324761021978,0.3333333333333333,0.0,0.0,0.0,0.0,0.000000,2,dyadic,0
census_n3_W0_S2_C3,census,0,train,3,2,0.3333333333333333,2,1,2,0,0,0,0,1.0,1,1,0.25,0,0,1.2391655086730198e-10,0.0,0.028135324761021978,0.0,0.0,0.0,0.0,0.0,0.000000,2,dyadic,0
census_n3_W0_S3_C3,census,0,train,3,1,0.16666666666666666,1,1,1,0,0,0,0,1.0,1,1,0.5,0,0,1.2391655086730198e-10,0.0,0.028135324761021978,0.0,0.0,0.0,0.0,0.0,0.000000,2,dyadic,0
census_n3_W0_S4_C3,census,0,train,3,2,0.3333333333333333,2,1,2,0,0,0,0,1.0,1,1,0.25,0,0,1.2391570094068194e-10,0.0,0.028135324761021978,0.23546596734323863,0.0,0.0,0.0,0.0,0.000000,2,dyadic,0
census_n3_W0_S5_C3,census,0,train,3,1,0.16666666666666666,1,1,0,1,0,0,0,1.0,1,1,0.0,0,0,1.2391570094068194e-10,0.0,0.035169155951277474,0.0,0.0,0.0,0.0,0.0,0.000000,2,dyadic,0
census_n3_W0_S6_C3,census,0,train,3,2,0.3333333333333333,2,1,2,0,0,0,0,1.0,1,1,0.5,0,1,1.2391570094068194e-10,0.0,0.028135324761021978,0.0,0.0,0.0,0.0,0.0,0.000000,2,dyadic,0
census_n3_W0_S7_C3,census,0,train,3,2,0.3333333333333333,2,1,2,0,0,0,0,1.0,1,1,0.75,0,1,1.2391570094068194e-10,0.0,0.035169155951277474,0.0,0.0,0.0,0.0,0.0,0.000000,2,dyadic,0
census_n3_W0_S8_C3,census,0,train,3,2,0.3333333333333333,2,1,2,0,0,0,0,1.0,1,1,0.25,1,0,1.2391655086730198e-10,0.0,0.028135324761021978,0.9999999999999999,0.0,0.0,0.0,0.0,0.000000,2,dyadic,0
census_n3_W0_S9_C3,census,0,train,3,2,0.3333333333333333,2,1,2,0,0,0,0,1.0,1,1,0.5,0,0,1.2391655086730198e-10,0.0,0.035169155951277474,0.0,0.0,0.0,0.0,0.0,0.000000,2,dyadic,0
census_n3_W0_S10_C3,census,0,train,3,1,0.16666666666666666,1,1,0,1,0,0,0,1.0,1,1,0.0,0,0,1.2391655086730198e-10,0.0,0.035169155951277474,0.33466933867735466,0.0,0.0,0.0,0.0,0.000000,2,dyadic,0
census_n3_W0_S11_C3,census,0,train,3,2,0.3333333333333333,2,1,2,0,0,0,0,1.0,1,1,0.75,0,0,1.2391655086730198e-10,0.0,0.04220298714153297,0.23546596734323863,0.0,0.0,0.0,0.0,0.000000,2,dyadic,0
census_n3_W0_S12_C3,census,0,train,3,1,0.16666666666666666,1,1,1,0,0,0,0,1.0,1,1,0.5,1,0,1.2391570094068194e-10,0.0,0.035169155951277474,0.8042652680198105,0.0,0.0,0.0,0.0,0.000000,2,dyadic,0
census_n3_W0_S13_C3,census,0,train,3,2,0.3333333333333333,2,1,2,0,0,0,0,1.0,1,1,0.75,0,0,1.2391570094068194e-10,0.0,0.035169155951277474,0.0,0.0,0.0,0.0,0.0,0.000000,2,dyadic,0
census_n3_W0_S14_C3,census,0,train,3,2,0.3333333333333333,2,1,2,0,0,0,0,1.0,1,1,0.75,0,1,1.2391570094068194e-10,0.0,0.035169155951277474,0.3333333333333333,0.0,0.0,0.0,0.0,0.000000,2,dyadic,0
census_n3_W0_S15_C3,census,0,train,3,0,0.0,0,0,0,0,0,0,0,0.0,0,0,0.0,0,0,1.2391570094068194e-10,0.0,0.035169155951277474,0.0,0.0,0.0,0.0,0.0,0.000000,1,dyadic,0
census_n3_W1_S0_C0,census,0,train,3,1,0.16666666666666666,1,1,1,0,0,0,0,1.0,1,1,0.5,1,0,1.2391740079392203e-10,0.0,0.014067662380510989,0.0,0.0,0.0,0.0,0.0,0.000000,2,dyadic,0
census_n3_W1_S1_C0,census,0,train,3,3,0.5,2,1,2,1,1,0,0,1.0,1,2,0.25,0,0,4.1305625586574024e-11,1.8112781243765221,0.04220298714153297,0.0,1.8112781244591325,0.0,0.3018796874098555,-4.440892098500626e-16,0.000000,4,dyadic,0
census_n3_W1_S2_C0,census,0,train,3,3,0.5,2,1,2,1,1,0,0,1.0,1,2,0.25,0,0,4.1305625586574024e-11,1.8112781243765221,0.035169155951277474,0.36178718547044014,1.8112781244591327,0.0,0.3018796874098555,-1.1102230246251565e-16,0.000000,4,dyadic,0
census_n3_W1_S3_C0,census,0,train,3,2,0.3333333333333333,1,1,1,1,0,0,0,1.0,1,2,0.5,0,0,1.2391570094068194e-10,0.0,0.035169155951277474,0.6994221294286084,0.0,0.0,0.0,0.0,0.000000,4,dyadic,0
census_n3_W1_S4_C0,census,0,train,3,3,0.5,2,1,2,1,1,0,0,1.0,1,2,0.25,0,0,1.2391740079392203e-10,0.0,0.021101493570766485,0.0,0.0,0.0,0.0,0.0,0.000000,4,dyadic,0
census_n3_W1_S5_C0,census,0,train,3,2,0.3333333333333333,1,1,1,1,1,0,0,1.0,1,1,0.5,1,0,4.1305625586574024e-11,1.999999999917389,0.035169155951277474,0.0,2.0,0.0,0.3333333333333333,0.0,0.000000,4,dyadic,0
census_n3_W1_S6_C0,census,0,train,3,3,0.5,2,1,2,1,1,0,0,1.0,1,2,0.5,0,1,4.1305625586574024e-11,1.999999999917389,0.035169155951277474,0.36178718547044014,2.0,0.0,0.3333333333333333,0.0,0.000000,4,dyadic,0
census_n3_W1_S7_C0,census,0,train,3,3,0.5,2,1,2,1,1,0,0,1.0,1,2,0.75,0,1,1.2391570094068194e-10,0.0,0.04220298714153297,0.4024089364222608,0.0,0.0,0.0,0.0,0.000000,4,dyadic,0
census_n3_W1_S8_C0,census,0,train,3,3,0.5,2,1,2,1,1,0,0,1.0,1,2,0.25,1,0,1.2391740079392203e-10,0.0,0.028135324761021978,0.23707961647044304,0.0,0.0,0.0,0.0,0.000000,4,dyadic,0
census_n3_W1_S9_C0,census,0,train,3,3,0.5,2,1,2,1,1,0,0,1.0,1,2,0.5,0,0,4.1305625586574024e-11,1.999999999917389,0.04220298714153297,0.031117873438695747,2.0,0.0,0.3333333333333333,0.0,0.000000,4,dyadic,0
census_n3_W1_S10_C0,census,0,train,3,2,0.3333333333333333,1,1,1,1,1,0,0,1.0,1,1,0.5,1,0,4.1305625586574024e-11,1.999999999917389,0.035169155951277474,0.3333333333333333,2.0,0.0,0.3333333333333333,0.0,0.000000,4,dyadic,0
census_n3_W1_S11_C0,census,0,train,3,3,0.5,2,1,2,1,1,0,0,1.0,1,2,0.75,0,0,1.2391570094068194e-10,0.0,0.021101493570766485,0.0,0.0,0.0,0.0,0.0,0.000000,4,dyadic,0
census_n3_W1_S12_C0,census,0,train,3,2,0.3333333333333333,1,1,1,1,0,0,0,1.0,1,2,0.5,1,0,1.2391740079392203e-10,0.0,0.028135324761021978,0.0006680026720106872,0.0,0.0,0.0,0.0,0.000000,4,dyadic,0
census_n3_W1_S13_C0,census,0,train,3,3,0.5,2,1,2,1,1,0,0,1.0,1,2,0.75,0,0,4.1305625586574024e-11,1.8112781243765224,0.049236818331788466,0.029844098735723013,1.8112781244591327,0.0,0.3018796874098555,-1.1102230246251565e-16,0.000000,4,dyadic,0
census_n3_W1_S14_C0,census,0,train,3,3,0.5,2,1,2,1,1,0,0,1.0,1,2,0.75,0,1,4.1305625586574024e-11,1.8112781243765224,0.014067662380510989,0.0,1.8112781244591325,0.0,0.3018796874098555,-4.440892098500626e-16,0.000000,4,dyadic,0
census_n3_W1_S15_C0,census,0,train,3,1,0.16666666666666666,1,1,1,0,0,0,0,1.0,1,1,0.5,1,0,1.2391570094068194e-10,0.0,0.028135324761021978,0.23546596734323863,0.0,0.0,0.0,0.0,0.000000,2,dyadic,0
census_n3_W1_S0_C1,census,0,train,3,2,0.3333333333333333,1,2,0,2,0,0,0,1.0,1,1,0.0,0,0,1.2391740079392203e-10,0.0,0.021101493570766485,0.0,0.0,0.0,0.0,0.0,0.000000,2,dyadic,0
census_n3_W1_S1_C1,census,0,train,3,4,0.6666666666666666,2,2,2,2,2,0,0,1.0,1,2,0.25,0,0,0.8112781244591329,2.8112781243352165,0.049236818331788466,0.3333333333333333,1.8112781244591325,0.0,0.603759374819711,-0.8112781244591329,2.000000,4,triadic,1
census_n3_W1_S2_C1,census,0,train,3,4,0.6666666666666666,2,2,2,2,2,0,0,1.0,1,2,0.25,0,0,1.2391740079392203e-10,0.0,0.028135324761021978,0.0,0.0,0.0,0.0,0.0,0.000000,4,dyadic,0
census_n3_W1_S3_C1,census,0,train,3,3,0.5,1,2,1,2,1,0,0,1.0,1,2,0.5,0,0,1.0,2.999999999876084,0.04220298714153297,0.3333360000320003,2.0,0.0,0.6666666666666666,-1.0,0.000000,4,dyadic,0
census_n3_W1_S4_C1,census,0,train,3,4,0.6666666666666666,2,2,2,2,2,0,0,1.0,1,2,0.25,0,0,1.2391740079392203e-10,0.0,0.028135324761021978,0.8042652680198105,0.0,0.0,0.0,0.0,0.000000,4,dyadic,0
census_n3_W1_S5_C1,census,0,train,3,3,0.5,1,2,1,2,1,0,0,1.0,1,2,0.5,0,0,1.0,2.999999999876084,0.049236818331788466,0.3333360000320003,2.0,0.0,0.6666666666666666,-1.0,0.000000,4,dyadic,0
census_n3_W1_S6_C1,census,0,train,3,4,0.6666666666666666,2,2,2,2,2,0,0,1.0,1,2,0.5,0,1,1.2391740079392203e-10,0.0,0.028135324761021978,0.33466933867735466,0.0,0.0,0.0,0.0,0.500000,4,triadic,1
census_n3_W1_S7_C1,census,0,train,3,4,0.6666666666666666,2,2,2,2,2,0,0,1.0,1,2,0.75,0,1,0.8112781244591329,2.811278124335217,0.049236818331788466,0.3333360000320003,1.8112781244591327,0.0,0.603759374819711,-0.8112781244591328,2.000000,4,triadic,1
census_n3_W1_S8_C1,census,0,train,3,4,0.6666666666666666,2,2,2,2,2,0,0,1.0,1,2,0.25,1,0,0.8112781244591329,2.8112781243352165,0.021101493570766485,1.0,1.8112781244591327,0.0,0.603759374819711,-0.8112781244591328,2.000000,4,triadic,1
census_n3_W1_S9_C1,census,0,train,3,4,0.6666666666666666,2,2,2,2,2,0,0,1.0,1,2,0.5,0,0,1.239148510140619e-10,0.0,0.028135324761021978,0.3333333333333333,0.0,0.0,0.0,0.0,0.500000,4,triadic,1
census_n3_W1_S10_C1,census,0,train,3,3,0.5,1,2,1,2,1,0,0,1.0,1,2,0.5,1,0,1.0,2.999999999876084,0.014067662380510989,0.0,2.0,0.0,0.6666666666666666,-1.0,0.000000,4,dyadic,0
census_n3_W1_S11_C1,census,0,train,3,4,0.6666666666666666,2,2,2,2,2,0,0,1.0,1,2,0.75,0,0,1.239148510140619e-10,0.0,0.028135324761021978,0.3333333333333333,0.0,0.0,0.0,0.0,0.000000,4,dyadic,0
census_n3_W1_S12_C1,census,0,train,3,3,0.5,1,2,1,2,1,0,0,1.0,1,2,0.5,1,0,1.0,2.999999999876084,0.014067662380510989,0.0,2.0,0.0,0.6666666666666666,-1.0,0.000000,4,dyadic,0
census_n3_W1_S13_C1,census,0,train,3,4,0.6666666666666666,2,2,2,2,2,0,0,1.0,1,2,0.75,0,0,1.239148510140619e-10,0.0,0.028135324761021978,0.23707961647044307,0.0,0.0,0.0,0.0,0.000000,4,dyadic,0
census_n3_W1_S14_C1,census,0,train,3,4,0.6666666666666666,2,2,2,2,2,0,0,1.0,1,2,0.75,0,1,0.8112781244591329,2.811278124335217,0.014067662380510989,0.0,1.8112781244591325,0.0,0.603759374819711,-0.8112781244591329,2.000000,4,triadic,1
census_n3_W1_S15_C1,census,0,train,3,2,0.3333333333333333,1,2,0,2,0,0,0,1.0,1,1,0.0,0,0,1.239148510140619e-10,0.0,0.028135324761021978,0.0,0.0,0.0,0.0,0.0,0.000000,2,dyadic,0
census_n3_W1_S0_C2,census,0,train,3,2,0.3333333333333333,1,2,0,2,0,0,0,1.0,1,1,0.0,0,0,1.2391655086730198e-10,0.0,0.028135324761021978,0.3333333333333333,0.0,0.0,0.0,0.0,0.000000,2,dyadic,0
census_n3_W1_S1_C2,census,0,train,3,4,0.6666666666666666,2,2,2,2,2,0,0,1.0,1,2,0.25,0,0,1.2391655086730198e-10,0.0,0.035169155951277474,0.23707961647044307,0.0,0.0,0.0,0.0,0.000000,4,dyadic,0
census_n3_W1_S2_C2,census,0,train,3,4,0.6666666666666666,2,2,2,2,2,0,0,1.0,1,2,0.25,0,0,0.8112781244591329,2.8112781243352165,0.021101493570766485,0.0,1.8112781244591325,-2.220446049250313e-16,0.603759374819711,-0.8112781244591332,2.000000,4,triadic,1
census_n3_W1_S3_C2,census,0,train,3,3,0.5,1,2,1,2,1,0,0,1.0,1,2,0.5,0,0,1.0,2.999999999876084,0.028135324761021978,0.0,2.0,0.0,0.6666666666666666,-1.0,0.000000,4,dyadic,0
census_n3_W1_S4_C2,census,0,train,3,4,0.6666666666666666,2,2,2,2,2,0,0,1.0,1,2,0.25,0,0,0.8112781244591329,2.8112781243352165,0.04220298714153297,0.3333360000320003,1.8112781244591327,0.0,0.603759374819711,-0.8112781244591329,2.000000,4,triadic,1
census_n3_W1_S5_C2,census,0,train,3,3,0.5,1,2,1,2,1,0,0,1.0,1,2,0.5,0,0,1.0,2.999999999876084,0.04220298714153297,0.3333360000320003,2.0,0.0,0.6666666666666666,-1.0,0.000000,4,dyadic,0
census_n3_W1_S6_C2,census,0,train,3,4,0.6666666666666666,2,2,2,2,2,0,0,1.0,1,2,0.5,0,1,1.2391570094068194e-10,0.0,0.04220298714153297,0.23707961647044304,0.0,0.0,0.0,0.0,0.500000,4,triadic,1
census_n3_W1_S7_C2,census,0,train,3,4,0.6666666666666666,2,2,2,2,2,0,0,1.0,1,2,0.75,0,1,1.2391570094068194e-10,0.0,0.028135324761021978,0.0,0.0,0.0,0.0,0.0,0.000000,4,dyadic,0
census_n3_W1_S8_C2,census,0,train,3,4,0.6666666666666666,2,2,2,2,2,0,0,1.0,1,2,0.25,1,0,1.2391655086730198e-10,0.0,0.021101493570766485,0.0,0.0,0.0,0.0,0.0,0.000000,4,dyadic,0
census_n3_W1_S9_C2,census,0,train,3,4,0.6666666666666666,2,2,2,2,2,0,0,1.0,1,2,0.5,0,0,1.2391655086730198e-10,0.0,0.028135324761021978,0.3333333333333333,0.0,0.0,0.0,0.0,0.500000,4,triadic,1
census_n3_W1_S10_C2,census,0,train,3,3,0.5,1,2,1,2,1,0,0,1.0,1,2,0.5,1,0,1.0,2.999999999876084,0.021101493570766485,0.0,2.0,0.0,0.6666666666666666,-1.0,0.000000,4,dyadic,0
census_n3_W1_S11_C2,census,0,train,3,4,0.6666666666666666,2,2,2,2,2,0,0,1.0,1,2,0.75,0,0,0.8112781244591329,2.811278124335217,0.035169155951277474,1.0,1.8112781244591327,0.0,0.603759374819711,-0.8112781244591329,2.000000,4,triadic,1
census_n3_W1_S12_C2,census,0,train,3,3,0.5,1,2,1,2,1,0,0,1.0,1,2,0.5,1,0,1.0,2.999999999876084,0.04220298714153297,0.3333360000320003,2.0,0.0,0.6666666666666666,-1.0,0.000000,4,dyadic,0
census_n3_W1_S13_C2,census,0,train,3,4,0.6666666666666666,2,2,2,2,2,0,0,1.0,1,2,0.75,0,0,0.8112781244591329,2.811278124335217,0.04220298714153297,0.3333333333333333,1.8112781244591325,-2.220446049250313e-16,0.603759374819711,-0.8112781244591332,2.000000,4,triadic,1
census_n3_W1_S14_C2,census,0,train,3,4,0.6666666666666666,2,2,2,2,2,0,0,1.0,1,2,0.75,0,1,1.2391570094068194e-10,0.0,0.035169155951277474,0.33466933867735466,0.0,0.0,0.0,0.0,0.000000,4,dyadic,0
census_n3_W1_S15_C2,census,0,train,3,2,0.3333333333333333,1,2,0,2,0,0,0,1.0,1,1,0.0,0,0,1.2391570094068194e-10,0.0,0.035169155951277474,0.8042652680198105,0.0,0.0,0.0,0.0,0.000000,2,dyadic,0
census_n3_W1_S0_C3,census,0,train,3,1,0.16666666666666666,1,1,1,0,0,0,0,1.0,1,1,0.5,1,0,1.2391655086730198e-10,0.0,0.028135324761021978,0.3333333333333333,0.0,0.0,0.0,0.0,0.000000,2,dyadic,0
census_n3_W1_S1_C3,census,0,train,3,3,0.5,2,1,2,1,1,0,0,1.0,1,2,0.25,0,0,1.2391655086730198e-10,0.0,0.028135324761021978,0.3333333333333333,0.0,0.0,0.0,0.0,0.000000,4,dyadic,0
census_n3_W1_S2_C3,census,0,train,3,3,0.5,2,1,2,1,1,0,0,1.0,1,2,0.25,0,0,1.2391655086730198e-10,0.0,0.035169155951277474,0.0006680026720106872,0.0,0.0,0.0,0.0,0.000000,4,dyadic,0
census_n3_W1_S3_C3,census,0,train,3,2,0.3333333333333333,1,1,1,1,0,0,0,1.0,1,2,0.5,0,0,1.2391655086730198e-10,0.0,0.035169155951277474,0.6994221294286084,0.0,0.0,0.0,0.0,0.000000,4,dyadic,0
census_n3_W1_S4_C3,census,0,train,3,3,0.5,2,1,2,1,1,0,0,1.0,1,2,0.25,0,0,4.1304737408154324e-11,1.811278124376522,0.04220298714153297,0.029844098735723013,1.8112781244591325,0.0,0.3018796874098555,-4.440892098500626e-16,0.000000,4,dyadic,0
census_n3_W1_S5_C3,census,0,train,3,2,0.3333333333333333,1,1,1,1,1,0,0,1.0,1,1,0.5,1,0,4.1304737408154324e-11,1.999999999917389,0.04220298714153297,0.029844098735723013,2.0,0.0,0.3333333333333333,0.0,0.000000,4,dyadic,0
census_n3_W1_S6_C3,census,0,train,3,3,0.5,2,1,2,1,1,0,0,1.0,1,2,0.5,0,1,4.1304737408154324e-11,1.999999999917389,0.04220298714153297,0.0,2.0,0.0,0.3333333333333333,0.0,0.000000,4,dyadic,0
census_n3_W1_S7_C3,census,0,train,3,3,0.5,2,1,2,1,1,0,0,1.0,1,2,0.75,0,1,4.1304737408154324e-11,1.8112781243765224,0.04220298714153297,0.0,1.8112781244591327,0.0,0.3018796874098555,-1.1102230246251565e-16,0.000000,4,dyadic,0
census_n3_W1_S8_C3,census,0,train,3,3,0.5,2,1,2,1,1,0,0,1.0,1,2,0.25,1,0,4.1304737408154324e-11,1.811278124376522,0.028135324761021978,0.3333333333333333,1.8112781244591327,0.0,0.3018796874098555,-1.1102230246251565e-16,0.000000,4,dyadic,0
census_n3_W1_S9_C3,census,0,train,3,3,0.5,2,1,2,1,1,0,0,1.0,1,2,0.5,0,0,4.1304737408154324e-11,1.999999999917389,0.028135324761021978,0.3333333333333333,2.0,0.0,0.3333333333333333,0.0,0.000000,4,dyadic,0
census_n3_W1_S10_C3,census,0,train,3,2,0.3333333333333333,1,1,1,1,1,0,0,1.0,1,1,0.5,1,0,4.1304737408154324e-11,1.999999999917389,0.028135324761021978,0.0,2.0,0.0,0.3333333333333333,0.0,0.000000,4,dyadic,0
census_n3_W1_S11_C3,census,0,train,3,3,0.5,2,1,2,1,1,0,0,1.0,1,2,0.75,0,0,4.1304737408154324e-11,1.8112781243765224,0.028135324761021978,0.3333333333333333,1.8112781244591325,0.0,0.3018796874098555,-4.440892098500626e-16,0.000000,4,dyadic,0
census_n3_W1_S12_C3,census,0,train,3,2,0.3333333333333333,1,1,1,1,0,0,0,1.0,1,2,0.5,1,0,1.239148510140619e-10,0.0,0.028135324761021978,0.6994221294286084,0.0,0.0,0.0,0.0,0.000000,4,dyadic,0
census_n3_W1_S13_C3,census,0,train,3,3,0.5,2,1,2,1,1,0,0,1.0,1,2,0.75,0,0,1.239148510140619e-10,0.0,0.028135324761021978,0.0006680026720106883,0.0,0.0,0.0,0.0,0.000000,4,dyadic,0
census_n3_W1_S14_C3,census,0,train,3,3,0.5,2,1,2,1,1,0,0,1.0,1,2,0.75,0,1,1.239148510140619e-10,0.0,0.028135324761021978,0.0006680026720106883,0.0,0.0,0.0,0.0,0.000000,4,dyadic,0
census_n3_W1_S15_C3,census,0,train,3,1,0.16666666666666666,1,1,1,0,0,0,0,1.0,1,1,0.5,1,0,1.239148510140619e-10,0.0,0.028135324761021978,0.23546596734323863,0.0,0.0,0.0,0.0,0.000000,2,dyadic,0
census_n3_W2_S0_C0,census,0,train,3,1,0.16666666666666666,1,1,1,0,0,0,0,1.0,1,1,0.5,0,0,1.2391655086730198e-10,0.0,0.035169155951277474,0.3333333333333333,0.0,0.0,0.0,0.0,0.000000,2,dyadic,0
census_n3_W2_S1_C0,census,0,train,3,3,0.5,2,1,2,1,1,0,0,1.0,1,2,0.25,0,0,4.1305625586574024e-11,1.8112781243765221,0.028135324761021978,0.0,1.8112781244591325,0.0,0.3018796874098555,-4.440892098500626e-16,0.000000,4,dyadic,0
census_n3_W2_S2_C0,census,0,train,3,3,0.5,2,1,2,1,1,0,0,1.0,1,2,0.25,0,0,4.1305625586574024e-11,1.8112781243765221,0.049236818331788466,0.031117873438695747,1.8112781244591327,0.0,0.3018796874098555,-1.1102230246251565e-16,0.000000,4,dyadic,0
census_n3_W2_S3_C0,census,0,train,3,2,0.3333333333333333,1,1,1,1,0,0,0,1.0,1,2,0.5,0,0,1.2391655086730198e-10,0.0,0.035169155951277474,0.23707961647044304,0.0,0.0,0.0,0.0,0.000000,4,dyadic,0
census_n3_W2_S4_C0,census,0,train,3,3,0.5,2,1,2,1,1,0,0,1.0,1,2,0.25,0,0,1.2391655086730198e-10,0.0,0.028135324761021978,0.0,0.0,0.0,0.0,0.0,0.000000,4,dyadic,0
census_n3_W2_S5_C0,census,0,train,3,2,0.3333333333333333,1,1,1,1,1,0,0,1.0,1,1,0.5,0,0,4.1305625586574024e-11,1.999999999917389,0.028135324761021978,0.3333333333333333,2.0,0.0,0.3333333333333333,0.0,0.000000,4,dyadic,0
census_n3_W2_S6_C0,census,0,train,3,3,0.5,2,1,2,1,1,0,0,1.0,1,2,0.5,0,1,4.1305625586574024e-11,1.999999999917389,0.04220298714153297,0.0,2.0,0.0,0.3333333333333333,0.0,0.000000,4,dyadic,0
census_n3_W2_S7_C0,census,0,train,3,3,0.5,2,1,2,1,1,0,0,1.0,1,2,0.75,0,1,1.2391655086730198e-10,0.0,0.035169155951277474,0.0006680026720106877,0.0,0.0,0.0,0.0,0.000000,4,dyadic,0
census_n3_W2_S8_C0,census,0,train,3,3,0.5,2,1,2,1,1,0,0,1.0,1,2,0.25,1,0,1.2391655086730198e-10,0.0,0.028135324761021978,0.0,0.0,0.0,0.0,0.0,0.000000,4,dyadic,0
census_n3_W2_S9_C0,census,0,train,3,3,0.5,2,1,2,1,1,0,0,1.0,1,2,0.5,0,0,4.1305625586574024e-11,1.999999999917389,0.04220298714153297,0.36178718547044014,2.0,0.0,0.3333333333333333,0.0,0.000000,4,dyadic,0
census_n3_W2_S10_C0,census,0,train,3,2,0.3333333333333333,1,1,1,1,1,0,0,1.0,1,1,0.5,0,0,4.1305625586574024e-11,1.999999999917389,0.049236818331788466,0.029844098735723013,2.0,0.0,0.3333333333333333,0.0,0.000000,4,dyadic,0
census_n3_W2_S11_C0,census,0,train,3,3,0.5,2,1,2,1,1,0,0,1.0,1,2,0.75,0,0,1.2391655086730198e-10,0.0,0.028135324761021978,0.0,0.0,0.0,0.0,0.0,0.000000,4,dyadic,0
census_n3_W2_S12_C0,census,0,train,3,2,0.3333333333333333,1,1,1,1,0,0,0,1.0,1,2,0.5,1,0,1.2391655086730198e-10,0.0,0.04220298714153297,0.002004008016032063,0.0,0.0,0.0,0.0,0.000000,4,dyadic,0
census_n3_W2_S13_C0,census,0,train,3,3,0.5,2,1,2,1,1,0,0,1.0,1,2,0.75,0,0,4.1305625586574024e-11,1.8112781243765224,0.028135324761021978,0.3333333333333333,1.8112781244591327,0.0,0.3018796874098555,-1.1102230246251565e-16,0.000000,4,dyadic,0
census_n3_W2_S14_C0,census,0,train,3,3,0.5,2,1,2,1,1,0,0,1.0,1,2,0.75,0,1,4.1305625586574024e-11,1.8112781243765224,0.04220298714153297,0.0,1.8112781244591325,0.0,0.3018796874098555,-4.440892098500626e-16,0.000000,4,dyadic,0
census_n3_W2_S15_C0,census,0,train,3,1,0.16666666666666666,1,1,1,0,0,0,0,1.0,1,1,0.5,0,0,1.2391655086730198e-10,0.0,0.028135324761021978,0.3333333333333333,0.0,0.0,0.0,0.0,0.000000,2,dyadic,0
census_n3_W2_S0_C1,census,0,train,3,2,0.3333333333333333,1,2,0,2,0,0,0,1.0,1,1,0.0,0,0,1.2391655086730198e-10,0.0,0.028135324761021978,0.0,0.0,0.0,0.0,0.0,0.000000,2,dyadic,0
census_n3_W2_S1_C1,census,0,train,3,4,0.6666666666666666,2,2,2,2,2,0,0,1.0,1,2,0.25,0,0,1.2391655086730198e-10,0.0,0.04220298714153297,0.7097815848214156,0.0,0.0,0.0,0.0,0.000000,4,dyadic,0
census_n3_W2_S2_C1,census,0,train,3,4,0.6666666666666666,2,2,2,2,2,0,0,1.0,1,2,0.25,0,0,0.8112781244591329,2.8112781243352165,0.028135324761021978,0.3333360000320003,1.8112781244591325,-2.220446049250313e-16,0.603759374819711,-0.8112781244591332,2.000000,4,triadic,1
census_n3_W2_S3_C1,census,0,train,3,3,0.5,1,2,1,2,1,0,0,1.0,1,2,0.5,0,0,1.0,2.999999999876084,0.035169155951277474,0.3333360000320003,2.0,0.0,0.6666666666666666,-1.0,0.000000,4,dyadic,0
census_n3_W2_S4_C1,census,0,train,3,4,0.6666666666666666,2,2,2,2,2,0,0,1.0,1,2,0.25,0,0,0.8112781244591329,2.8112781243352165,0.028135324761021978,0.0,1.8112781244591327,0.0,0.603759374819711,-0.8112781244591329,2.000000,4,triadic,1
census_n3_W2_S5_C1,census,0,train,3,3,0.5,1,2,1,2,1,0,0,1.0,1,2,0.5,0,0,1.0,2.999999999876084,0.035169155951277474,0.9973386453970781,2.0,0.0,0.6666666666666666,-1.0,0.000000,4,dyadic,0
census_n3_W2_S6_C1,census,0,train,3,4,0.6666666666666666,2,2,2,2,2,0,0,1.0,1,2,0.5,0,1,1.2391570094068194e-10,0.0,0.035169155951277474,0.3333333333333333,0.0,0.0,0.0,0.0,0.500000,4,triadic,1
census_n3_W2_S7_C1,census,0,train,3,4,0.6666666666666666,2,2,2,2,2,0,0,1.0,1,2,0.75,0,1,1.2391570094068194e-10,0.0,0.035169155951277474,0.33466933867735466,0.0,0.0,0.0,0.0,0.000000,4,dyadic,0
census_n3_W2_S8_C1,census,0,train,3,4,0.6666666666666666,2,2,2,2,2,0,0,1.0,1,2,0.25,1,0,1.2391655086730198e-10,0.0,0.035169155951277474,0.3333333333333333,0.0,0.0,0.0,0.0,0.000000,4,dyadic,0
census_n3_W2_S9_C1,census,0,train,3,4,0.6666666666666666,2,2,2,2,2,0,0,1.0,1,2,0.5,0,0,1.2391655086730198e-10,0.0,0.035169155951277474,0.33466933867735466,0.0,0.0,0.0,0.0,0.500000,4,triadic,1
census_n3_W2_S10_C1,census,0,train,3,3,0.5,1,2,1,2,1,0,0,1.0,1,2,0.5,1,0,1.0,2.999999999876084,0.028135324761021978,0.3333333333333333,2.0,0.0,0.6666666666666666,-1.0,0.000000,4,dyadic,0
census_n3_W2_S11_C1,census,0,train,3,4,0.6666666666666666,2,2,2,2,2,0,0,1.0,1,2,0.75,0,0,0.8112781244591329,2.811278124335217,0.028135324761021978,0.3333333333333333,1.8112781244591327,0.0,0.603759374819711,-0.8112781244591329,2.000000,4,triadic,1
census_n3_W2_S12_C1,census,0,train,3,3,0.5,1,2,1,2,1,0,0,1.0,1,2,0.5,1,0,1.0,2.999999999876084,0.035169155951277474,0.9973386453970781,2.0,0.0,0.6666666666666666,-1.0,0.000000,4,dyadic,0
census_n3_W2_S13_C1,census,0,train,3,4,0.6666666666666666,2,2,2,2,2,0,0,1.0,1,2,0.75,0,0,0.8112781244591329,2.811278124335217,0.028135324761021978,0.0,1.8112781244591325,-2.220446049250313e-16,0.603759374819711,-0.8112781244591332,2.000000,4,triadic,1
census_n3_W2_S14_C1,census,0,train,3,4,0.6666666666666666,2,2,2,2,2,0,0,1.0,1,2,0.75,0,1,1.2391570094068194e-10,0.0,0.035169155951277474,0.33466933867735466,0.0,0.0,0.0,0.0,0.000000,4,dyadic,0
census_n3_W2_S15_C1,census,0,train,3,2,0.3333333333333333,1,2,0,2,0,0,0,1.0,1,1,0.0,0,0,1.2391570094068194e-10,0.0,0.035169155951277474,0.0,0.0,0.0,0.0,0.0,0.000000,2,dyadic,0
census_n3_W2_S0_C2,census,0,train,3,2,0.3333333333333333,1,2,0,2,0,0,0,1.0,1,1,0.0,0,0,1.2391570094068194e-10,0.0,0.035169155951277474,0.47159993735848804,0.0,0.0,0.0,0.0,0.000000,2,dyadic,0
census_n3_W2_S1_C2,census,0,train,3,4,0.6666666666666666,2,2,2,2,2,0,0,1.0,1,2,0.25,0,0,0.8112781244591329,2.8112781243352165,0.035169155951277474,0.9973386453970781,1.8112781244591325,0.0,0.603759374819711,-0.8112781244591329,2.000000,4,triadic,1
census_n3_W2_S2_C2,census,0,train,3,4,0.6666666666666666,2,2,2,2,2,0,0,1.0,1,2,0.25,0,0,1.2391570094068194e-10,0.0,0.04220298714153297,0.4715999373584879,0.0,0.0,0.0,0.0,0.000000,4,dyadic,0
census_n3_W2_S3_C2,census,0,train,3,3,0.5,1,2,1,2,1,0,0,1.0,1,2,0.5,0,0,1.0,2.999999999876084,0.028135324761021978,1.0,2.0,0.0,0.6666666666666666,-1.0,0.000000,4,dyadic,0
census_n3_W2_S4_C2,census,0,train,3,4,0.6666666666666666,2,2,2,2,2,0,0,1.0,1,2,0.25,0,0,1.2391570094068194e-10,0.0,0.04220298714153297,0.23707961647044304,0.0,0.0,0.0,0.0,0.000000,4,dyadic,0
census_n3_W2_S5_C2,census,0,train,3,3,0.5,1,2,1,2,1,0,0,1.0,1,2,0.5,0,0,1.0,2.999999999876084,0.035169155951277474,0.0,2.0,0.0,0.6666666666666666,-1.0,0.000000,4,dyadic,0
census_n3_W2_S6_C2,census,0,train,3,4,0.6666666666666666,2,2,2,2,2,0,0,1.0,1,2,0.5,0,1,1.2391570094068194e-10,0.0,0.04220298714153297,0.8042652680198105,0.0,0.0,0.0,0.0,0.500000,4,triadic,1
census_n3_W2_S7_C2,census,0,train,3,4,0.6666666666666666,2,2,2,2,2,0,0,1.0,1,2,0.75,0,1,0.8112781244591329,2.811278124335217,0.028135324761021978,1.0,1.8112781244591327,0.0,0.603759374819711,-0.8112781244591328,2.000000,4,triadic,1
census_n3_W2_S8_C2,census,0,train,3,4,0.6666666666666666,2,2,2,2,2,0,0,1.0,1,2,0.25,1,0,0.8112781244591329,2.8112781243352165,0.04220298714153297,0.3333333333333333,1.8112781244591327,0.0,0.603759374819711,-0.8112781244591328,2.000000,4,triadic,1
census_n3_W2_S9_C2,census,0,train,3,4,0.6666666666666666,2,2,2,2,2,0,0,1.0,1,2,0.5,0,0,1.2391655086730198e-10,0.0,0.028135324761021978,0.0,0.0,0.0,0.0,0.0,0.500000,4,triadic,1
census_n3_W2_S10_C2,census,0,train,3,3,0.5,1,2,1,2,1,0,0,1.0,1,2,0.5,1,0,1.0,2.999999999876084,0.049236818331788466,0.3333360000320003,2.0,0.0,0.6666666666666666,-1.0,0.000000,4,dyadic,0
census_n3_W2_S11_C2,census,0,train,3,4,0.6666666666666666,2,2,2,2,2,0,0,1.0,1,2,0.75,0,0,1.2391655086730198e-10,0.0,0.028135324761021978,0.0,0.0,0.0,0.0,0.0,0.000000,4,dyadic,0
census_n3_W2_S12_C2,census,0,train,3,3,0.5,1,2,1,2,1,0,0,1.0,1,2,0.5,1,0,1.0,2.999999999876084,0.04220298714153297,0.3333333333333333,2.0,0.0,0.6666666666666666,-1.0,0.000000,4,dyadic,0
census_n3_W2_S13_C2,census,0,train,3,4,0.6666666666666666,2,2,2,2,2,0,0,1.0,1,2,0.75,0,0,1.2391655086730198e-10,0.0,0.04220298714153297,0.8042652680198105,0.0,0.0,0.0,0.0,0.000000,4,dyadic,0
census_n3_W2_S14_C2,census,0,train,3,4,0.6666666666666666,2,2,2,2,2,0,0,1.0,1,2,0.75,0,1,0.8112781244591329,2.811278124335217,0.049236818331788466,0.3333333333333333,1.8112781244591325,0.0,0.603759374819711,-0.8112781244591329,2.000000,4,triadic,1
census_n3_W2_S15_C2,census,0,train,3,2,0.3333333333333333,1,2,0,2,0,0,0,1.0,1,1,0.0,0,0,1.2391655086730198e-10,0.0,0.028135324761021978,0.0,0.0,0.0,0.0,0.0,0.000000,2,dyadic,0
census_n3_W2_S0_C3,census,0,train,3,1,0.16666666666666666,1,1,1,0,0,0,0,1.0,1,1,0.5,0,0,1.2391570094068194e-10,0.0,0.035169155951277474,0.23546596734323863,0.0,0.0,0.0,0.0,0.000000,2,dyadic,0
census_n3_W2_S1_C3,census,0,train,3,3,0.5,2,1,2,1,1,0,0,1.0,1,2,0.25,0,0,1.2391570094068194e-10,0.0,0.035169155951277474,0.0006680026720106877,0.0,0.0,0.0,0.0,0.000000,4,dyadic,0
census_n3_W2_S2_C3,census,0,train,3,3,0.5,2,1,2,1,1,0,0,1.0,1,2,0.25,0,0,1.2391570094068194e-10,0.0,0.035169155951277474,0.23546596734323863,0.0,0.0,0.0,0.0,0.000000,4,dyadic,0
census_n3_W2_S3_C3,census,0,train,3,2,0.3333333333333333,1,1,1,1,0,0,0,1.0,1,2,0.5,0,0,1.2391570094068194e-10,0.0,0.035169155951277474,0.0006680026720106877,0.0,0.0,0.0,0.0,0.000000,4,dyadic,0
census_n3_W2_S4_C3,census,0,train,3,3,0.5,2,1,2,1,1,0,0,1.0,1,2,0.25,0,0,4.1304737408154324e-11,1.811278124376522,0.035169155951277474,0.0,1.8112781244591325,0.0,0.3018796874098555,-4.440892098500626e-16,0.000000,4,dyadic,0
census_n3_W2_S5_C3,census,0,train,3,2,0.3333333333333333,1,1,1,1,1,0,0,1.0,1,1,0.5,0,0,4.1304737408154324e-11,1.999999999917389,0.028135324761021978,0.0,2.0,0.0,0.3333333333333333,0.0,0.000000,4,dyadic,0
census_n3_W2_S6_C3,census,0,train,3,3,0.5,2,1,2,1,1,0,0,1.0,1,2,0.5,0,1,4.1304737408154324e-11,1.999999999917389,0.028135324761021978,0.0,2.0,0.0,0.3333333333333333,0.0,0.000000,4,dyadic,0
census_n3_W2_S7_C3,census,0,train,3,3,0.5,2,1,2,1,1,0,0,1.0,1,2,0.75,0,1,4.1304737408154324e-11,1.8112781243765224,0.028135324761021978,0.3333333333333333,1.8112781244591327,0.0,0.3018796874098555,-1.1102230246251565e-16,0.000000,4,dyadic,0
census_n3_W2_S8_C3,census,0,train,3,3,0.5,2,1,2,1,1,0,0,1.0,1,2,0.25,1,0,4.1304737408154324e-11,1.811278124376522,0.056270649522043956,0.031117873438695747,1.8112781244591327,0.0,0.3018796874098555,-1.1102230246251565e-16,0.000000,4,dyadic,0
census_n3_W2_S9_C3,census,0,train,3,3,0.5,2,1,2,1,1,0,0,1.0,1,2,0.5,0,0,4.1304737408154324e-11,1.999999999917389,0.04220298714153297,0.031117873438695747,2.0,0.0,0.3333333333333333,0.0,0.000000,4,dyadic,0
census_n3_W2_S10_C3,census,0,train,3,2,0.3333333333333333,1,1,1,1,1,0,0,1.0,1,1,0.5,0,0,4.1304737408154324e-11,1.999999999917389,0.04220298714153297,0.0,2.0,0.0,0.3333333333333333,0.0,0.000000,4,dyadic,0
census_n3_W2_S11_C3,census,0,train,3,3,0.5,2,1,2,1,1,0,0,1.0,1,2,0.75,0,0,4.1304737408154324e-11,1.8112781243765224,0.049236818331788466,0.029844098735723013,1.8112781244591325,0.0,0.3018796874098555,-4.440892098500626e-16,0.000000,4,dyadic,0
census_n3_W2_S12_C3,census,0,train,3,2,0.3333333333333333,1,1,1,1,0,0,0,1.0,1,2,0.5,1,0,1.2391570094068194e-10,0.0,0.035169155951277474,0.23707961647044304,0.0,0.0,0.0,0.0,0.000000,4,dyadic,0
census_n3_W2_S13_C3,census,0,train,3,3,0.5,2,1,2,1,1,0,0,1.0,1,2,0.75,0,0,1.2391570094068194e-10,0.0,0.028135324761021978,0.0,0.0,0.0,0.0,0.0,0.000000,4,dyadic,0
census_n3_W2_S14_C3,census,0,train,3,3,0.5,2,1,2,1,1,0,0,1.0,1,2,0.75,0,1,1.2391570094068194e-10,0.0,0.035169155951277474,0.3333333333333333,0.0,0.0,0.0,0.0,0.000000,4,dyadic,0
census_n3_W2_S15_C3,census,0,train,3,1,0.16666666666666666,1,1,1,0,0,0,0,1.0,1,1,0.5,0,0,1.2391570094068194e-10,0.0,0.028135324761021978,0.0,0.0,0.0,0.0,0.0,0.000000,2,dyadic,0
census_n3_W3_S0_C0,census,0,train,3,0,0.0,0,0,0,0,0,0,0,0.0,0,0,0.0,0,0,1.2391655086730198e-10,0.0,0.028135324761021978,0.0,0.0,0.0,0.0,0.0,0.000000,1,dyadic,0
census_n3_W3_S1_C0,census,0,train,3,2,0.3333333333333333,2,1,2,0,0,0,0,1.0,1,1,0.25,0,0,1.2391655086730198e-10,0.0,0.035169155951277474,0.3333333333333333,0.0,0.0,0.0,0.0,0.000000,2,dyadic,0
census_n3_W3_S2_C0,census,0,train,3,2,0.3333333333333333,2,1,2,0,0,0,0,1.0,1,1,0.25,0,0,1.2391570094068194e-10,0.0,0.035169155951277474,0.0006680026720106877,0.0,0.0,0.0,0.0,0.000000,2,dyadic,0
census_n3_W3_S3_C0,census,0,train,3,1,0.16666666666666666,1,1,1,0,0,0,0,1.0,1,1,0.5,0,0,1.2391570094068194e-10,0.0,0.035169155951277474,0.0006680026720106877,0.0,0.0,0.0,0.0,0.000000,2,dyadic,0
census_n3_W3_S4_C0,census,0,train,3,2,0.3333333333333333,2,1,2,0,0,0,0,1.0,1,1,0.25,0,0,1.2391655086730198e-10,0.0,0.028135324761021978,0.3333333333333333,0.0,0.0,0.0,0.0,0.000000,2,dyadic,0
census_n3_W3_S5_C0,census,0,train,3,1,0.16666666666666666,1,1,0,1,0,0,0,1.0,1,1,0.0,0,0,1.2391655086730198e-10,0.0,0.028135324761021978,0.3333333333333333,0.0,0.0,0.0,0.0,0.000000,2,dyadic,0
census_n3_W3_S6_C0,census,0,train,3,2,0.3333333333333333,2,1,2,0,0,0,0,1.0,1,1,0.5,0,1,1.2391570094068194e-10,0.0,0.028135324761021978,0.3333333333333333,0.0,0.0,0.0,0.0,0.000000,2,dyadic,0
census_n3_W3_S7_C0,census,0,train,3,2,0.3333333333333333,2,1,2,0,0,0,0,1.0,1,1,0.75,0,1,1.2391570094068194e-10,0.0,0.035169155951277474,0.0,0.0,0.0,0.0,0.0,0.000000,2,dyadic,0
census_n3_W3_S8_C0,census,0,train,3,2,0.3333333333333333,2,1,2,0,0,0,0,1.0,1,1,0.25,1,0,1.2391655086730198e-10,0.0,0.028135324761021978,0.0,0.0,0.0,0.0,0.0,0.000000,2,dyadic,0
census_n3_W3_S9_C0,census,0,train,3,2,0.3333333333333333,2,1,2,0,0,0,0,1.0,1,1,0.5,0,0,1.2391655086730198e-10,0.0,0.035169155951277474,0.9999999999999999,0.0,0.0,0.0,0.0,0.000000,2,dyadic,0
census_n3_W3_S10_C0,census,0,train,3,1,0.16666666666666666,1,1,0,1,0,0,0,1.0,1,1,0.0,0,0,1.2391570094068194e-10,0.0,0.035169155951277474,0.8042652680198105,0.0,0.0,0.0,0.0,0.000000,2,dyadic,0
census_n3_W3_S11_C0,census,0,train,3,2,0.3333333333333333,2,1,2,0,0,0,0,1.0,1,1,0.75,0,0,1.2391570094068194e-10,0.0,0.035169155951277474,0.8042652680198105,0.0,0.0,0.0,0.0,0.000000,2,dyadic,0
census_n3_W3_S12_C0,census,0,train,3,1,0.16666666666666666,1,1,1,0,0,0,0,1.0,1,1,0.5,1,0,1.2391655086730198e-10,0.0,0.028135324761021978,0.23546596734323863,0.0,0.0,0.0,0.0,0.000000,2,dyadic,0
census_n3_W3_S13_C0,census,0,train,3,2,0.3333333333333333,2,1,2,0,0,0,0,1.0,1,1,0.75,0,0,1.2391655086730198e-10,0.0,0.028135324761021978,0.0,0.0,0.0,0.0,0.0,0.000000,2,dyadic,0
census_n3_W3_S14_C0,census,0,train,3,2,0.3333333333333333,2,1,2,0,0,0,0,1.0,1,1,0.75,0,1,1.2391570094068194e-10,0.0,0.035169155951277474,0.3333333333333333,0.0,0.0,0.0,0.0,0.000000,2,dyadic,0
census_n3_W3_S15_C0,census,0,train,3,0,0.0,0,0,0,0,0,0,0,0.0,0,0,0.0,0,0,1.2391570094068194e-10,0.0,0.021101493570766485,0.0,0.0,0.0,0.0,0.0,0.000000,1,dyadic,0
census_n3_W3_S0_C1,census,0,train,3,1,0.16666666666666666,1,1,0,1,0,0,0,1.0,1,1,0.0,0,0,1.2391655086730198e-10,0.0,0.035169155951277474,0.3333333333333333,0.0,0.0,0.0,0.0,0.000000,2,dyadic,0
census_n3_W3_S1_C1,census,0,train,3,3,0.5,2,1,2,1,1,0,0,1.0,1,2,0.25,0,0,1.2391655086730198e-10,0.0,0.035169155951277474,0.8042652680198105,0.0,0.0,0.0,0.0,0.000000,4,dyadic,0
census_n3_W3_S2_C1,census,0,train,3,3,0.5,2,1,2,1,1,0,0,1.0,1,2,0.25,0,0,4.1304737408154324e-11,1.8112781243765217,0.035169155951277474,0.0,1.8112781244591325,0.0,0.3018796874098555,-4.440892098500626e-16,0.000000,4,dyadic,0
census_n3_W3_S3_C1,census,0,train,3,2,0.3333333333333333,1,1,1,1,1,0,0,1.0,1,1,0.5,0,0,4.1304737408154324e-11,1.999999999917389,0.049236818331788466,0.0,2.0,0.0,0.3333333333333333,0.0,0.000000,4,dyadic,0
census_n3_W3_S4_C1,census,0,train,3,3,0.5,2,1,2,1,1,0,0,1.0,1,2,0.25,0,0,1.2391655086730198e-10,0.0,0.035169155951277474,0.0,0.0,0.0,0.0,0.0,0.000000,4,dyadic,0
census_n3_W3_S5_C1,census,0,train,3,2,0.3333333333333333,1,1,1,1,0,0,0,1.0,1,2,0.5,0,0,1.2391655086730198e-10,0.0,0.04220298714153297,0.002004008016032063,0.0,0.0,0.0,0.0,0.000000,4,dyadic,0
census_n3_W3_S6_C1,census,0,train,3,3,0.5,2,1,2,1,1,0,0,1.0,1,2,0.5,0,1,4.1304737408154324e-11,1.999999999917389,0.035169155951277474,0.0,2.0,0.0,0.3333333333333333,0.0,0.000000,4,dyadic,0
census_n3_W3_S7_C1,census,0,train,3,3,0.5,2,1,2,1,1,0,0,1.0,1,2,0.75,0,1,4.1304737408154324e-11,1.8112781243765221,0.04220298714153297,0.02984409873572301,1.8112781244591327,0.0,0.3018796874098555,-1.1102230246251565e-16,0.000000,4,dyadic,0
census_n3_W3_S8_C1,census,0,train,3,3,0.5,2,1,2,1,1,0,0,1.0,1,2,0.25,1,0,4.1304737408154324e-11,1.8112781243765217,0.021101493570766485,0.0,1.8112781244591327,0.0,0.3018796874098555,-1.1102230246251565e-16,0.000000,4,dyadic,0
census_n3_W3_S9_C1,census,0,train,3,3,0.5,2,1,2,1,1,0,0,1.0,1,2,0.5,0,0,4.1304737408154324e-11,1.999999999917389,0.028135324761021978,0.3333333333333333,2.0,0.0,0.3333333333333333,0.0,0.000000,4,dyadic,0
census_n3_W3_S10_C1,census,0,train,3,2,0.3333333333333333,1,1,1,1,0,0,0,1.0,1,2,0.5,1,0,1.239148510140619e-10,0.0,0.028135324761021978,0.0,0.0,0.0,0.0,0.0,0.000000,4,dyadic,0
census_n3_W3_S11_C1,census,0,train,3,3,0.5,2,1,2,1,1,0,0,1.0,1,2,0.75,0,0,1.239148510140619e-10,0.0,0.035169155951277474,0.4024089364222609,0.0,0.0,0.0,0.0,0.000000,4,dyadic,0
census_n3_W3_S12_C1,census,0,train,3,2,0.3333333333333333,1,1,1,1,1,0,0,1.0,1,1,0.5,1,0,4.1304737408154324e-11,1.999999999917389,0.035169155951277474,0.3333333333333333,2.0,0.0,0.3333333333333333,0.0,0.000000,4,dyadic,0
census_n3_W3_S13_C1,census,0,train,3,3,0.5,2,1,2,1,1,0,0,1.0,1,2,0.75,0,0,4.1304737408154324e-11,1.8112781243765221,0.035169155951277474,0.3333333333333333,1.8112781244591325,0.0,0.3018796874098555,-4.440892098500626e-16,0.000000,4,dyadic,0
census_n3_W3_S14_C1,census,0,train,3,3,0.5,2,1,2,1,1,0,0,1.0,1,2,0.75,0,1,1.239148510140619e-10,0.0,0.035169155951277474,0.23707961647044307,0.0,0.0,0.0,0.0,0.000000,4,dyadic,0
census_n3_W3_S15_C1,census,0,train,3,1,0.16666666666666666,1,1,0,1,0,0,0,1.0,1,1,0.0,0,0,1.239148510140619e-10,0.0,0.035169155951277474,0.0006680026720106883,0.0,0.0,0.0,0.0,0.000000,2,dyadic,0
census_n3_W3_S0_C2,census,0,train,3,1,0.16666666666666666,1,1,0,1,0,0,0,1.0,1,1,0.0,0,0,1.2391570094068194e-10,0.0,0.035169155951277474,0.0,0.0,0.0,0.0,0.0,0.000000,2,dyadic,0
census_n3_W3_S1_C2,census,0,train,3,3,0.5,2,1,2,1,1,0,0,1.0,1,2,0.25,0,0,1.2391570094068194e-10,0.0,0.04220298714153297,0.23707961647044307,0.0,0.0,0.0,0.0,0.000000,4,dyadic,0
census_n3_W3_S2_C2,census,0,train,3,3,0.5,2,1,2,1,1,0,0,1.0,1,2,0.25,0,0,4.1304737408154324e-11,1.8112781243765217,0.028135324761021978,0.3333333333333333,1.8112781244591325,0.0,0.3018796874098555,-4.440892098500626e-16,0.000000,4,dyadic,0
census_n3_W3_S3_C2,census,0,train,3,2,0.3333333333333333,1,1,1,1,1,0,0,1.0,1,1,0.5,0,0,4.1304737408154324e-11,1.999999999917389,0.028135324761021978,0.0,2.0,0.0,0.3333333333333333,0.0,0.000000,4,dyadic,0
census_n3_W3_S4_C2,census,0,train,3,3,0.5,2,1,2,1,1,0,0,1.0,1,2,0.25,0,0,1.2391570094068194e-10,0.0,0.028135324761021978,0.0,0.0,0.0,0.0,0.0,0.000000,4,dyadic,0
census_n3_W3_S5_C2,census,0,train,3,2,0.3333333333333333,1,1,1,1,0,0,0,1.0,1,2,0.5,0,0,1.2391570094068194e-10,0.0,0.04220298714153297,0.4024089364222609,0.0,0.0,0.0,0.0,0.000000,4,dyadic,0
census_n3_W3_S6_C2,census,0,train,3,3,0.5,2,1,2,1,1,0,0,1.0,1,2,0.5,0,1,4.1304737408154324e-11,1.999999999917389,0.028135324761021978,0.0,2.0,0.0,0.3333333333333333,0.0,0.000000,4,dyadic,0
census_n3_W3_S7_C2,census,0,train,3,3,0.5,2,1,2,1,1,0,0,1.0,1,2,0.75,0,1,4.1304737408154324e-11,1.8112781243765221,0.028135324761021978,0.36317743206905634,1.8112781244591327,0.0,0.3018796874098555,-1.1102230246251565e-16,0.000000,4,dyadic,0
census_n3_W3_S8_C2,census,0,train,3,3,0.5,2,1,2,1,1,0,0,1.0,1,2,0.25,1,0,4.1304737408154324e-11,1.8112781243765217,0.04220298714153297,0.0,1.8112781244591327,0.0,0.3018796874098555,-1.1102230246251565e-16,0.000000,4,dyadic,0
census_n3_W3_S9_C2,census,0,train,3,3,0.5,2,1,2,1,1,0,0,1.0,1,2,0.5,0,0,4.1304737408154324e-11,1.999999999917389,0.04220298714153297,0.0,2.0,0.0,0.3333333333333333,0.0,0.000000,4,dyadic,0
census_n3_W3_S10_C2,census,0,train,3,2,0.3333333333333333,1,1,1,1,0,0,0,1.0,1,2,0.5,1,0,1.2391570094068194e-10,0.0,0.04220298714153297,0.23707961647044307,0.0,0.0,0.0,0.0,0.000000,4,dyadic,0
census_n3_W3_S11_C2,census,0,train,3,3,0.5,2,1,2,1,1,0,0,1.0,1,2,0.75,0,0,1.2391570094068194e-10,0.0,0.04220298714153297,0.23707961647044307,0.0,0.0,0.0,0.0,0.000000,4,dyadic,0
census_n3_W3_S12_C2,census,0,train,3,2,0.3333333333333333,1,1,1,1,1,0,0,1.0,1,1,0.5,1,0,4.1304737408154324e-11,1.999999999917389,0.04220298714153297,0.0,2.0,0.0,0.3333333333333333,0.0,0.000000,4,dyadic,0
census_n3_W3_S13_C2,census,0,train,3,3,0.5,2,1,2,1,1,0,0,1.0,1,2,0.75,0,0,4.1304737408154324e-11,1.8112781243765221,0.04220298714153297,0.02984409873572301,1.8112781244591325,0.0,0.3018796874098555,-4.440892098500626e-16,0.000000,4,dyadic,0
census_n3_W3_S14_C2,census,0,train,3,3,0.5,2,1,2,1,1,0,0,1.0,1,2,0.75,0,1,1.2391570094068194e-10,0.0,0.021101493570766485,0.0,0.0,0.0,0.0,0.0,0.000000,4,dyadic,0
census_n3_W3_S15_C2,census,0,train,3,1,0.16666666666666666,1,1,0,1,0,0,0,1.0,1,1,0.0,0,0,1.2391570094068194e-10,0.0,0.021101493570766485,0.0,0.0,0.0,0.0,0.0,0.000000,2,dyadic,0
census_n3_W3_S0_C3,census,0,train,3,0,0.0,0,0,0,0,0,0,0,0.0,0,0,0.0,0,0,1.2391570094068194e-10,0.0,0.028135324761021978,0.3333333333333333,0.0,0.0,0.0,0.0,0.000000,1,dyadic,0
census_n3_W3_S1_C3,census,0,train,3,2,0.3333333333333333,2,1,2,0,0,0,0,1.0,1,1,0.25,0,0,1.2391570094068194e-10,0.0,0.028135324761021978,0.33466933867735466,0.0,0.0,0.0,0.0,0.000000,2,dyadic,0
census_n3_W3_S2_C3,census,0,train,3,2,0.3333333333333333,2,1,2,0,0,0,0,1.0,1,1,0.25,0,0,1.2391570094068194e-10,0.0,0.028135324761021978,0.0,0.0,0.0,0.0,0.0,0.000000,2,dyadic,0
census_n3_W3_S3_C3,census,0,train,3,1,0.16666666666666666,1,1,1,0,0,0,0,1.0,1,1,0.5,0,0,1.2391570094068194e-10,0.0,0.028135324761021978,0.33466933867735466,0.0,0.0,0.0,0.0,0.000000,2,dyadic,0
census_n3_W3_S4_C3,census,0,train,3,2,0.3333333333333333,2,1,2,0,0,0,0,1.0,1,1,0.25,0,0,1.2391570094068194e-10,0.0,0.028135324761021978,0.0006680026720106877,0.0,0.0,0.0,0.0,0.000000,2,dyadic,0
census_n3_W3_S5_C3,census,0,train,3,1,0.16666666666666666,1,1,0,1,0,0,0,1.0,1,1,0.0,0,0,1.2391570094068194e-10,0.0,0.028135324761021978,0.3333333333333333,0.0,0.0,0.0,0.0,0.000000,2,dyadic,0
census_n3_W3_S6_C3,census,0,train,3,2,0.3333333333333333,2,1,2,0,0,0,0,1.0,1,1,0.5,0,1,1.2391570094068194e-10,0.0,0.028135324761021978,0.23546596734323866,0.0,0.0,0.0,0.0,0.000000,2,dyadic,0
census_n3_W3_S7_C3,census,0,train,3,2,0.3333333333333333,2,1,2,0,0,0,0,1.0,1,1,0.75,0,1,1.2391570094068194e-10,0.0,0.035169155951277474,0.8042652680198105,0.0,0.0,0.0,0.0,0.000000,2,dyadic,0
census_n3_W3_S8_C3,census,0,train,3,2,0.3333333333333333,2,1,2,0,0,0,0,1.0,1,1,0.25,1,0,1.239148510140619e-10,0.0,0.035169155951277474,0.0006680026720106883,0.0,0.0,0.0,0.0,0.000000,2,dyadic,0
census_n3_W3_S9_C3,census,0,train,3,2,0.3333333333333333,2,1,2,0,0,0,0,1.0,1,1,0.5,0,0,1.239148510140619e-10,0.0,0.014067662380510989,0.0,0.0,0.0,0.0,0.0,0.000000,2,dyadic,0
census_n3_W3_S10_C3,census,0,train,3,1,0.16666666666666666,1,1,0,1,0,0,0,1.0,1,1,0.0,0,0,1.239148510140619e-10,0.0,0.028135324761021978,0.33466933867735466,0.0,0.0,0.0,0.0,0.000000,2,dyadic,0
census_n3_W3_S11_C3,census,0,train,3,2,0.3333333333333333,2,1,2,0,0,0,0,1.0,1,1,0.75,0,0,1.239148510140619e-10,0.0,0.028135324761021978,0.0,0.0,0.0,0.0,0.0,0.000000,2,dyadic,0
census_n3_W3_S12_C3,census,0,train,3,1,0.16666666666666666,1,1,1,0,0,0,0,1.0,1,1,0.5,1,0,1.239148510140619e-10,0.0,0.035169155951277474,0.23546596734323863,0.0,0.0,0.0,0.0,0.000000,2,dyadic,0
census_n3_W3_S13_C3,census,0,train,3,2,0.3333333333333333,2,1,2,0,0,0,0,1.0,1,1,0.75,0,0,1.239148510140619e-10,0.0,0.035169155951277474,0.23546596734323863,0.0,0.0,0.0,0.0,0.000000,2,dyadic,0
census_n3_W3_S14_C3,census,0,train,3,2,0.3333333333333333,2,1,2,0,0,0,0,1.0,1,1,0.75,0,1,1.239148510140619e-10,0.0,0.028135324761021978,0.33466933867735466,0.0,0.0,0.0,0.0,0.000000,2,dyadic,0
census_n3_W3_S15_C3,census,0,train,3,0,0.0,0,0,0,0,0,0,0,0.0,0,0,0.0,0,0,1.239148510140619e-10,0.0,0.014067662380510989,0.0,0.0,0.0,0.0,0.0,0.000000,1,dyadic,0
rand_n3_0,random_strict,0,train,3,2,0.3333333333333333,2,1,2,0,0,0,0,1.0,1,1,0.25,0,0,1.2391570094068194e-10,0.0,0.035169155951277474,0.0006680026720106877,0.0,0.0,0.0,0.0,0.000000,2,dyadic,0
rand_n3_1,random_strict,0,train,3,2,0.3333333333333333,2,1,2,0,0,0,0,1.0,1,1,0.75,0,0,1.2391655086730198e-10,0.0,0.035169155951277474,0.8042652680198105,0.0,0.0,0.0,0.0,0.000000,2,dyadic,0
rand_n3_2,random_strict,0,train,3,2,0.3333333333333333,1,1,1,1,1,0,0,1.0,1,1,0.5,0,0,4.1305625586574024e-11,1.999999999917389,0.04220298714153297,0.0,2.0,0.0,0.3333333333333333,0.0,0.000000,4,dyadic,0
rand_n3_3,random_strict,0,train,3,3,0.5,2,1,2,1,1,0,0,1.0,1,2,0.75,0,0,1.2391655086730198e-10,0.0,0.028135324761021978,0.3333333333333333,0.0,0.0,0.0,0.0,0.000000,4,dyadic,0
rand_n3_4,random_strict,0,train,3,2,0.3333333333333333,1,2,0,2,0,0,0,1.0,1,1,0.0,0,0,1.2391570094068194e-10,0.0,0.035169155951277474,0.33466933867735466,0.0,0.0,0.0,0.0,0.000000,2,dyadic,0
rand_n3_5,random_strict,0,train,3,2,0.3333333333333333,2,1,2,0,0,0,0,1.0,1,1,0.75,0,1,1.2391570094068194e-10,0.0,0.035169155951277474,0.9999999999999999,0.0,0.0,0.0,0.0,0.000000,2,dyadic,0
rand_n3_6,random_strict,0,train,3,3,0.5,2,1,2,1,1,0,0,1.0,1,2,0.25,1,0,1.2391740079392203e-10,0.0,0.028135324761021978,0.0006680026720106872,0.0,0.0,0.0,0.0,0.000000,4,dyadic,0
rand_n3_7,random_strict,0,train,3,2,0.3333333333333333,1,1,1,1,0,0,0,1.0,1,2,0.5,0,0,1.2391570094068194e-10,0.0,0.04220298714153297,0.6994221294286084,0.0,0.0,0.0,0.0,0.000000,4,dyadic,0
rand_n3_8,random_strict,0,train,3,3,0.5,2,1,2,1,1,0,0,1.0,1,2,0.25,1,0,1.2391740079392203e-10,0.0,0.014067662380510989,0.0,0.0,0.0,0.0,0.0,0.000000,4,dyadic,0
rand_n3_9,random_strict,0,train,3,3,0.5,2,1,2,1,1,0,0,1.0,1,2,0.5,0,1,4.1304737408154324e-11,1.999999999917389,0.04220298714153297,0.031117873438695747,2.0,0.0,0.3333333333333333,0.0,0.000000,4,dyadic,0
rand_n3_10,random_strict,0,train,3,0,0.0,0,0,0,0,0,0,0,0.0,0,0,0.0,0,0,1.2391655086730198e-10,0.0,0.021101493570766485,0.0,0.0,0.0,0.0,0.0,0.000000,1,dyadic,0
rand_n3_11,random_strict,0,train,3,4,0.6666666666666666,2,2,2,2,2,0,0,1.0,1,2,0.75,0,0,1.2391655086730198e-10,0.0,0.035169155951277474,0.0,0.0,0.0,0.0,0.0,0.000000,4,dyadic,0
rand_n3_12,random_strict,0,train,3,1,0.16666666666666666,1,1,1,0,0,0,0,1.0,1,1,0.5,1,0,1.2391570094068194e-10,0.0,0.028135324761021978,0.33466933867735466,0.0,0.0,0.0,0.0,0.000000,2,dyadic,0
rand_n3_13,random_strict,0,train,3,4,0.6666666666666666,2,2,2,2,2,0,0,1.0,1,2,0.5,0,0,1.2391655086730198e-10,0.0,0.035169155951277474,0.8042652680198105,0.0,0.0,0.0,0.0,0.500000,4,triadic,1
rand_n3_14,random_strict,0,train,3,3,0.5,2,1,2,1,1,0,0,1.0,1,2,0.5,0,1,4.1304737408154324e-11,1.999999999917389,0.04220298714153297,0.36178718547044014,2.0,0.0,0.3333333333333333,0.0,0.000000,4,dyadic,0
rand_n3_15,random_strict,0,train,3,2,0.3333333333333333,1,1,1,1,0,0,0,1.0,1,2,0.5,1,0,1.239148510140619e-10,0.0,0.028135324761021978,0.6994221294286084,0.0,0.0,0.0,0.0,0.000000,4,dyadic,0
rand_n3_16,random_strict,0,train,3,1,0.16666666666666666,1,1,1,0,0,0,0,1.0,1,1,0.5,1,0,1.2391655086730198e-10,0.0,0.028135324761021978,0.23546596734323863,0.0,0.0,0.0,0.0,0.000000,2,dyadic,0
rand_n3_17,random_strict,0,train,3,3,0.5,2,1,2,1,1,0,0,1.0,1,2,0.25,0,0,4.1305625586574024e-11,1.811278124376522,0.028135324761021978,0.0,1.8112781244591325,0.0,0.3018796874098555,-4.440892098500626e-16,0.000000,4,dyadic,0
rand_n3_18,random_strict,0,train,3,4,0.6666666666666666,2,2,2,2,2,0,0,1.0,1,2,0.75,0,0,1.2391655086730198e-10,0.0,0.035169155951277474,0.33466933867735466,0.0,0.0,0.0,0.0,0.000000,4,dyadic,0
rand_n3_19,random_strict,0,train,3,4,0.6666666666666666,2,2,2,2,2,0,0,1.0,1,2,0.25,0,0,1.2391655086730198e-10,0.0,0.04220298714153297,0.7097815848214156,0.0,0.0,0.0,0.0,0.000000,4,dyadic,0
rand_n3_20,random_strict,0,train,3,3,0.5,2,1,2,1,1,0,0,1.0,1,2,0.75,0,1,4.1304737408154324e-11,1.8112781243765224,0.035169155951277474,0.3333333333333333,1.8112781244591327,0.0,0.3018796874098555,-1.1102230246251565e-16,0.000000,4,dyadic,0
rand_n3_21,random_strict,0,train,3,1,0.16666666666666666,1,1,1,0,0,0,0,1.0,1,1,0.5,1,0,1.239148510140619e-10,0.0,0.021101493570766485,0.3333333333333333,0.0,0.0,0.0,0.0,0.000000,2,dyadic,0
rand_n3_22,random_strict,0,train,3,2,0.3333333333333333,2,1,2,0,0,0,0,1.0,1,1,0.25,1,0,1.239148510140619e-10,0.0,0.035169155951277474,0.0006680026720106883,0.0,0.0,0.0,0.0,0.000000,2,dyadic,0
rand_n3_23,random_strict,0,train,3,0,0.0,0,0,0,0,0,0,0,0.0,0,0,0.0,0,0,1.2391570094068194e-10,0.0,0.035169155951277474,0.0,0.0,0.0,0.0,0.0,0.000000,1,dyadic,0
rand_n3_24,random_strict,0,train,3,0,0.0,0,0,0,0,0,0,0,0.0,0,0,0.0,0,0,1.2391655086730198e-10,0.0,0.021101493570766485,0.0,0.0,0.0,0.0,0.0,0.000000,1,dyadic,0
rand_n3_25,random_strict,0,train,3,2,0.3333333333333333,2,1,2,0,0,0,0,1.0,1,1,0.25,0,0,1.2391570094068194e-10,0.0,0.028135324761021978,0.0,0.0,0.0,0.0,0.0,0.000000,2,dyadic,0
rand_n3_26,random_strict,0,train,3,2,0.3333333333333333,2,1,2,0,0,0,0,1.0,1,1,0.25,0,0,1.2391570094068194e-10,0.0,0.035169155951277474,0.0,0.0,0.0,0.0,0.0,0.000000,2,dyadic,0
rand_n3_27,random_strict,0,train,3,2,0.3333333333333333,2,1,2,0,0,0,0,1.0,1,1,0.5,0,0,1.2391655086730198e-10,0.0,0.035169155951277474,0.0006680026720106877,0.0,0.0,0.0,0.0,0.000000,2,dyadic,0
rand_n3_28,random_strict,0,train,3,2,0.3333333333333333,1,1,1,1,0,0,0,1.0,1,2,0.5,1,0,1.2391655086730198e-10,0.0,0.035169155951277474,0.23546596734323866,0.0,0.0,0.0,0.0,0.000000,4,dyadic,0
rand_n3_29,random_strict,0,train,3,3,0.5,2,1,2,1,1,0,0,1.0,1,2,0.25,0,0,4.1305625586574024e-11,1.811278124376522,0.035169155951277474,0.0,1.8112781244591327,0.0,0.3018796874098555,-1.1102230246251565e-16,0.000000,4,dyadic,0
rand_n3_30,random_strict,0,train,3,3,0.5,2,1,2,1,1,0,0,1.0,1,2,0.75,0,1,4.1305625586574024e-11,1.8112781243765224,0.04220298714153297,0.0,1.8112781244591325,0.0,0.3018796874098555,-4.440892098500626e-16,0.000000,4,dyadic,0
rand_n3_31,random_strict,0,train,3,2,0.3333333333333333,2,1,2,0,0,0,0,1.0,1,1,0.25,0,0,1.2391655086730198e-10,0.0,0.035169155951277474,0.8042652680198105,0.0,0.0,0.0,0.0,0.000000,2,dyadic,0
rand_n3_32,random_strict,0,train,3,1,0.16666666666666666,1,1,0,1,0,0,0,1.0,1,1,0.0,0,0,1.2391655086730198e-10,0.0,0.021101493570766485,0.0,0.0,0.0,0.0,0.0,0.000000,2,dyadic,0
rand_n3_33,random_strict,0,train,3,2,0.3333333333333333,2,1,2,0,0,0,0,1.0,1,1,0.5,0,1,1.2391570094068194e-10,0.0,0.028135324761021978,0.23546596734323866,0.0,0.0,0.0,0.0,0.000000,2,dyadic,0
rand_n3_34,random_strict,0,train,3,3,0.5,1,2,1,2,1,0,0,1.0,1,2,0.5,0,0,1.0,2.999999999876084,0.049236818331788466,0.3333360000320003,2.0,0.0,0.6666666666666666,-1.0,0.000000,4,dyadic,0
rand_n3_35,random_strict,0,train,3,4,0.6666666666666666,2,2,2,2,2,0,0,1.0,1,2,0.5,0,1,1.2391570094068194e-10,0.0,0.049236818331788466,0.23707961647044307,0.0,0.0,0.0,0.0,0.500000,4,triadic,1
rand_n3_36,random_strict,0,train,3,3,0.5,2,1,2,1,1,0,0,1.0,1,2,0.25,0,0,1.2391655086730198e-10,0.0,0.028135324761021978,0.33466933867735466,0.0,0.0,0.0,0.0,0.000000,4,dyadic,0
rand_n3_37,random_strict,0,train,3,2,0.3333333333333333,2,1,2,0,0,0,0,1.0,1,1,0.25,0,0,1.2391570094068194e-10,0.0,0.028135324761021978,0.3333333333333333,0.0,0.0,0.0,0.0,0.000000,2,dyadic,0
rand_n3_38,random_strict,0,train,3,1,0.16666666666666666,1,1,1,0,0,0,0,1.0,1,1,0.5,0,0,1.2391570094068194e-10,0.0,0.035169155951277474,0.8042652680198105,0.0,0.0,0.0,0.0,0.000000,2,dyadic,0
rand_n3_39,random_strict,0,train,3,4,0.6666666666666666,2,2,2,2,2,0,0,1.0,1,2,0.25,1,0,1.2391655086730198e-10,0.0,0.035169155951277474,0.8042652680198105,0.0,0.0,0.0,0.0,0.000000,4,dyadic,0
rand_n3_40,random_strict,0,train,3,3,0.5,2,1,2,1,1,0,0,1.0,1,2,0.25,0,0,1.2391570094068194e-10,0.0,0.035169155951277474,0.8042652680198105,0.0,0.0,0.0,0.0,0.000000,4,dyadic,0
rand_n3_41,random_strict,0,train,3,2,0.3333333333333333,1,2,0,2,0,0,0,1.0,1,1,0.0,0,0,1.2391570094068194e-10,0.0,0.035169155951277474,0.47159993735848804,0.0,0.0,0.0,0.0,0.000000,2,dyadic,0
rand_n3_42,random_strict,0,train,3,2,0.3333333333333333,2,1,2,0,0,0,0,1.0,1,1,0.25,0,0,1.2391570094068194e-10,0.0,0.035169155951277474,0.0,0.0,0.0,0.0,0.0,0.000000,2,dyadic,0
rand_n3_43,random_strict,0,train,3,3,0.5,2,1,2,1,1,0,0,1.0,1,2,0.5,0,1,4.1305625586574024e-11,1.999999999917389,0.04220298714153297,0.03111787343869574,2.0,0.0,0.3333333333333333,0.0,0.000000,4,dyadic,0
rand_n3_44,random_strict,0,train,3,2,0.3333333333333333,1,1,1,1,1,0,0,1.0,1,1,0.5,1,0,4.1305625586574024e-11,1.999999999917389,0.021101493570766485,0.0,2.0,0.0,0.3333333333333333,0.0,0.000000,4,dyadic,0
rand_n3_45,random_strict,0,train,3,3,0.5,2,1,2,1,1,0,0,1.0,1,2,0.75,0,1,1.2391570094068194e-10,0.0,0.021101493570766485,0.0,0.0,0.0,0.0,0.0,0.000000,4,dyadic,0
rand_n3_46,random_strict,0,train,3,2,0.3333333333333333,1,1,1,1,0,0,0,1.0,1,2,0.5,0,0,1.2391655086730198e-10,0.0,0.035169155951277474,0.23546596734323863,0.0,0.0,0.0,0.0,0.000000,4,dyadic,0
rand_n3_47,random_strict,0,train,3,3,0.5,2,1,2,1,1,0,0,1.0,1,2,0.5,0,1,4.1305625586574024e-11,1.999999999917389,0.04220298714153297,0.0,2.0,0.0,0.3333333333333333,0.0,0.000000,4,dyadic,0
rand_n3_48,random_strict,0,train,3,3,0.5,2,1,2,1,1,0,0,1.0,1,2,0.5,0,0,4.1304737408154324e-11,1.999999999917389,0.056270649522043956,0.031117873438695747,2.0,0.0,0.3333333333333333,0.0,0.000000,4,dyadic,0
rand_n3_49,random_strict,0,train,3,1,0.16666666666666666,1,1,1,0,0,0,0,1.0,1,1,0.5,1,0,1.2391655086730198e-10,0.0,0.028135324761021978,0.0,0.0,0.0,0.0,0.0,0.000000,2,dyadic,0
rand_n3_50,random_strict,0,train,3,3,0.5,2,1,2,1,1,0,0,1.0,1,2,0.75,0,0,4.1305625586574024e-11,1.8112781243765221,0.035169155951277474,0.0,1.8112781244591327,0.0,0.3018796874098555,-1.1102230246251565e-16,0.000000,4,dyadic,0
rand_n3_51,random_strict,0,train,3,1,0.16666666666666666,1,1,1,0,0,0,0,1.0,1,1,0.5,0,0,1.2391655086730198e-10,0.0,0.04220298714153297,0.23546596734323863,0.0,0.0,0.0,0.0,0.000000,2,dyadic,0
rand_n3_52,random_strict,0,train,3,0,0.0,0,0,0,0,0,0,0,0.0,0,0,0.0,0,0,1.239148510140619e-10,0.0,0.028135324761021978,0.3333333333333333,0.0,0.0,0.0,0.0,0.000000,1,dyadic,0
rand_n3_53,random_strict,0,train,3,3,0.5,2,1,2,1,1,0,0,1.0,1,2,0.5,0,0,4.1305625586574024e-11,1.999999999917389,0.028135324761021978,0.3333333333333333,2.0,0.0,0.3333333333333333,0.0,0.000000,4,dyadic,0
rand_n3_54,random_strict,0,train,3,4,0.6666666666666666,2,2,2,2,2,0,0,1.0,1,2,0.75,0,1,1.2391570094068194e-10,0.0,0.035169155951277474,0.7097815848214156,0.0,0.0,0.0,0.0,0.000000,4,dyadic,0
rand_n3_55,random_strict,0,train,3,3,0.5,2,1,2,1,1,0,0,1.0,1,2,0.5,0,0,4.1305625586574024e-11,1.999999999917389,0.028135324761021978,0.0,2.0,0.0,0.3333333333333333,0.0,0.000000,4,dyadic,0
rand_n3_56,random_strict,0,train,3,3,0.5,2,1,2,1,1,0,0,1.0,1,2,0.25,0,0,1.2391570094068194e-10,0.0,0.035169155951277474,0.0006680026720106877,0.0,0.0,0.0,0.0,0.000000,4,dyadic,0
rand_n3_57,random_strict,0,train,3,4,0.6666666666666666,2,2,2,2,2,0,0,1.0,1,2,0.25,0,0,0.8112781244591329,2.8112781243352165,0.028135324761021978,0.3333360000320003,1.8112781244591325,-2.220446049250313e-16,0.603759374819711,-0.8112781244591332,2.000000,4,triadic,1
rand_n3_58,random_strict,0,train,3,3,0.5,2,1,2,1,1,0,0,1.0,1,2,0.25,0,0,1.2391655086730198e-10,0.0,0.035169155951277474,0.23546596734323866,0.0,0.0,0.0,0.0,0.000000,4,dyadic,0
rand_n3_59,random_strict,0,train,3,1,0.16666666666666666,1,1,0,1,0,0,0,1.0,1,1,0.0,0,0,1.2391570094068194e-10,0.0,0.035169155951277474,0.3333333333333333,0.0,0.0,0.0,0.0,0.000000,2,dyadic,0
randbc_n3_0,random_backchannel,1,train,3,4,0.6666666666666666,2,2,2,1,1,0,1,0.75,0,2,0.75,0,0,1.2391655086730198e-10,0.0,0.028135324761021978,0.0,0.0,0.0,0.0,0.0,0.000000,3,dyadic,0
randbc_n3_1,random_backchannel,1,train,3,3,0.5,1,2,1,2,1,0,0,1.0,1,2,0.5,0,0,1.0,2.999999999876084,0.035169155951277474,0.0,2.0,0.0,0.6666666666666666,-1.0,0.000000,4,dyadic,0
randbc_n3_2,random_backchannel,1,train,3,2,0.3333333333333333,1,1,1,1,1,0,0,1.0,1,1,0.5,0,0,4.1304737408154324e-11,1.999999999917389,0.035169155951277474,0.36317743206905634,2.0,0.0,0.3333333333333333,0.0,0.000000,4,dyadic,0
randbc_n3_3,random_backchannel,1,train,3,4,0.6666666666666666,2,2,1,2,1,0,1,0.75,0,2,0.5,1,0,1.0,1.999999999917389,0.014067662380510989,0.0,2.0,-1.0,0.6666666666666666,-1.0,0.000000,4,dyadic,0
randbc_n3_4,random_backchannel,1,train,3,5,0.8333333333333334,2,2,2,2,2,0,1,0.8,0,2,0.25,0,0,0.6100730651545314,2.499999999876084,0.049236818331788466,0.3333333333333333,2.1556390622295662,0.5205996295475661,0.5497991567825664,-0.6100730651545317,0.415037,5,triadic,1
randbc_n3_5,random_backchannel,1,train,3,5,0.8333333333333334,2,2,2,2,2,0,1,0.8,0,2,0.25,0,0,0.6100730651545314,2.4999999998760836,0.04220298714153297,0.3333333333333333,2.1556390622295662,0.5205996295475659,0.5497991567825664,-0.6100730651545314,0.415037,5,triadic,1
randbc_n3_6,random_backchannel,1,train,3,4,0.6666666666666666,2,2,2,2,2,0,0,1.0,1,2,0.25,0,0,0.8112781244591329,2.8112781243352165,0.028135324761021978,1.0,1.8112781244591327,0.0,0.603759374819711,-0.8112781244591329,2.000000,4,triadic,1
randbc_n3_7,random_backchannel,1,train,3,1,0.16666666666666666,1,1,1,0,0,0,0,1.0,1,1,0.5,1,0,1.239148510140619e-10,0.0,0.028135324761021978,0.0,0.0,0.0,0.0,0.0,0.000000,2,dyadic,0
randbc_n3_8,random_backchannel,1,train,3,4,0.6666666666666666,2,2,2,1,1,0,1,0.75,0,2,0.75,0,1,1.2391570094068194e-10,0.0,0.021101493570766485,0.0,0.0,0.0,0.0,0.0,0.000000,4,dyadic,0
randbc_n3_9,random_backchannel,1,train,3,3,0.5,1,2,1,2,1,0,0,1.0,1,2,0.5,0,0,1.0,2.999999999876084,0.035169155951277474,1.0,2.0,0.0,0.6666666666666666,-1.0,0.000000,4,dyadic,0
randbc_n3_10,random_backchannel,1,train,3,3,0.5,2,2,2,0,0,0,1,0.6666666666666666,0,2,0.5,0,1,1.2391570094068194e-10,0.0,0.04220298714153297,0.23707961647044307,0.0,0.0,0.0,0.0,0.000000,4,dyadic,0
randbc_n3_11,random_backchannel,1,train,3,3,0.5,2,2,1,1,0,0,1,0.6666666666666666,0,2,0.5,0,0,1.2391570094068194e-10,0.0,0.035169155951277474,0.0,0.0,0.0,0.0,0.0,0.000000,4,dyadic,0
randbc_n3_12,random_backchannel,1,train,3,4,0.6666666666666666,2,2,2,1,1,0,1,0.75,0,2,0.25,0,0,1.2391655086730198e-10,0.0,0.04220298714153297,0.6369292573103058,0.0,0.0,0.0,0.0,0.000000,4,dyadic,0
randbc_n3_13,random_backchannel,1,train,3,2,0.3333333333333333,2,1,2,0,0,0,0,1.0,1,1,0.5,0,0,1.2391655086730198e-10,0.0,0.035169155951277474,0.0006680026720106872,0.0,0.0,0.0,0.0,0.000000,2,dyadic,0
randbc_n3_14,random_backchannel,1,train,3,5,0.8333333333333334,2,2,2,2,2,0,1,0.8,0,2,0.5,0,0,0.0,2.999999999876084,0.021101493570766485,0.0,3.0,2.0,0.16666666666666666,0.0,2.000000,8,triadic,1
randbc_n3_15,random_backchannel,1,train,3,5,0.8333333333333334,2,2,2,2,2,0,1,0.8,0,2,0.75,0,0,0.342359383894995,2.517713681140784,0.049236818331788466,0.32603164642418153,2.1556390622295662,0.5383133108071029,0.3712296969467173,-0.2935644431995963,0.830075,5,triadic,1
randbc_n3_16,random_backchannel,1,train,3,3,0.5,2,1,2,1,1,0,0,1.0,1,2,0.5,0,1,4.1304737408154324e-11,1.999999999917389,0.028135324761021978,0.3333333333333333,2.0,0.0,0.3333333333333333,0.0,0.000000,4,dyadic,0
randbc_n3_17,random_backchannel,1,train,3,3,0.5,2,2,0,2,0,0,1,0.6666666666666666,0,2,0.0,0,0,1.239148510140619e-10,0.0,0.035169155951277474,0.23546596734323863,0.0,0.0,0.0,0.0,0.000000,4,dyadic,0
randbc_n3_18,random_backchannel,1,train,3,5,0.8333333333333334,2,2,2,2,2,0,1,0.8,0,2,0.25,1,0,1.0104816298882957,1.2427473136649463,0.035169155951277474,0.5730149192787627,1.2987949406953985,-0.9544340029249649,0.4142491045773559,-0.9544340029249649,0.415037,6,triadic,1
randbc_n3_19,random_backchannel,1,train,3,3,0.5,2,1,2,1,1,0,0,1.0,1,2,0.75,0,0,1.239148510140619e-10,0.0,0.035169155951277474,0.23546596734323866,0.0,0.0,0.0,0.0,0.000000,4,dyadic,0
randbc_n3_20,random_backchannel,1,train,3,4,0.6666666666666666,2,2,2,1,1,0,1,0.75,0,2,0.25,0,0,1.2391655086730198e-10,0.0,0.035169155951277474,0.0,0.0,0.0,0.0,0.0,0.000000,3,dyadic,0
randbc_n3_21,random_backchannel,1,train,3,2,0.3333333333333333,1,1,1,1,0,0,0,1.0,1,2,0.5,0,0,1.2391655086730198e-10,0.0,0.04220298714153297,0.4024089364222608,0.0,0.0,0.0,0.0,0.000000,4,dyadic,0
randbc_n3_22,random_backchannel,1,train,3,2,0.3333333333333333,2,1,2,0,0,0,0,1.0,1,1,0.25,1,0,1.2391655086730198e-10,0.0,0.021101493570766485,0.0,0.0,0.0,0.0,0.0,0.000000,2,dyadic,0
randbc_n3_23,random_backchannel,1,train,3,5,0.8333333333333334,2,2,2,2,2,0,1,0.8,0,2,0.25,0,0,1.2391570094068194e-10,0.0,0.049236818331788466,0.23707961647044307,0.0,0.0,0.0,0.0,0.415037,5,triadic,1
randbc_n3_24,random_backchannel,1,train,3,4,0.6666666666666666,2,2,2,1,1,0,1,0.75,0,2,0.75,0,1,0.8673257514224635,1.730264129870233,0.04220298714153297,0.6285691280656208,1.2987949406953985,-0.05604762696333066,0.4142491045773559,-0.8112781244591328,0.415037,6,triadic,1
randbc_n3_25,random_backchannel,1,train,3,2,0.3333333333333333,1,1,1,1,0,0,0,1.0,1,2,0.5,1,0,1.2391655086730198e-10,0.0,0.028135324761021978,0.4024089364222608,0.0,0.0,0.0,0.0,0.000000,4,dyadic,0
randbc_n3_26,random_backchannel,1,train,3,2,0.3333333333333333,2,1,2,0,0,0,0,1.0,1,1,0.25,0,0,1.2391570094068194e-10,0.0,0.035169155951277474,0.23546596734323863,0.0,0.0,0.0,0.0,0.000000,2,dyadic,0
randbc_n3_27,random_backchannel,1,train,3,4,0.6666666666666666,2,2,2,1,1,0,1,0.75,0,2,0.5,0,0,4.1304737408154324e-11,1.999999999917389,0.049236818331788466,0.029730293560080515,2.0,0.0,0.3333333333333333,0.0,0.000000,4,dyadic,0
randbc_n3_28,random_backchannel,1,train,3,0,0.0,0,0,0,0,0,0,0,0.0,0,0,0.0,0,0,1.2391570094068194e-10,0.0,0.035169155951277474,0.9999999999999999,0.0,0.0,0.0,0.0,0.000000,1,dyadic,0
randbc_n3_29,random_backchannel,1,train,3,3,0.5,2,2,0,2,0,0,1,0.6666666666666666,0,2,0.0,0,0,1.2391655086730198e-10,0.0,0.035169155951277474,0.0006680026720106872,0.0,0.0,0.0,0.0,0.000000,4,dyadic,0
chain_n3,chain,0,train,3,4,0.6666666666666666,2,2,2,2,2,0,0,1.0,1,2,0.25,1,0,0.8112781244591329,2.8112781243352165,0.028135324761021978,0.9973386453970781,1.8112781244591327,0.0,0.603759374819711,-0.8112781244591328,2.000000,4,triadic,1
chain_bc_n3,chain,1,train,3,6,1.0,2,2,2,2,3,1,2,0.6666666666666666,0,2,0.75,0,1,1.0281953111478321,1.47503363238992,0.028135324761021978,0.0006680026720106872,1.5487949406953985,-0.9544340029249649,0.4083445441575104,-0.954434002924965,0.830075,5,triadic,1
allreq_n3,all_required,0,train,3,4,0.6666666666666666,2,2,2,2,2,0,0,1.0,1,2,0.25,1,0,0.8112781244591329,2.8112781243352165,0.014067662380510989,0.0,1.8112781244591327,0.0,0.603759374819711,-0.8112781244591328,2.000000,4,triadic,1
allreq_bc_n3,all_required,1,train,3,6,1.0,2,2,2,2,3,1,2,0.6666666666666666,0,2,0.75,0,1,1.0281953111478321,1.47503363238992,0.028135324761021978,0.33466933867735466,1.5487949406953985,-0.9544340029249649,0.4083445441575104,-0.954434002924965,0.830075,5,triadic,1
subst_n3,substitutable,0,train,3,4,0.6666666666666666,2,2,2,2,2,0,0,1.0,1,2,0.75,0,1,0.8112781244591329,2.811278124335217,0.014067662380510989,0.0,1.8112781244591325,0.0,0.603759374819711,-0.8112781244591329,2.000000,4,triadic,1
rand_n4_0,random_strict,0,train,4,4,0.3333333333333333,3,1,3,1,1,0,0,1.0,1,2,0.25,0,0,1.6522235113194267e-10,0.0,0.021931568569324173,0.0,0.0,0.0,0.0,0.0,0.000000,4,dyadic,0
rand_n4_1,random_strict,0,train,4,4,0.3333333333333333,3,1,3,1,1,0,0,1.0,1,2,0.5,0,0,1.6522235113194267e-10,0.0,0.027414460711655216,0.11773298367161932,0.0,0.0,0.0,0.0,0.000000,4,dyadic,0
rand_n4_2,random_strict,0,train,4,5,0.4166666666666667,3,2,3,2,2,0,0,1.0,1,2,0.625,0,0,1.6521980135208253e-10,0.0,0.027414460711655216,0.23579996867924394,0.0,0.0,0.0,0.0,0.000000,4,dyadic,0
rand_n4_3,random_strict,0,train,4,4,0.3333333333333333,3,1,3,1,1,0,0,1.0,1,2,0.625,0,1,1.6522065127870258e-10,0.0,0.027414460711655216,0.20120446821113044,0.0,0.0,0.0,0.0,0.000000,4,dyadic,0
rand_n4_4,random_strict,0,train,4,2,0.16666666666666666,1,1,1,1,0,0,0,1.0,1,2,0.5,1,0,1.6522065127870258e-10,0.0,0.01644867642699313,0.0,0.0,0.0,0.0,0.0,0.000000,4,dyadic,0
rand_n4_5,random_strict,0,train,4,4,0.3333333333333333,3,1,3,1,1,0,0,1.0,1,2,0.625,0,0,1.6522150120532262e-10,0.0,0.03289735285398626,0.20120446821113044,0.0,0.0,0.0,0.0,0.000000,4,dyadic,0
rand_n4_6,random_strict,0,train,4,5,0.4166666666666667,3,2,3,2,2,0,0,1.0,1,2,0.625,0,0,0.9544340029662701,2.9544340028010487,0.027414460711655216,0.5,1.9544340029249652,0.0,0.32573900048749416,-0.9544340029249649,0.000000,4,dyadic,0
rand_n4_7,random_strict,0,train,4,5,0.4166666666666667,3,2,3,2,2,0,0,1.0,1,2,0.375,0,0,0.9544340029662703,2.9544340028010487,0.021931568569324173,0.16666666666666666,1.9544340029249652,0.0,0.32573900048749416,-0.9544340029249649,0.000000,4,dyadic,0
rand_n4_8,random_strict,0,train,4,4,0.3333333333333333,3,1,3,1,1,0,0,1.0,1,2,0.625,0,0,1.6522150120532262e-10,0.0,0.027414460711655216,0.11773298367161932,0.0,0.0,0.0,0.0,0.000000,4,dyadic,0
rand_n4_9,random_strict,0,train,4,3,0.25,3,1,3,0,0,0,0,1.0,1,1,0.875,0,1,1.6522150120532262e-10,0.0,0.01644867642699313,0.0,0.0,0.0,0.0,0.0,0.000000,2,dyadic,0
rand_n4_10,random_strict,0,train,4,4,0.3333333333333333,3,1,3,1,1,0,0,1.0,1,2,0.5,0,0,1.6521980135208253e-10,0.0,0.021931568569324173,0.40213263400990523,0.0,0.0,0.0,0.0,0.000000,4,dyadic,0
rand_n4_11,random_strict,0,train,4,5,0.4166666666666667,3,2,3,2,2,0,0,1.0,1,2,0.125,0,0,1.6522150120532262e-10,0.0,0.027414460711655216,0.235799968679244,0.0,0.0,0.0,0.0,0.000000,4,dyadic,0
rand_n4_12,random_strict,0,train,4,4,0.3333333333333333,3,1,3,1,1,0,0,1.0,1,2,0.375,0,0,1.6522150120532262e-10,0.0,0.027414460711655216,0.16733466933867733,0.0,0.0,0.0,0.0,0.000000,4,dyadic,0
rand_n4_13,random_strict,0,train,4,5,0.4166666666666667,3,2,3,2,2,0,0,1.0,1,2,0.625,0,0,1.6522065127870258e-10,0.0,0.03289735285398626,0.23694079457885153,0.0,0.0,0.0,0.0,0.000000,4,dyadic,0
rand_n4_14,random_strict,0,train,4,5,0.4166666666666667,2,3,2,3,2,0,0,1.0,1,2,0.5,0,0,1.6522150120532262e-10,0.0,0.0383802449963173,0.7934495901761679,0.0,0.0,0.0,0.0,0.000000,4,dyadic,0
rand_n4_15,random_strict,0,train,4,4,0.3333333333333333,3,1,3,1,1,0,0,1.0,1,2,0.375,0,0,1.6522065127870258e-10,0.0,0.0383802449963173,0.1683366733466933,0.0,0.0,0.0,0.0,0.000000,4,dyadic,0
rand_n4_16,random_strict,0,train,4,4,0.3333333333333333,3,1,3,1,1,0,0,1.0,1,2,0.625,0,0,8.261014095012342e-11,1.9544340028423544,0.0383802449963173,0.19711786810529838,1.9544340029249652,0.0,0.16286950024374708,0.0,0.000000,4,dyadic,0
rand_n4_17,random_strict,0,train,4,5,0.4166666666666667,3,2,3,2,2,0,0,1.0,1,2,0.5,0,0,1.6522150120532262e-10,0.0,0.03289735285398626,0.16733466933867733,0.0,0.0,0.0,0.0,0.000000,4,dyadic,0
rand_n4_18,random_strict,0,train,4,4,0.3333333333333333,3,1,3,1,1,0,0,1.0,1,2,0.625,0,0,8.26108070839382e-11,1.9544340028423544,0.0383802449963173,0.01555893671934787,1.9544340029249652,0.0,0.16286950024374708,0.0,0.000000,4,dyadic,0
rand_n4_19,random_strict,0,train,4,4,0.3333333333333333,3,1,3,1,1,0,0,1.0,1,2,0.5,0,0,1.6522150120532262e-10,0.0,0.027414460711655216,0.49999999999999994,0.0,0.0,0.0,0.0,0.000000,4,dyadic,0
rand_n4_20,random_strict,0,train,4,3,0.25,2,1,2,1,1,0,0,1.0,1,2,0.25,0,0,8.261147321775297e-11,1.811278124376522,0.01644867642699313,0.0,1.8112781244591325,0.0,0.15093984370492775,-4.440892098500626e-16,0.000000,4,dyadic,0
rand_n4_21,random_strict,0,train,4,6,0.5,3,3,3,3,3,0,0,1.0,1,2,0.5,0,0,2.0,3.9999999998347784,0.043863137138648346,0.5000026666986669,2.0,0.0,0.5,-1.0,0.000000,4,dyadic,0
rand_n4_22,random_strict,0,train,4,4,0.3333333333333333,3,1,3,1,1,0,0,1.0,1,2,0.5,0,0,8.26116952623579e-11,1.999999999917389,0.021931568569324173,0.0,2.0,0.0,0.16666666666666666,0.0,0.000000,4,dyadic,0
rand_n4_23,random_strict,0,train,4,4,0.3333333333333333,2,2,2,2,1,0,0,1.0,1,2,0.25,0,0,0.8112781245004377,2.8112781243352165,0.027414460711655216,0.5223830740517923,1.8112781244591325,0.0,0.3018796874098555,-0.8112781244591329,0.000000,4,dyadic,0
rand_n4_24,random_strict,0,train,4,4,0.3333333333333333,3,1,3,1,1,0,0,1.0,1,2,0.5,0,0,1.6522150120532262e-10,0.0,0.027414460711655216,0.16666666666666666,0.0,0.0,0.0,0.0,0.000000,4,dyadic,0
rand_n4_25,random_strict,0,train,4,6,0.5,3,3,3,3,3,0,0,1.0,1,2,0.625,0,0,1.90886800584993,3.9544340027597435,0.043863137138648346,0.500002666698667,1.9544340029249652,0.0,0.4886085007312413,-0.9544340029249649,0.000000,4,dyadic,0
rand_n4_26,random_strict,0,train,4,5,0.4166666666666667,3,2,3,2,2,0,0,1.0,1,2,0.375,0,0,1.6522235113194267e-10,0.0,0.03289735285398626,0.23694079457885153,0.0,0.0,0.0,0.0,0.000000,4,dyadic,0
rand_n4_27,random_strict,0,train,4,4,0.3333333333333333,3,1,3,1,1,0,0,1.0,1,2,0.375,0,0,1.6522150120532262e-10,0.0,0.027414460711655216,0.0,0.0,0.0,0.0,0.0,0.000000,4,dyadic,0
rand_n4_28,random_strict,0,train,4,4,0.3333333333333333,3,1,3,1,1,0,0,1.0,1,2,0.5,0,1,1.6522065127870258e-10,0.0,0.03289735285398626,0.3497110647143042,0.0,0.0,0.0,0.0,0.000000,4,dyadic,0
rand_n4_29,random_strict,0,train,4,3,0.25,2,1,2,1,1,0,0,1.0,1,2,0.25,0,0,8.261058503933327e-11,1.8112781243765221,0.027414460711655216,0.1815887160345282,1.8112781244591325,0.0,0.15093984370492775,-4.440892098500626e-16,0.000000,4,dyadic,0
rand_n4_30,random_strict,0,train,4,4,0.3333333333333333,3,1,3,1,1,0,0,1.0,1,2,0.375,0,0,8.261102912854312e-11,1.9544340028423544,0.0383802449963173,0.014922049367861507,1.9544340029249652,0.0,0.16286950024374708,0.0,0.000000,4,dyadic,0
rand_n4_31,random_strict,0,train,4,4,0.3333333333333333,3,1,3,1,1,0,0,1.0,1,2,0.625,0,0,8.26108070839382e-11,1.9544340028423546,0.03289735285398626,0.16666666666666666,1.9544340029249652,0.0,0.16286950024374708,0.0,0.000000,4,dyadic,0
rand_n4_32,random_strict,0,train,4,4,0.3333333333333333,3,1,3,1,1,0,0,1.0,1,2,0.75,0,0,1.6522065127870258e-10,0.0,0.027414460711655216,0.11773298367161933,0.0,0.0,0.0,0.0,0.000000,4,dyadic,0
rand_n4_33,random_strict,0,train,4,4,0.3333333333333333,3,1,3,1,1,0,0,1.0,1,2,0.375,0,0,8.26108070839382e-11,1.9544340028423544,0.043863137138648346,0.19651076540238965,1.9544340029249652,0.0,0.16286950024374708,0.0,0.000000,4,dyadic,0
rand_n4_34,random_strict,0,train,4,4,0.3333333333333333,3,1,3,1,1,0,0,1.0,1,2,0.375,0,0,8.261102912854312e-11,1.9544340028423541,0.03289735285398626,0.16666666666666666,1.9544340029249652,0.0,0.16286950024374708,0.0,0.000000,4,dyadic,0
rand_n4_35,random_strict,0,train,4,5,0.4166666666666667,3,2,3,2,2,0,0,1.0,1,2,0.5,0,0,1.0000000000413047,2.9999999998760836,0.021931568569324173,0.0,2.0,0.0,0.3333333333333333,-1.0,0.000000,4,dyadic,0
rand_n4_36,random_strict,0,train,4,3,0.25,3,1,3,0,0,0,0,1.0,1,1,0.75,0,0,1.6522150120532262e-10,0.0,0.021931568569324173,0.16733466933867733,0.0,0.0,0.0,0.0,0.000000,2,dyadic,0
rand_n4_37,random_strict,0,train,4,4,0.3333333333333333,3,1,3,1,1,0,0,1.0,1,2,0.375,0,0,1.6522065127870258e-10,0.0,0.021931568569324173,0.0,0.0,0.0,0.0,0.0,0.000000,4,dyadic,0
rand_n4_38,random_strict,0,train,4,4,0.3333333333333333,3,1,3,1,1,0,0,1.0,1,2,0.5,0,0,8.26099189055185e-11,1.9999999999173887,0.0383802449963173,0.014922049367861505,2.0,0.0,0.16666666666666666,0.0,0.000000,4,dyadic,0
rand_n4_39,random_strict,0,train,4,4,0.3333333333333333,3,1,3,1,1,0,0,1.0,1,2,0.375,0,0,1.652232010585627e-10,0.0,0.03289735285398626,0.4860769417770132,0.0,0.0,0.0,0.0,0.000000,4,dyadic,0
rand_n4_40,random_strict,0,train,4,5,0.4166666666666667,3,2,3,2,2,0,0,1.0,1,2,0.5,0,0,1.0000000000413047,2.9999999998760836,0.0383802449963173,0.19032351542143158,2.0,0.0,0.3333333333333333,-1.0,0.000000,4,dyadic,0
rand_n4_41,random_strict,0,train,4,5,0.4166666666666667,3,2,3,2,2,0,0,1.0,1,2,0.75,0,1,1.6522150120532262e-10,0.0,0.03289735285398626,0.11853980823522153,0.0,0.0,0.0,0.0,0.000000,4,dyadic,0
rand_n4_42,random_strict,0,train,4,4,0.3333333333333333,3,1,3,1,1,0,0,1.0,1,2,0.375,0,0,1.6522150120532262e-10,0.0,0.0383802449963173,0.4860769417770132,0.0,0.0,0.0,0.0,0.000000,4,dyadic,0
rand_n4_43,random_strict,0,train,4,4,0.3333333333333333,3,1,3,1,1,0,0,1.0,1,2,0.625,0,0,1.6522065127870258e-10,0.0,0.021931568569324173,0.16733466933867733,0.0,0.0,0.0,0.0,0.000000,4,dyadic,0
rand_n4_44,random_strict,0,train,4,4,0.3333333333333333,3,1,3,1,1,0,0,1.0,1,2,0.375,0,0,8.26108070839382e-11,1.9544340028423544,0.0383802449963173,0.18089359273522007,1.9544340029249652,0.0,0.16286950024374708,0.0,0.000000,4,dyadic,0
rand_n4_45,random_strict,0,train,4,5,0.4166666666666667,3,2,3,2,2,0,0,1.0,1,2,0.625,0,0,1.6522150120532262e-10,0.0,0.027414460711655216,0.40341228180110433,0.0,0.0,0.0,0.0,0.000000,4,dyadic,0
rand_n4_46,random_strict,0,train,4,4,0.3333333333333333,3,1,3,1,1,0,0,1.0,1,2,0.125,0,0,1.6522235113194267e-10,0.0,0.021931568569324173,0.16733466933867733,0.0,0.0,0.0,0.0,0.000000,4,dyadic,0
rand_n4_47,random_strict,0,train,4,3,0.25,3,1,3,0,0,0,0,1.0,1,1,0.375,0,0,1.6522235113194267e-10,0.0,0.021931568569324173,0.0,0.0,0.0,0.0,0.0,0.000000,2,dyadic,0
rand_n4_48,random_strict,0,train,4,4,0.3333333333333333,3,1,3,1,1,0,0,1.0,1,2,0.375,0,0,1.6521980135208253e-10,0.0,0.03289735285398626,0.11773298367161933,0.0,0.0,0.0,0.0,0.000000,4,dyadic,0
rand_n4_49,random_strict,0,train,4,4,0.3333333333333333,3,1,3,1,1,0,0,1.0,1,2,0.5,0,0,1.6522150120532262e-10,0.0,0.027414460711655216,0.0,0.0,0.0,0.0,0.0,0.000000,4,dyadic,0
rand_n4_50,random_strict,0,train,4,1,0.08333333333333333,1,1,0,1,0,0,0,1.0,1,1,0.0,0,0,1.6522065127870258e-10,0.0,0.027414460711655216,0.0,0.0,0.0,0.0,0.0,0.000000,2,dyadic,0
rand_n4_51,random_strict,0,train,4,5,0.4166666666666667,3,2,3,2,2,0,0,1.0,1,2,0.625,0,1,0.9544340029662703,2.9544340028010487,0.03289735285398626,0.520992827453176,1.9544340029249652,0.0,0.32573900048749416,-0.9544340029249649,0.000000,4,dyadic,0
rand_n4_52,random_strict,0,train,4,5,0.4166666666666667,3,2,3,2,2,0,0,1.0,1,2,0.375,0,0,1.6522235113194267e-10,0.0,0.027414460711655216,0.16733466933867733,0.0,0.0,0.0,0.0,0.000000,4,dyadic,0
rand_n4_53,random_strict,0,train,4,5,0.4166666666666667,3,2,3,2,2,0,0,1.0,1,2,0.375,0,1,1.6522150120532262e-10,0.0,0.027414460711655216,0.40213263400990534,0.0,0.0,0.0,0.0,0.000000,4,dyadic,0
rand_n4_54,random_strict,0,train,4,5,0.4166666666666667,3,2,3,2,2,0,0,1.0,1,2,0.375,0,0,0.9544340029662701,2.9544340028010487,0.0383802449963173,0.19032351542143164,1.9544340029249652,0.0,0.3257390004874942,-0.9544340029249649,0.000000,4,dyadic,0
rand_n4_55,random_strict,0,train,4,3,0.25,2,1,2,1,1,0,0,1.0,1,2,0.25,0,0,8.260969686091357e-11,1.811278124376522,0.021931568569324173,0.49999999999999994,1.8112781244591325,0.0,0.15093984370492775,-4.440892098500626e-16,0.000000,4,dyadic,0
rand_n4_56,random_strict,0,train,4,4,0.3333333333333333,3,1,3,1,1,0,0,1.0,1,2,0.625,0,0,8.261102912854312e-11,1.9544340028423546,0.0383802449963173,0.19651076540238965,1.9544340029249652,0.0,0.16286950024374708,0.0,0.000000,4,dyadic,0
rand_n4_57,random_strict,0,train,4,6,0.5,3,3,3,3,3,0,0,1.0,1,2,0.5,0,0,2.0,3.9999999998347784,0.027414460711655216,0.16666666666666666,2.0,0.0,0.5,-1.0,0.000000,4,dyadic,0
rand_n4_58,random_strict,0,train,4,3,0.25,3,1,3,0,0,0,0,1.0,1,1,0.375,0,0,1.6521980135208253e-10,0.0,0.027414460711655216,0.16733466933867733,0.0,0.0,0.0,0.0,0.000000,2,dyadic,0
rand_n4_59,random_strict,0,train,4,4,0.3333333333333333,3,1,3,1,1,0,0,1.0,1,2,0.125,0,0,1.6522150120532262e-10,0.0,0.03289735285398626,0.40213263400990523,0.0,0.0,0.0,0.0,0.000000,4,dyadic,0
rand_n4_60,random_strict,0,train,4,4,0.3333333333333333,3,1,3,1,1,0,0,1.0,1,2,0.625,0,0,1.6522150120532262e-10,0.0,0.03289735285398626,0.16733466933867733,0.0,0.0,0.0,0.0,0.000000,4,dyadic,0
rand_n4_61,random_strict,0,train,4,3,0.25,2,1,2,1,1,0,0,1.0,1,2,0.75,0,0,1.6521980135208253e-10,0.0,0.027414460711655216,0.49999999999999994,0.0,0.0,0.0,0.0,0.000000,4,dyadic,0
rand_n4_62,random_strict,0,train,4,6,0.5,3,3,3,3,3,0,0,1.0,1,2,0.75,0,1,1.6225562489182654,3.8112781242939118,0.021931568569324173,0.16666666666666666,1.8112781244591327,0.0,0.4528195311147832,-0.8112781244591329,0.500000,4,triadic,1
rand_n4_63,random_strict,0,train,4,5,0.4166666666666667,3,2,3,2,2,0,0,1.0,1,2,0.375,0,0,0.954434002966271,2.9544340028010487,0.03289735285398626,0.16666666666666666,1.9544340029249652,0.0,0.3257390004874942,-0.9544340029249649,0.000000,4,dyadic,0
rand_n4_64,random_strict,0,train,4,5,0.4166666666666667,3,2,3,2,2,0,0,1.0,1,2,0.5,0,0,1.6522150120532262e-10,0.0,0.01644867642699313,0.0,0.0,0.0,0.0,0.0,0.000000,4,dyadic,0
rand_n4_65,random_strict,0,train,4,5,0.4166666666666667,3,2,3,2,2,0,0,1.0,1,2,0.75,0,0,0.8112781245004386,2.811278124335217,0.027414460711655216,0.49866932269853903,1.8112781244591327,0.0,0.3018796874098555,-0.8112781244591329,0.000000,4,dyadic,0
rand_n4_66,random_strict,0,train,4,5,0.4166666666666667,3,2,3,2,2,0,0,1.0,1,2,0.375,0,0,1.652232010585627e-10,0.0,0.027414460711655216,0.569128614803212,0.0,0.0,0.0,0.0,0.000000,4,dyadic,0
rand_n4_67,random_strict,0,train,4,5,0.4166666666666667,3,2,3,2,2,0,0,1.0,1,2,0.5,0,0,1.6522150120532262e-10,0.0,0.03289735285398626,0.16733466933867733,0.0,0.0,0.0,0.0,0.000000,4,dyadic,0
rand_n4_68,random_strict,0,train,4,3,0.25,3,1,3,0,0,0,0,1.0,1,1,0.625,0,0,1.6522150120532262e-10,0.0,0.021931568569324173,0.11773298367161933,0.0,0.0,0.0,0.0,0.000000,2,dyadic,0
rand_n4_69,random_strict,0,train,4,4,0.3333333333333333,3,1,3,1,1,0,0,1.0,1,2,0.375,0,0,8.261102912854312e-11,1.9544340028423541,0.027414460711655216,0.49999999999999994,1.9544340029249652,0.0,0.16286950024374708,0.0,0.000000,4,dyadic,0
rand_n4_70,random_strict,0,train,4,5,0.4166666666666667,3,2,3,2,2,0,0,1.0,1,2,0.375,0,0,0.9544340029662703,2.9544340028010487,0.021931568569324173,0.0,1.9544340029249652,0.0,0.3257390004874942,-0.9544340029249649,0.000000,4,dyadic,0
rand_n4_71,random_strict,0,train,4,5,0.4166666666666667,3,2,3,2,2,0,0,1.0,1,2,0.25,0,0,0.8112781245004386,2.8112781243352165,0.03289735285398626,0.1890212894192148,1.8112781244591327,0.0,0.3018796874098555,-0.8112781244591329,0.000000,4,dyadic,0
rand_n4_72,random_strict,0,train,4,4,0.3333333333333333,3,1,3,1,1,0,0,1.0,1,2,0.375,0,0,8.261102912854312e-11,1.9544340028423544,0.021931568569324173,0.0,1.9544340029249652,0.0,0.16286950024374708,0.0,0.000000,4,dyadic,0
rand_n4_73,random_strict,0,train,4,4,0.3333333333333333,3,1,3,1,1,0,0,1.0,1,2,0.375,0,0,8.261191730696282e-11,1.9544340028423541,0.021931568569324173,0.16666666666666666,1.9544340029249652,0.0,0.16286950024374708,0.0,0.000000,4,dyadic,0
rand_n4_74,random_strict,0,train,4,5,0.4166666666666667,3,2,3,2,2,0,0,1.0,1,2,0.75,0,0,1.6522065127870258e-10,0.0,0.03289735285398626,0.5691286148032121,0.0,0.0,0.0,0.0,0.000000,4,dyadic,0
rand_n4_75,random_strict,0,train,4,5,0.4166666666666667,3,2,3,2,2,0,0,1.0,1,2,0.25,0,0,0.8112781245004386,2.8112781243352165,0.021931568569324173,0.49999999999999994,1.8112781244591325,0.0,0.3018796874098555,-0.8112781244591329,0.000000,4,dyadic,0
rand_n4_76,random_strict,0,train,4,5,0.4166666666666667,3,2,3,2,2,0,0,1.0,1,2,0.375,0,0,1.6522235113194267e-10,0.0,0.043863137138648346,0.4513426194173082,0.0,0.0,0.0,0.0,0.000000,4,dyadic,0
rand_n4_77,random_strict,0,train,4,4,0.3333333333333333,3,1,3,1,1,0,0,1.0,1,2,0.625,0,0,1.6522065127870258e-10,0.0,0.03289735285398626,0.001002004008016032,0.0,0.0,0.0,0.0,0.000000,4,dyadic,0
rand_n4_78,random_strict,0,train,4,5,0.4166666666666667,3,2,3,2,2,0,0,1.0,1,2,0.625,0,0,1.6522150120532262e-10,0.0,0.0383802449963173,0.1683366733466933,0.0,0.0,0.0,0.0,0.000000,4,dyadic,0
rand_n4_79,random_strict,0,train,4,3,0.25,3,1,3,0,0,0,0,1.0,1,1,0.375,0,0,1.6522150120532262e-10,0.0,0.027414460711655216,0.00033400133600534383,0.0,0.0,0.0,0.0,0.000000,2,dyadic,0
rand_n4_80,random_strict,0,train,4,4,0.3333333333333333,3,1,3,1,1,0,0,1.0,1,2,0.5,0,0,8.26099189055185e-11,1.9999999999173887,0.021931568569324173,0.16666666666666666,2.0,0.0,0.16666666666666666,0.0,0.000000,4,dyadic,0
rand_n4_81,random_strict,0,train,4,4,0.3333333333333333,3,1,3,1,1,0,0,1.0,1,2,0.375,0,0,1.6522235113194267e-10,0.0,0.027414460711655216,0.11773298367161933,0.0,0.0,0.0,0.0,0.000000,4,dyadic,0
rand_n4_82,random_strict,0,train,4,4,0.3333333333333333,3,1,3,1,1,0,0,1.0,1,2,0.5,0,0,1.6522065127870258e-10,0.0,0.03289735285398626,0.001002004008016032,0.0,0.0,0.0,0.0,0.000000,4,dyadic,0
rand_n4_83,random_strict,0,train,4,4,0.3333333333333333,3,1,3,1,1,0,0,1.0,1,2,0.375,0,0,1.6522065127870258e-10,0.0,0.027414460711655216,0.00033400133600534383,0.0,0.0,0.0,0.0,0.000000,4,dyadic,0
rand_n4_84,random_strict,0,train,4,4,0.3333333333333333,3,1,3,1,1,0,0,1.0,1,2,0.5,0,0,1.6522235113194267e-10,0.0,0.03289735285398626,0.11853980823522153,0.0,0.0,0.0,0.0,0.000000,4,dyadic,0
rand_n4_85,random_strict,0,train,4,4,0.3333333333333333,3,1,3,1,1,0,0,1.0,1,2,0.625,0,0,1.6521980135208253e-10,0.0,0.03289735285398626,0.00033400133600534416,0.0,0.0,0.0,0.0,0.000000,4,dyadic,0
rand_n4_86,random_strict,0,train,4,5,0.4166666666666667,3,2,3,2,2,0,0,1.0,1,2,0.125,0,0,1.6522065127870258e-10,0.0,0.03289735285398626,0.3346693386773547,0.0,0.0,0.0,0.0,0.000000,4,dyadic,0
rand_n4_87,random_strict,0,train,4,4,0.3333333333333333,3,1,3,1,1,0,0,1.0,1,2,0.375,0,1,8.26108070839382e-11,1.9544340028423544,0.0383802449963173,0.18089359273522007,1.9544340029249652,0.0,0.16286950024374708,0.0,0.000000,4,dyadic,0
rand_n4_88,random_strict,0,train,4,4,0.3333333333333333,3,1,3,1,1,0,0,1.0,1,2,0.75,0,1,1.6522150120532262e-10,0.0,0.03289735285398626,0.7301427305458782,0.0,0.0,0.0,0.0,0.000000,4,dyadic,0
rand_n4_89,random_strict,0,train,4,5,0.4166666666666667,3,2,3,2,2,0,0,1.0,1,2,0.375,0,1,1.652232010585627e-10,0.0,0.021931568569324173,0.16666666666666666,0.0,0.0,0.0,0.0,0.000000,4,dyadic,0
rand_n4_90,random_strict,0,train,4,2,0.16666666666666666,1,1,1,1,0,0,0,1.0,1,2,0.5,1,0,1.652232010585627e-10,0.0,0.03289735285398626,0.11853980823522152,0.0,0.0,0.0,0.0,0.000000,4,dyadic,0
rand_n4_91,random_strict,0,train,4,4,0.3333333333333333,3,1,3,1,1,0,0,1.0,1,2,0.625,0,0,8.261102912854312e-11,1.9544340028423544,0.043863137138648346,0.014922049367861507,1.9544340029249652,0.0,0.16286950024374708,0.0,0.000000,4,dyadic,0
rand_n4_92,random_strict,0,train,4,5,0.4166666666666667,3,2,3,2,2,0,0,1.0,1,2,0.375,0,0,0.9544340029662703,2.9544340028010487,0.03289735285398626,0.5210226121017537,1.9544340029249652,0.0,0.3257390004874942,-0.9544340029249649,0.000000,4,dyadic,0
rand_n4_93,random_strict,0,train,4,4,0.3333333333333333,3,1,3,1,1,0,0,1.0,1,2,0.25,0,0,1.652232010585627e-10,0.0,0.027414460711655216,0.0010020040080160311,0.0,0.0,0.0,0.0,0.000000,4,dyadic,0
rand_n4_94,random_strict,0,train,4,4,0.3333333333333333,3,1,3,1,1,0,0,1.0,1,2,0.25,0,0,1.6522235113194267e-10,0.0,0.021931568569324173,0.0,0.0,0.0,0.0,0.0,0.000000,4,dyadic,0
rand_n4_95,random_strict,0,train,4,4,0.3333333333333333,3,1,3,1,1,0,0,1.0,1,2,0.5,0,0,8.26108070839382e-11,1.999999999917389,0.0383802449963173,0.0,2.0,0.0,0.16666666666666666,0.0,0.000000,4,dyadic,0
rand_n4_96,random_strict,0,train,4,4,0.3333333333333333,3,1,3,1,1,0,0,1.0,1,2,0.625,0,0,8.26108070839382e-11,1.9544340028423544,0.03289735285398626,0.3624525241211706,1.9544340029249652,0.0,0.16286950024374708,0.0,0.000000,4,dyadic,0
rand_n4_97,random_strict,0,train,4,4,0.3333333333333333,3,1,3,1,1,0,0,1.0,1,2,0.75,0,0,8.261058503933327e-11,1.8112781243765221,0.03289735285398626,0.18089359273522007,1.8112781244591325,0.0,0.15093984370492775,-4.440892098500626e-16,0.000000,4,dyadic,0
rand_n4_98,random_strict,0,train,4,4,0.3333333333333333,3,1,3,1,1,0,0,1.0,1,2,0.5,0,0,8.26099189055185e-11,1.9999999999173887,0.043863137138648346,0.015558936719347874,2.0,0.0,0.16666666666666666,0.0,0.000000,4,dyadic,0
rand_n4_99,random_strict,0,train,4,6,0.5,3,3,3,3,3,0,0,1.0,1,2,0.625,0,0,1.9088680058499303,3.9544340027597435,0.021931568569324173,1.0,1.9544340029249652,0.0,0.4886085007312413,-0.9544340029249649,0.000000,4,dyadic,0
rand_n4_100,random_strict,0,train,4,5,0.4166666666666667,3,2,3,2,2,0,0,1.0,1,2,0.625,0,1,0.954434002966271,2.954434002801049,0.043863137138648346,0.19032351542143164,1.9544340029249652,0.0,0.3257390004874942,-0.9544340029249649,0.000000,4,dyadic,0
rand_n4_101,random_strict,0,train,4,4,0.3333333333333333,3,1,3,1,1,0,0,1.0,1,2,0.5,0,1,8.26116952623579e-11,1.999999999917389,0.027414460711655216,0.0,2.0,0.0,0.16666666666666666,0.0,0.000000,4,dyadic,0
rand_n4_102,random_strict,0,train,4,5,0.4166666666666667,3,2,3,2,2,0,0,1.0,1,2,0.5,0,0,1.0000000000413047,2.9999999998760836,0.0383802449963173,0.18902128941921484,2.0,0.0,0.3333333333333333,-1.0,0.000000,4,dyadic,0
rand_n4_103,random_strict,0,train,4,4,0.3333333333333333,3,1,3,1,1,0,0,1.0,1,2,0.5,0,0,1.6522150120532262e-10,0.0,0.03289735285398626,0.00033400133600534383,0.0,0.0,0.0,0.0,0.000000,4,dyadic,0
rand_n4_104,random_strict,0,train,4,3,0.25,3,1,3,0,0,0,0,1.0,1,1,0.5,0,0,1.6522150120532262e-10,0.0,0.027414460711655216,0.40213263400990523,0.0,0.0,0.0,0.0,0.000000,2,dyadic,0
rand_n4_105,random_strict,0,train,4,3,0.25,2,1,2,1,1,0,0,1.0,1,2,0.75,0,1,8.260969686091357e-11,1.8112781243765224,0.027414460711655216,0.0,1.8112781244591327,0.0,0.15093984370492775,-1.1102230246251565e-16,0.000000,4,dyadic,0
rand_n4_106,random_strict,0,train,4,6,0.5,3,3,3,3,3,0,0,1.0,1,2,0.625,0,0,1.6522065127870258e-10,0.0,0.01644867642699313,0.0,0.0,0.0,0.0,0.0,0.000000,4,dyadic,0
rand_n4_107,random_strict,0,train,4,4,0.3333333333333333,3,1,3,1,1,0,0,1.0,1,2,0.625,0,0,8.26108070839382e-11,1.9544340028423544,0.03289735285398626,0.01555893671934787,1.9544340029249652,0.0,0.16286950024374708,0.0,0.000000,4,dyadic,0
rand_n4_108,random_strict,0,train,4,5,0.4166666666666667,3,2,3,2,2,0,0,1.0,1,2,0.625,0,1,1.6522150120532262e-10,0.0,0.03289735285398626,0.40213263400990523,0.0,0.0,0.0,0.0,0.000000,4,dyadic,0
rand_n4_109,random_strict,0,train,4,3,0.25,2,1,2,1,1,0,0,1.0,1,2,0.25,0,0,1.6522150120532262e-10,0.0,0.03289735285398626,0.8531989510148579,0.0,0.0,0.0,0.0,0.000000,4,dyadic,0
rand_n4_110,random_strict,0,train,4,4,0.3333333333333333,3,1,3,1,1,0,0,1.0,1,2,0.5,0,0,1.6522235113194267e-10,0.0,0.027414460711655216,0.16666666666666666,0.0,0.0,0.0,0.0,0.000000,4,dyadic,0
rand_n4_111,random_strict,0,train,4,3,0.25,3,1,3,0,0,0,0,1.0,1,1,0.75,0,0,1.6522150120532262e-10,0.0,0.021931568569324173,0.40213263400990523,0.0,0.0,0.0,0.0,0.000000,2,dyadic,0
rand_n4_112,random_strict,0,train,4,5,0.4166666666666667,3,2,3,2,2,0,0,1.0,1,2,0.5,0,0,1.6522235113194267e-10,0.0,0.027414460711655216,0.0,0.0,0.0,0.0,0.0,0.000000,4,dyadic,0
rand_n4_113,random_strict,0,train,4,4,0.3333333333333333,2,2,2,2,1,0,0,1.0,1,2,0.75,0,1,1.6521980135208253e-10,0.0,0.027414460711655216,0.5205336203535352,0.0,0.0,0.0,0.0,0.000000,4,dyadic,0
rand_n4_114,random_strict,0,train,4,3,0.25,2,1,2,1,1,0,0,1.0,1,2,0.25,1,0,1.6522235113194267e-10,0.0,0.021931568569324173,0.16666666666666666,0.0,0.0,0.0,0.0,0.000000,4,dyadic,0
rand_n4_115,random_strict,0,train,4,4,0.3333333333333333,3,1,3,1,1,0,0,1.0,1,2,0.375,0,0,8.261102912854312e-11,1.9544340028423544,0.0383802449963173,0.18089359273522007,1.9544340029249652,0.0,0.16286950024374708,0.0,0.000000,4,dyadic,0
rand_n4_116,random_strict,0,train,4,4,0.3333333333333333,3,1,3,1,1,0,0,1.0,1,2,0.375,0,0,8.261102912854312e-11,1.9544340028423544,0.021931568569324173,0.16666666666666666,1.9544340029249652,0.0,0.16286950024374708,0.0,0.000000,4,dyadic,0
rand_n4_117,random_strict,0,train,4,5,0.4166666666666667,3,2,3,2,2,0,0,1.0,1,2,0.625,0,0,0.9544340029662701,2.9544340028010487,0.0383802449963173,0.1890212894192148,1.9544340029249652,0.0,0.3257390004874942,-0.9544340029249649,0.000000,4,dyadic,0
rand_n4_118,random_strict,0,train,4,4,0.3333333333333333,3,1,3,1,1,0,0,1.0,1,2,0.375,0,0,8.26116952623579e-11,1.9544340028423544,0.027414460711655216,0.49999999999999994,1.9544340029249652,0.0,0.16286950024374708,0.0,0.000000,4,dyadic,0
rand_n4_119,random_strict,0,train,4,6,0.5,3,3,3,3,3,0,0,1.0,1,2,0.625,0,0,1.6522235113194267e-10,0.0,0.021931568569324173,0.49999999999999994,0.0,0.0,0.0,0.0,0.000000,4,dyadic,0
rand_n4_120,random_strict,0,train,4,5,0.4166666666666667,3,2,3,2,2,0,0,1.0,1,2,0.875,0,0,1.6522065127870258e-10,0.0,0.03289735285398626,0.8042652680198105,0.0,0.0,0.0,0.0,0.000000,4,dyadic,0
rand_n4_121,random_strict,0,train,4,4,0.3333333333333333,2,2,2,2,2,0,0,1.0,1,2,0.25,0,0,0.8112781245004377,2.8112781243352165,0.021931568569324173,0.0,1.8112781244591325,-2.220446049250313e-16,0.3018796874098555,-0.8112781244591332,0.000000,4,dyadic,0
rand_n4_122,random_strict,0,train,4,3,0.25,3,1,3,0,0,0,0,1.0,1,1,0.625,0,0,1.6522235113194267e-10,0.0,0.021931568569324173,0.00033400133600534383,0.0,0.0,0.0,0.0,0.000000,2,dyadic,0
rand_n4_123,random_strict,0,train,4,4,0.3333333333333333,3,1,3,1,1,0,0,1.0,1,2,0.5,0,0,8.26108070839382e-11,1.999999999917389,0.043863137138648346,0.015558936719347874,2.0,0.0,0.16666666666666666,0.0,0.000000,4,dyadic,0
rand_n4_124,random_strict,0,train,4,4,0.3333333333333333,2,2,2,2,1,0,0,1.0,1,2,0.5,0,0,1.0000000000413047,2.9999999998760836,0.043863137138648346,0.1890212894192148,2.0,0.0,0.3333333333333333,-1.0,0.000000,4,dyadic,0
rand_n4_125,random_strict,0,train,4,3,0.25,1,2,1,2,1,0,0,1.0,1,2,0.5,0,0,1.0000000000413056,2.9999999998760836,0.03289735285398626,0.1890212894192148,2.0,0.0,0.3333333333333333,-1.0,0.000000,4,dyadic,0
rand_n4_126,random_strict,0,train,4,6,0.5,3,3,3,3,3,0,0,1.0,1,2,0.75,0,0,1.6522235113194267e-10,0.0,0.03289735285398626,0.7405021859386854,0.0,0.0,0.0,0.0,1.000000,4,triadic,1
rand_n4_127,random_strict,0,train,4,4,0.3333333333333333,3,1,3,1,1,0,0,1.0,1,2,0.5,0,0,1.6521980135208253e-10,0.0,0.027414460711655216,0.16733466933867733,0.0,0.0,0.0,0.0,0.000000,4,dyadic,0
rand_n4_128,random_strict,0,train,4,5,0.4166666666666667,2,3,2,3,2,0,0,1.0,1,2,0.25,0,0,1.6522150120532262e-10,0.0,0.027414460711655216,0.49999999999999994,0.0,0.0,0.0,0.0,0.000000,4,dyadic,0
rand_n4_129,random_strict,0,train,4,5,0.4166666666666667,3,2,3,2,2,0,0,1.0,1,2,0.625,0,0,0.9544340029662712,2.954434002801049,0.03289735285398626,0.16666666666666666,1.9544340029249652,0.0,0.32573900048749416,-0.9544340029249649,0.000000,4,dyadic,0
rand_n4_130,random_strict,0,train,4,4,0.3333333333333333,3,1,3,1,1,0,0,1.0,1,2,0.875,0,0,1.6522065127870258e-10,0.0,0.01644867642699313,0.0,0.0,0.0,0.0,0.0,0.000000,4,dyadic,0
rand_n4_131,random_strict,0,train,4,4,0.3333333333333333,3,1,3,1,1,0,0,1.0,1,2,0.625,0,0,1.6522235113194267e-10,0.0,0.027414460711655216,0.0,0.0,0.0,0.0,0.0,0.000000,4,dyadic,0
rand_n4_132,random_strict,0,train,4,4,0.3333333333333333,3,1,3,1,1,0,0,1.0,1,2,0.5,0,0,1.6522235113194267e-10,0.0,0.027414460711655216,0.0,0.0,0.0,0.0,0.0,0.000000,4,dyadic,0
rand_n4_133,random_strict,0,train,4,4,0.3333333333333333,3,1,3,1,1,0,0,1.0,1,2,0.625,0,0,8.261191730696282e-11,1.9544340028423546,0.03289735285398626,0.16666666666666666,1.9544340029249652,0.0,0.16286950024374708,0.0,0.000000,4,dyadic,0
rand_n4_134,random_strict,0,train,4,4,0.3333333333333333,3,1,3,1,1,0,0,1.0,1,2,0.25,0,0,1.6522235113194267e-10,0.0,0.021931568569324173,0.16666666666666666,0.0,0.0,0.0,0.0,0.000000,4,dyadic,0
rand_n4_135,random_strict,0,train,4,3,0.25,3,1,3,0,0,0,0,1.0,1,1,0.5,0,0,1.6522150120532262e-10,0.0,0.027414460711655216,0.16666666666666666,0.0,0.0,0.0,0.0,0.000000,2,dyadic,0
rand_n4_136,random_strict,0,train,4,4,0.3333333333333333,3,1,3,1,1,0,0,1.0,1,2,0.875,0,1,1.6522150120532262e-10,0.0,0.027414460711655216,0.40213263400990523,0.0,0.0,0.0,0.0,0.000000,4,dyadic,0
rand_n4_137,random_strict,0,train,4,5,0.4166666666666667,3,2,3,2,2,0,0,1.0,1,2,0.375,0,0,0.9544340029662701,2.9544340028010487,0.0383802449963173,0.18904974071845893,1.9544340029249652,0.0,0.3257390004874942,-0.9544340029249649,0.000000,4,dyadic,0
rand_n4_138,random_strict,0,train,4,4,0.3333333333333333,3,1,3,1,1,0,0,1.0,1,2,0.5,0,0,1.6522065127870258e-10,0.0,0.03289735285398626,0.3497110647143042,0.0,0.0,0.0,0.0,0.000000,4,dyadic,0
rand_n4_139,random_strict,0,train,4,3,0.25,3,1,3,0,0,0,0,1.0,1,1,0.5,0,0,1.6522150120532262e-10,0.0,0.027414460711655216,0.40213263400990523,0.0,0.0,0.0,0.0,0.000000,2,dyadic,0
rand_n4_140,random_strict,0,train,4,4,0.3333333333333333,3,1,3,1,1,0,0,1.0,1,2,0.625,0,0,8.26099189055185e-11,1.9544340028423544,0.021931568569324173,0.16666666666666666,1.9544340029249652,0.0,0.16286950024374708,0.0,0.000000,4,dyadic,0
rand_n4_141,random_strict,0,train,4,5,0.4166666666666667,3,2,3,2,2,0,0,1.0,1,2,0.75,0,0,0.8112781245004386,2.811278124335217,0.043863137138648346,0.19032351542143164,1.8112781244591327,0.0,0.3018796874098555,-0.8112781244591329,0.000000,4,dyadic,0
rand_n4_142,random_strict,0,train,4,5,0.4166666666666667,3,2,3,2,2,0,0,1.0,1,2,0.25,0,0,1.6522235113194267e-10,0.0,0.0383802449963173,0.5691286148032121,0.0,0.0,0.0,0.0,0.000000,4,dyadic,0
rand_n4_143,random_strict,0,train,4,3,0.25,2,1,2,1,1,0,0,1.0,1,2,0.25,0,0,8.261058503933327e-11,1.8112781243765221,0.043863137138648346,0.014922049367861507,1.8112781244591325,0.0,0.15093984370492775,-4.440892098500626e-16,0.000000,4,dyadic,0
rand_n4_144,random_strict,0,train,4,5,0.4166666666666667,3,2,3,2,2,0,0,1.0,1,2,0.5,0,1,1.0000000000413056,2.9999999998760836,0.0383802449963173,0.16666800001600016,2.0,0.0,0.3333333333333333,-1.0,0.000000,4,dyadic,0
rand_n4_145,random_strict,0,train,4,5,0.4166666666666667,3,2,3,2,2,0,0,1.0,1,2,0.75,0,1,0.8112781245004377,2.811278124335217,0.049346029280979385,0.19032351542143164,1.8112781244591327,0.0,0.3018796874098555,-0.8112781244591328,0.000000,4,dyadic,0
rand_n4_146,random_strict,0,train,4,4,0.3333333333333333,3,1,3,1,1,0,0,1.0,1,2,0.375,0,0,8.261102912854312e-11,1.9544340028423544,0.03289735285398626,0.3624525241211706,1.9544340029249652,0.0,0.16286950024374708,0.0,0.000000,4,dyadic,0
rand_n4_147,random_strict,0,train,4,4,0.3333333333333333,3,1,3,1,1,0,0,1.0,1,2,0.625,0,0,8.26108070839382e-11,1.9544340028423544,0.03289735285398626,0.3624525241211706,1.9544340029249652,0.0,0.16286950024374708,0.0,0.000000,4,dyadic,0
rand_n4_148,random_strict,0,train,4,5,0.4166666666666667,3,2,3,2,2,0,0,1.0,1,2,0.5,0,0,1.6522065127870258e-10,0.0,0.027414460711655216,0.8042652680198105,0.0,0.0,0.0,0.0,0.000000,4,dyadic,0
rand_n4_149,random_strict,0,train,4,3,0.25,3,1,3,0,0,0,0,1.0,1,1,0.625,0,0,1.6522235113194267e-10,0.0,0.03289735285398626,0.11773298367161933,0.0,0.0,0.0,0.0,0.000000,2,dyadic,0
rand_n4_150,random_strict,0,train,4,4,0.3333333333333333,3,1,3,1,1,0,0,1.0,1,2,0.375,0,0,1.6522150120532262e-10,0.0,0.021931568569324173,0.0,0.0,0.0,0.0,0.0,0.000000,4,dyadic,0
rand_n4_151,random_strict,0,train,4,4,0.3333333333333333,3,1,3,1,1,0,0,1.0,1,2,0.625,0,0,8.26099189055185e-11,1.9544340028423546,0.027414460711655216,0.49999999999999994,1.9544340029249652,0.0,0.16286950024374708,0.0,0.000000,4,dyadic,0
rand_n4_152,random_strict,0,train,4,4,0.3333333333333333,3,1,3,1,1,0,0,1.0,1,2,0.75,0,1,1.6522065127870258e-10,0.0,0.01644867642699313,0.0,0.0,0.0,0.0,0.0,0.000000,4,dyadic,0
rand_n4_153,random_strict,0,train,4,3,0.25,3,1,3,0,0,0,0,1.0,1,1,0.5,0,0,1.6522235113194267e-10,0.0,0.03289735285398626,0.40213263400990523,0.0,0.0,0.0,0.0,0.000000,2,dyadic,0
rand_n4_154,random_strict,0,train,4,5,0.4166666666666667,3,2,3,2,2,0,0,1.0,1,2,0.25,0,0,1.6522150120532262e-10,0.0,0.027414460711655216,0.5205336203535352,0.0,0.0,0.0,0.0,0.000000,4,dyadic,0
rand_n4_155,random_strict,0,train,4,3,0.25,3,1,3,0,0,0,0,1.0,1,1,0.625,0,0,1.6521980135208253e-10,0.0,0.010965784284662087,0.0,0.0,0.0,0.0,0.0,0.000000,2,dyadic,0
rand_n4_156,random_strict,0,train,4,4,0.3333333333333333,3,1,3,1,1,0,0,1.0,1,2,0.375,0,1,8.261191730696282e-11,1.9544340028423544,0.027414460711655216,0.18089359273522007,1.9544340029249652,0.0,0.16286950024374708,0.0,0.000000,4,dyadic,0
rand_n4_157,random_strict,0,train,4,3,0.25,3,1,3,0,0,0,0,1.0,1,1,0.375,0,0,1.6522065127870258e-10,0.0,0.021931568569324173,0.16666666666666666,0.0,0.0,0.0,0.0,0.000000,2,dyadic,0
rand_n4_158,random_strict,0,train,4,5,0.4166666666666667,3,2,3,2,2,0,0,1.0,1,2,0.375,0,0,0.9544340029662712,2.9544340028010487,0.0383802449963173,0.16666666666666666,1.9544340029249652,0.0,0.32573900048749416,-0.9544340029249649,0.000000,4,dyadic,0
rand_n4_159,random_strict,0,train,4,5,0.4166666666666667,3,2,3,2,2,0,0,1.0,1,2,0.375,0,0,0.9544340029662701,2.9544340028010487,0.0383802449963173,0.5210226121017537,1.9544340029249652,0.0,0.3257390004874942,-0.9544340029249649,0.000000,4,dyadic,0
rand_n4_160,random_strict,0,train,4,4,0.3333333333333333,3,1,3,1,1,0,0,1.0,1,2,0.125,0,0,1.6522150120532262e-10,0.0,0.027414460711655216,0.0,0.0,0.0,0.0,0.0,0.000000,4,dyadic,0
rand_n4_161,random_strict,0,train,4,2,0.16666666666666666,2,1,2,0,0,0,0,1.0,1,1,0.75,0,1,1.6522065127870258e-10,0.0,0.021931568569324173,0.0,0.0,0.0,0.0,0.0,0.000000,2,dyadic,0
rand_n4_162,random_strict,0,train,4,5,0.4166666666666667,3,2,3,2,2,0,0,1.0,1,2,0.375,0,0,1.6522235113194267e-10,0.0,0.03289735285398626,0.16733466933867733,0.0,0.0,0.0,0.0,0.000000,4,dyadic,0
rand_n4_163,random_strict,0,train,4,5,0.4166666666666667,3,2,3,2,2,0,0,1.0,1,2,0.5,0,0,1.6522150120532262e-10,0.0,0.03289735285398626,0.11853980823522153,0.0,0.0,0.0,0.0,0.000000,4,dyadic,0
rand_n4_164,random_strict,0,train,4,4,0.3333333333333333,3,1,3,1,1,0,0,1.0,1,2,0.875,0,1,1.6522235113194267e-10,0.0,0.027414460711655216,0.16733466933867733,0.0,0.0,0.0,0.0,0.000000,4,dyadic,0
rand_n4_165,random_strict,0,train,4,3,0.25,2,1,2,1,0,0,0,1.0,1,2,0.75,0,0,1.6522235113194267e-10,0.0,0.027414460711655216,0.16733466933867733,0.0,0.0,0.0,0.0,0.000000,4,dyadic,0
rand_n4_166,random_strict,0,train,4,5,0.4166666666666667,3,2,3,2,2,0,0,1.0,1,2,0.625,0,0,0.9544340029662701,2.9544340028010487,0.027414460711655216,0.5,1.9544340029249652,0.0,0.3257390004874942,-0.9544340029249649,0.000000,4,dyadic,0
rand_n4_167,random_strict,0,train,4,5,0.4166666666666667,3,2,3,2,2,0,0,1.0,1,2,0.375,0,0,1.6522235113194267e-10,0.0,0.0383802449963173,0.3548907924107078,0.0,0.0,0.0,0.0,0.000000,4,dyadic,0
rand_n4_168,random_strict,0,train,4,5,0.4166666666666667,2,3,2,3,2,0,0,1.0,1,2,0.75,0,1,1.6522065127870258e-10,0.0,0.021931568569324173,0.16666666666666666,0.0,0.0,0.0,0.0,0.000000,4,dyadic,0
rand_n4_169,random_strict,0,train,4,5,0.4166666666666667,3,2,3,2,2,0,0,1.0,1,2,0.25,0,0,1.6522235113194267e-10,0.0,0.021931568569324173,0.16666666666666666,0.0,0.0,0.0,0.0,0.000000,4,dyadic,0
rand_n4_170,random_strict,0,train,4,5,0.4166666666666667,3,2,3,2,2,0,0,1.0,1,2,0.625,0,0,1.6522235113194267e-10,0.0,0.0383802449963173,0.23694079457885145,0.0,0.0,0.0,0.0,0.000000,4,dyadic,0
rand_n4_171,random_strict,0,train,4,5,0.4166666666666667,3,2,3,2,2,0,0,1.0,1,2,0.375,0,0,0.9544340029662701,2.9544340028010487,0.043863137138648346,0.1890212894192148,1.9544340029249652,0.0,0.32573900048749416,-0.9544340029249649,0.000000,4,dyadic,0
rand_n4_172,random_strict,0,train,4,5,0.4166666666666667,3,2,3,2,2,0,0,1.0,1,2,0.25,0,0,1.6522150120532262e-10,0.0,0.043863137138648346,0.11853980823522152,0.0,0.0,0.0,0.0,0.000000,4,dyadic,0
rand_n4_173,random_strict,0,train,4,4,0.3333333333333333,2,2,2,2,2,0,0,1.0,1,2,0.25,1,0,0.8112781245004377,2.8112781243352165,0.043863137138648346,0.16666800001600016,1.8112781244591327,0.0,0.3018796874098555,-0.8112781244591328,0.000000,4,dyadic,0
rand_n4_174,random_strict,0,train,4,5,0.4166666666666667,3,2,3,2,2,0,0,1.0,1,2,0.375,0,0,1.6522235113194267e-10,0.0,0.03289735285398626,0.8042652680198105,0.0,0.0,0.0,0.0,0.000000,4,dyadic,0
rand_n4_175,random_strict,0,train,4,4,0.3333333333333333,3,1,3,1,1,0,0,1.0,1,2,0.5,0,1,1.6522150120532262e-10,0.0,0.027414460711655216,0.0,0.0,0.0,0.0,0.0,0.000000,4,dyadic,0
rand_n4_176,random_strict,0,train,4,5,0.4166666666666667,2,3,2,3,2,0,0,1.0,1,2,0.25,0,0,1.6225562489182654,3.8112781242939113,0.021931568569324173,0.0,1.8112781244591327,0.0,0.4528195311147832,-0.8112781244591329,0.000000,4,dyadic,0
rand_n4_177,random_strict,0,train,4,4,0.3333333333333333,3,1,3,1,1,0,0,1.0,1,2,0.25,0,0,1.6522065127870258e-10,0.0,0.021931568569324173,0.49999999999999994,0.0,0.0,0.0,0.0,0.000000,4,dyadic,0
rand_n4_178,random_strict,0,train,4,3,0.25,3,1,3,0,0,0,0,1.0,1,1,0.875,0,0,1.6522065127870258e-10,0.0,0.027414460711655216,0.9999999999999999,0.0,0.0,0.0,0.0,0.000000,2,dyadic,0
rand_n4_179,random_strict,0,train,4,3,0.25,3,1,3,0,0,0,0,1.0,1,1,0.375,0,0,1.6522065127870258e-10,0.0,0.03289735285398626,0.40213263400990523,0.0,0.0,0.0,0.0,0.000000,2,dyadic,0
rand_n4_180,random_strict,0,train,4,5,0.4166666666666667,3,2,3,2,2,0,0,1.0,1,2,0.125,0,0,0.5435644432409024,2.54356444307568,0.03289735285398626,0.1890212894192148,1.5435644431995963,0.0,0.25726074053326603,-0.5435644431995963,0.000000,4,dyadic,0
rand_n4_181,random_strict,0,train,4,3,0.25,2,1,2,1,0,0,0,1.0,1,2,0.75,0,1,1.6522065127870258e-10,0.0,0.027414460711655216,0.0,0.0,0.0,0.0,0.0,0.000000,4,dyadic,0
rand_n4_182,random_strict,0,train,4,4,0.3333333333333333,3,1,3,1,1,0,0,1.0,1,2,0.5,0,0,8.26108070839382e-11,1.999999999917389,0.027414460711655216,0.0,2.0,0.0,0.16666666666666666,0.0,0.000000,4,dyadic,0
rand_n4_183,random_strict,0,train,4,6,0.5,3,3,3,3,3,0,0,1.0,1,2,0.75,0,1,1.6522065127870258e-10,0.0,0.027414460711655216,0.49999999999999994,0.0,0.0,0.0,0.0,0.000000,4,dyadic,0
rand_n4_184,random_strict,0,train,4,5,0.4166666666666667,3,2,3,2,2,0,0,1.0,1,2,0.5,0,0,1.6522235113194267e-10,0.0,0.0383802449963173,0.5691286148032121,0.0,0.0,0.0,0.0,0.000000,4,dyadic,0
rand_n4_185,random_strict,0,train,4,3,0.25,1,2,1,2,1,0,0,1.0,1,2,0.5,1,0,1.0000000000413047,2.9999999998760836,0.01644867642699313,0.16666666666666666,2.0,0.0,0.3333333333333333,-1.0,0.000000,4,dyadic,0
rand_n4_186,random_strict,0,train,4,5,0.4166666666666667,3,2,3,2,2,0,0,1.0,1,2,0.5,0,1,1.6522150120532262e-10,0.0,0.0383802449963173,0.7483558124236556,0.0,0.0,0.0,0.0,0.000000,4,dyadic,0
rand_n4_187,random_strict,0,train,4,3,0.25,3,1,3,0,0,0,0,1.0,1,1,0.5,0,0,1.6522065127870258e-10,0.0,0.027414460711655216,0.501002004008016,0.0,0.0,0.0,0.0,0.000000,2,dyadic,0
rand_n4_188,random_strict,0,train,4,5,0.4166666666666667,3,2,3,2,2,0,0,1.0,1,2,0.5,0,0,1.6522235113194267e-10,0.0,0.027414460711655216,0.16666666666666666,0.0,0.0,0.0,0.0,0.000000,4,dyadic,0
rand_n4_189,random_strict,0,train,4,5,0.4166666666666667,3,2,3,2,2,0,0,1.0,1,2,0.75,0,0,1.6522150120532262e-10,0.0,0.027414460711655216,0.5205336203535352,0.0,0.0,0.0,0.0,0.000000,4,dyadic,0
rand_n4_190,random_strict,0,train,4,5,0.4166666666666667,3,2,3,2,2,0,0,1.0,1,2,0.75,0,0,0.8112781245004377,2.8112781243352174,0.0383802449963173,0.16666666666666666,1.8112781244591325,-2.220446049250313e-16,0.3018796874098555,-0.8112781244591332,0.000000,4,dyadic,0
rand_n4_191,random_strict,0,train,4,3,0.25,3,1,3,0,0,0,0,1.0,1,1,0.625,0,0,1.6521980135208253e-10,0.0,0.01644867642699313,0.0,0.0,0.0,0.0,0.0,0.000000,2,dyadic,0
rand_n4_192,random_strict,0,train,4,4,0.3333333333333333,3,1,3,1,1,0,0,1.0,1,2,0.375,0,0,8.261102912854312e-11,1.9544340028423544,0.027414460711655216,0.16666666666666666,1.9544340029249652,0.0,0.16286950024374708,0.0,0.000000,4,dyadic,0
rand_n4_193,random_strict,0,train,4,3,0.25,3,1,3,0,0,0,0,1.0,1,1,0.75,0,0,1.6521980135208253e-10,0.0,0.027414460711655216,0.40213263400990523,0.0,0.0,0.0,0.0,0.000000,2,dyadic,0
rand_n4_194,random_strict,0,train,4,6,0.5,3,3,3,3,3,0,0,1.0,1,2,0.75,0,0,1.6225562489182654,3.8112781242939118,0.027414460711655216,1.0,1.8112781244591327,0.0,0.4528195311147832,-0.8112781244591329,0.500000,4,triadic,1
rand_n4_195,random_strict,0,train,4,4,0.3333333333333333,3,1,3,1,1,0,0,1.0,1,2,0.5,0,0,8.26108070839382e-11,1.999999999917389,0.021931568569324173,0.16666666666666666,2.0,0.0,0.16666666666666666,0.0,0.000000,4,dyadic,0
rand_n4_196,random_strict,0,train,4,5,0.4166666666666667,2,3,2,3,2,0,0,1.0,1,2,0.75,0,1,1.6225562489182654,3.8112781242939118,0.0383802449963173,0.5000026666986669,1.8112781244591327,0.0,0.4528195311147832,-0.8112781244591329,0.000000,4,dyadic,0
rand_n4_197,random_strict,0,train,4,5,0.4166666666666667,3,2,3,2,2,0,0,1.0,1,2,0.5,0,1,1.0000000000413056,2.9999999998760836,0.0383802449963173,0.19032351542143158,2.0,0.0,0.3333333333333333,-1.0,0.000000,4,dyadic,0
rand_n4_198,random_strict,0,train,4,5,0.4166666666666667,3,2,3,2,2,0,0,1.0,1,2,0.5,0,0,1.652232010585627e-10,0.0,0.021931568569324173,0.8042652680198105,0.0,0.0,0.0,0.0,0.000000,4,dyadic,0
rand_n4_199,random_strict,0,train,4,4,0.3333333333333333,3,1,3,1,1,0,0,1.0,1,2,0.5,0,0,8.26108070839382e-11,1.999999999917389,0.027414460711655216,0.16666666666666666,2.0,0.0,0.16666666666666666,0.0,0.000000,4,dyadic,0
rand_n4_200,random_strict,0,train,4,4,0.3333333333333333,3,1,3,1,1,0,0,1.0,1,2,0.375,0,0,1.6522150120532262e-10,0.0,0.027414460711655216,0.0,0.0,0.0,0.0,0.0,0.000000,4,dyadic,0
rand_n4_201,random_strict,0,train,4,3,0.25,3,1,3,0,0,0,0,1.0,1,1,0.5,0,0,1.6522150120532262e-10,0.0,0.021931568569324173,0.0,0.0,0.0,0.0,0.0,0.000000,2,dyadic,0
rand_n4_202,random_strict,0,train,4,4,0.3333333333333333,3,1,3,1,1,0,0,1.0,1,2,0.375,0,0,8.261102912854312e-11,1.9544340028423544,0.0383802449963173,0.015558936719347874,1.9544340029249652,0.0,0.16286950024374708,0.0,0.000000,4,dyadic,0
rand_n4_203,random_strict,0,train,4,6,0.5,3,3,3,3,3,0,0,1.0,1,2,0.5,0,0,2.0,3.9999999998347784,0.03289735285398626,1.0,2.0,0.0,0.5,-1.0,0.000000,4,dyadic,0
rand_n4_204,random_strict,0,train,4,4,0.3333333333333333,3,1,3,1,1,0,0,1.0,1,2,0.25,0,0,8.261058503933327e-11,1.811278124376522,0.021931568569324173,0.0,1.8112781244591325,0.0,0.15093984370492775,-4.440892098500626e-16,0.000000,4,dyadic,0
rand_n4_205,random_strict,0,train,4,4,0.3333333333333333,3,1,3,1,1,0,0,1.0,1,2,0.375,0,0,8.261102912854312e-11,1.9544340028423541,0.01644867642699313,0.0,1.9544340029249652,0.0,0.16286950024374708,0.0,0.000000,4,dyadic,0
rand_n4_206,random_strict,0,train,4,5,0.4166666666666667,3,2,3,2,2,0,0,1.0,1,2,0.625,0,0,1.6522235113194267e-10,0.0,0.021931568569324173,0.16666666666666666,0.0,0.0,0.0,0.0,0.000000,4,dyadic,0
rand_n4_207,random_strict,0,train,4,2,0.16666666666666666,2,1,2,0,0,0,0,1.0,1,1,0.25,0,0,1.6522065127870258e-10,0.0,0.027414460711655216,0.16666666666666666,0.0,0.0,0.0,0.0,0.000000,2,dyadic,0
rand_n4_208,random_strict,0,train,4,4,0.3333333333333333,3,1,3,1,1,0,0,1.0,1,2,0.625,0,0,8.26108070839382e-11,1.9544340028423546,0.03289735285398626,0.3631774320690564,1.9544340029249652,0.0,0.16286950024374708,0.0,0.000000,4,dyadic,0
rand_n4_209,random_strict,0,train,4,3,0.25,1,2,1,2,1,0,0,1.0,1,2,0.5,0,0,1.0000000000413056,2.9999999998760836,0.03289735285398626,0.49866932269853903,2.0,0.0,0.3333333333333333,-1.0,0.000000,4,dyadic,0
rand_n4_210,random_strict,0,train,4,4,0.3333333333333333,3,1,3,1,1,0,0,1.0,1,2,0.375,0,0,8.261191730696282e-11,1.9544340028423544,0.043863137138648346,0.19711786810529838,1.9544340029249652,0.0,0.16286950024374708,0.0,0.000000,4,dyadic,0
rand_n4_211,random_strict,0,train,4,4,0.3333333333333333,3,1,3,1,1,0,0,1.0,1,2,0.5,0,0,8.26108070839382e-11,1.999999999917389,0.0383802449963173,0.0,2.0,0.0,0.16666666666666666,0.0,0.000000,4,dyadic,0
rand_n4_212,random_strict,0,train,4,5,0.4166666666666667,3,2,3,2,2,0,0,1.0,1,2,0.5,0,1,1.652232010585627e-10,0.0,0.021931568569324173,0.8042652680198105,0.0,0.0,0.0,0.0,0.000000,4,dyadic,0
rand_n4_213,random_strict,0,train,4,4,0.3333333333333333,3,1,3,1,1,0,0,1.0,1,2,0.625,0,0,1.6521980135208253e-10,0.0,0.01644867642699313,0.0,0.0,0.0,0.0,0.0,0.000000,4,dyadic,0
rand_n4_214,random_strict,0,train,4,4,0.3333333333333333,3,1,3,1,1,0,0,1.0,1,2,0.75,0,0,1.6522065127870258e-10,0.0,0.021931568569324173,0.0,0.0,0.0,0.0,0.0,0.000000,4,dyadic,0
rand_n4_215,random_strict,0,train,4,4,0.3333333333333333,3,1,3,1,1,0,0,1.0,1,2,0.375,0,0,8.26108070839382e-11,1.9544340028423541,0.0383802449963173,0.19711786810529838,1.9544340029249652,0.0,0.16286950024374708,0.0,0.000000,4,dyadic,0
rand_n4_216,random_strict,0,train,4,4,0.3333333333333333,3,1,3,1,1,0,0,1.0,1,2,0.625,0,0,1.6522235113194267e-10,0.0,0.03289735285398626,0.2012044682111304,0.0,0.0,0.0,0.0,0.000000,4,dyadic,0
rand_n4_217,random_strict,0,train,4,5,0.4166666666666667,3,2,3,2,2,0,0,1.0,1,2,0.25,0,0,1.6522235113194267e-10,0.0,0.027414460711655216,0.0,0.0,0.0,0.0,0.0,0.000000,4,dyadic,0
rand_n4_218,random_strict,0,train,4,4,0.3333333333333333,3,1,3,1,1,0,0,1.0,1,2,0.375,0,0,1.652232010585627e-10,0.0,0.027414460711655216,0.11773298367161932,0.0,0.0,0.0,0.0,0.000000,4,dyadic,0
rand_n4_219,random_strict,0,train,4,5,0.4166666666666667,3,2,3,2,2,0,0,1.0,1,2,0.625,0,0,1.6522150120532262e-10,0.0,0.027414460711655216,0.3548907924107077,0.0,0.0,0.0,0.0,0.000000,4,dyadic,0
rand_n4_220,random_strict,0,train,4,3,0.25,2,1,2,1,0,0,0,1.0,1,2,0.75,0,0,1.6522065127870258e-10,0.0,0.03289735285398626,0.16666666666666666,0.0,0.0,0.0,0.0,0.000000,4,dyadic,0
rand_n4_221,random_strict,0,train,4,4,0.3333333333333333,3,1,3,1,1,0,0,1.0,1,2,0.375,0,0,8.26116952623579e-11,1.9544340028423541,0.0383802449963173,0.014922049367861505,1.9544340029249652,0.0,0.16286950024374708,0.0,0.000000,4,dyadic,0
rand_n4_222,random_strict,0,train,4,5,0.4166666666666667,3,2,3,2,2,0,0,1.0,1,2,0.375,0,0,1.6522235113194267e-10,0.0,0.03289735285398626,0.8042652680198105,0.0,0.0,0.0,0.0,0.000000,4,dyadic,0
rand_n4_223,random_strict,0,train,4,4,0.3333333333333333,3,1,3,1,1,0,0,1.0,1,2,0.5,0,0,8.26108070839382e-11,1.9999999999173894,0.043863137138648346,0.19711786810529838,2.0,0.0,0.16666666666666666,0.0,0.000000,4,dyadic,0
rand_n4_224,random_strict,0,train,4,5,0.4166666666666667,3,2,3,2,2,0,0,1.0,1,2,0.375,0,0,1.6522150120532262e-10,0.0,0.0383802449963173,0.11853980823522152,0.0,0.0,0.0,0.0,0.000000,4,dyadic,0
rand_n4_225,random_strict,0,train,4,4,0.3333333333333333,2,2,2,2,1,0,0,1.0,1,2,0.25,0,0,0.8112781245004377,2.8112781243352165,0.0383802449963173,0.520992827453176,1.8112781244591327,0.0,0.3018796874098555,-0.8112781244591329,0.000000,4,dyadic,0
rand_n4_226,random_strict,0,train,4,5,0.4166666666666667,3,2,3,2,2,0,0,1.0,1,2,0.5,0,0,1.6522065127870258e-10,0.0,0.021931568569324173,0.16666666666666666,0.0,0.0,0.0,0.0,0.000000,4,dyadic,0
rand_n4_227,random_strict,0,train,4,4,0.3333333333333333,3,1,3,1,1,0,0,1.0,1,2,0.5,0,0,1.6522065127870258e-10,0.0,0.027414460711655216,0.40213263400990523,0.0,0.0,0.0,0.0,0.000000,4,dyadic,0
rand_n4_228,random_strict,0,train,4,4,0.3333333333333333,2,2,2,2,2,0,0,1.0,1,2,0.75,0,0,1.6521980135208253e-10,0.0,0.027414460711655216,0.49999999999999994,0.0,0.0,0.0,0.0,0.000000,4,dyadic,0
rand_n4_229,random_strict,0,train,4,2,0.16666666666666666,2,1,2,0,0,0,0,1.0,1,1,0.5,0,1,1.6522065127870258e-10,0.0,0.01644867642699313,0.0,0.0,0.0,0.0,0.0,0.000000,2,dyadic,0
rand_n4_230,random_strict,0,train,4,3,0.25,3,1,3,0,0,0,0,1.0,1,1,0.375,0,0,1.6522235113194267e-10,0.0,0.027414460711655216,0.0,0.0,0.0,0.0,0.0,0.000000,2,dyadic,0
rand_n4_231,random_strict,0,train,4,4,0.3333333333333333,2,2,2,2,2,0,0,1.0,1,2,0.75,0,0,0.8112781245004377,2.811278124335217,0.027414460711655216,0.16666800001600016,1.8112781244591325,-2.220446049250313e-16,0.3018796874098555,-0.8112781244591332,0.000000,4,dyadic,0
rand_n4_232,random_strict,0,train,4,3,0.25,3,1,3,0,0,0,0,1.0,1,1,0.375,0,0,1.652232010585627e-10,0.0,0.01644867642699313,0.49999999999999994,0.0,0.0,0.0,0.0,0.000000,2,dyadic,0
rand_n4_233,random_strict,0,train,4,6,0.5,3,3,3,3,3,0,0,1.0,1,2,0.75,0,1,1.6225562489182654,3.8112781242939118,0.01644867642699313,0.16666666666666666,1.8112781244591325,-2.220446049250313e-16,0.4528195311147833,-0.8112781244591332,0.500000,4,triadic,1
rand_n4_234,random_strict,0,train,4,5,0.4166666666666667,3,2,3,2,2,0,0,1.0,1,2,0.375,0,0,1.652232010585627e-10,0.0,0.010965784284662087,0.0,0.0,0.0,0.0,0.0,0.000000,4,dyadic,0
rand_n4_235,random_strict,0,train,4,6,0.5,3,3,3,3,3,0,0,1.0,1,2,0.5,0,0,1.6521980135208253e-10,0.0,0.03289735285398626,0.5205336203535353,0.0,0.0,0.0,0.0,0.250000,4,triadic,1
rand_n4_236,random_strict,0,train,4,5,0.4166666666666667,3,2,3,2,2,0,0,1.0,1,2,0.25,0,0,1.6522150120532262e-10,0.0,0.021931568569324173,0.0,0.0,0.0,0.0,0.0,0.000000,4,dyadic,0
rand_n4_237,random_strict,0,train,4,4,0.3333333333333333,3,1,3,1,1,0,0,1.0,1,2,0.5,0,1,8.26116952623579e-11,1.9999999999173894,0.03289735285398626,0.01555893671934787,2.0,0.0,0.16666666666666666,0.0,0.000000,4,dyadic,0
rand_n4_238,random_strict,0,train,4,6,0.5,3,3,3,3,3,0,0,1.0,1,2,0.75,0,1,1.6225562489182654,3.8112781242939118,0.027414460711655216,0.9980039840478087,1.8112781244591325,-2.220446049250313e-16,0.4528195311147833,-0.8112781244591332,0.500000,4,triadic,1
rand_n4_239,random_strict,0,train,4,6,0.5,3,3,3,3,3,0,0,1.0,1,2,0.25,0,0,1.6225562489182654,3.8112781242939113,0.03289735285398626,0.5,1.8112781244591325,-2.220446049250313e-16,0.4528195311147833,-0.8112781244591332,0.500000,4,triadic,1
rand_n4_240,random_strict,0,train,4,3,0.25,3,1,3,0,0,0,0,1.0,1,1,0.375,0,0,1.6522235113194267e-10,0.0,0.027414460711655216,0.49999999999999994,0.0,0.0,0.0,0.0,0.000000,2,dyadic,0
rand_n4_241,random_strict,0,train,4,4,0.3333333333333333,3,1,3,1,1,0,0,1.0,1,2,0.625,0,0,8.26108070839382e-11,1.9544340028423544,0.043863137138648346,0.19651076540238968,1.9544340029249652,0.0,0.16286950024374708,0.0,0.000000,4,dyadic,0
rand_n4_242,random_strict,0,train,4,4,0.3333333333333333,3,1,3,1,1,0,0,1.0,1,2,0.75,0,1,8.261058503933327e-11,1.8112781243765221,0.043863137138648346,0.015558936719347874,1.8112781244591327,0.0,0.15093984370492775,-1.1102230246251565e-16,0.000000,4,dyadic,0
rand_n4_243,random_strict,0,train,4,4,0.3333333333333333,3,1,3,1,1,0,0,1.0,1,2,0.375,0,0,1.6522065127870258e-10,0.0,0.03289735285398626,0.4860769417770132,0.0,0.0,0.0,0.0,0.000000,4,dyadic,0
rand_n4_244,random_strict,0,train,4,4,0.3333333333333333,3,1,3,1,1,0,0,1.0,1,2,0.375,0,0,8.261191730696282e-11,1.9544340028423544,0.0383802449963173,0.0,1.9544340029249652,0.0,0.16286950024374708,0.0,0.000000,4,dyadic,0
rand_n4_245,random_strict,0,train,4,3,0.25,3,1,3,0,0,0,0,1.0,1,1,0.75,0,0,1.6522065127870258e-10,0.0,0.021931568569324173,0.16666666666666666,0.0,0.0,0.0,0.0,0.000000,2,dyadic,0
rand_n4_246,random_strict,0,train,4,4,0.3333333333333333,3,1,3,1,1,0,0,1.0,1,2,0.125,0,0,1.6522065127870258e-10,0.0,0.021931568569324173,0.16666666666666666,0.0,0.0,0.0,0.0,0.000000,4,dyadic,0
rand_n4_247,random_strict,0,train,4,5,0.4166666666666667,3,2,3,2,2,0,0,1.0,1,2,0.625,0,0,1.6522150120532262e-10,0.0,0.03289735285398626,0.235799968679244,0.0,0.0,0.0,0.0,0.000000,4,dyadic,0
rand_n4_248,random_strict,0,train,4,4,0.3333333333333333,3,1,3,1,1,0,0,1.0,1,2,0.125,0,0,8.261191730696282e-11,1.5435644431169853,0.03289735285398626,0.3624525241211706,1.543564443199596,0.0,0.12863037026663302,-2.220446049250313e-16,0.000000,4,dyadic,0
rand_n4_249,random_strict,0,train,4,3,0.25,3,1,3,0,0,0,0,1.0,1,1,0.625,0,0,1.6522235113194267e-10,0.0,0.027414460711655216,0.00033400133600534383,0.0,0.0,0.0,0.0,0.000000,2,dyadic,0
rand_n4_250,random_strict,0,train,4,4,0.3333333333333333,3,1,3,1,1,0,0,1.0,1,2,0.5,0,0,1.6522065127870258e-10,0.0,0.027414460711655216,0.11773298367161932,0.0,0.0,0.0,0.0,0.000000,4,dyadic,0
rand_n4_251,random_strict,0,train,4,4,0.3333333333333333,3,1,3,1,1,0,0,1.0,1,2,0.375,0,0,8.261014095012342e-11,1.9544340028423544,0.027414460711655216,0.16666666666666666,1.9544340029249652,0.0,0.16286950024374708,0.0,0.000000,4,dyadic,0
rand_n4_252,random_strict,0,train,4,3,0.25,1,2,1,2,1,0,0,1.0,1,2,0.5,0,0,1.0000000000413056,2.9999999998760836,0.043863137138648346,0.1890212894192148,2.0,0.0,0.3333333333333333,-1.0,0.000000,4,dyadic,0
rand_n4_253,random_strict,0,train,4,5,0.4166666666666667,3,2,3,2,2,0,0,1.0,1,2,0.5,0,0,1.0000000000413047,2.9999999998760836,0.027414460711655216,0.16666666666666666,2.0,0.0,0.3333333333333333,-1.0,0.000000,4,dyadic,0
rand_n4_254,random_strict,0,train,4,5,0.4166666666666667,3,2,3,2,2,0,0,1.0,1,2,0.375,0,0,1.6522150120532262e-10,0.0,0.03289735285398626,0.16733466933867733,0.0,0.0,0.0,0.0,0.000000,4,dyadic,0
rand_n4_255,random_strict,0,train,4,5,0.4166666666666667,3,2,3,2,2,0,0,1.0,1,2,0.625,0,1,0.954434002966271,2.954434002801049,0.021931568569324173,0.520992827453176,1.9544340029249652,0.0,0.3257390004874942,-0.9544340029249649,0.000000,4,dyadic,0
rand_n4_256,random_strict,0,train,4,6,0.5,3,3,3,3,3,0,0,1.0,1,2,0.875,0,0,1.6522065127870258e-10,0.0,0.027414460711655216,0.49999999999999994,0.0,0.0,0.0,0.0,0.000000,4,dyadic,0
rand_n4_257,random_strict,0,train,4,3,0.25,2,1,2,1,1,0,0,1.0,1,2,0.5,0,1,8.26108070839382e-11,1.999999999917389,0.027414460711655216,0.16666666666666666,2.0,0.0,0.16666666666666666,0.0,0.000000,4,dyadic,0
rand_n4_258,random_strict,0,train,4,4,0.3333333333333333,3,1,3,1,1,0,0,1.0,1,2,0.375,0,0,8.261102912854312e-11,1.9544340028423541,0.043863137138648346,0.19711786810529838,1.9544340029249652,0.0,0.16286950024374708,0.0,0.000000,4,dyadic,0
rand_n4_259,random_strict,0,train,4,5,0.4166666666666667,3,2,3,2,2,0,0,1.0,1,2,0.5,0,0,1.0000000000413056,2.9999999998760836,0.043863137138648346,0.1890212894192148,2.0,0.0,0.3333333333333333,-1.0,0.000000,4,dyadic,0
rand_n4_260,random_strict,0,train,4,3,0.25,1,2,1,2,1,0,0,1.0,1,2,0.5,1,0,1.0000000000413056,2.9999999998760836,0.01644867642699313,0.0,2.0,0.0,0.3333333333333333,-1.0,0.000000,4,dyadic,0
rand_n4_261,random_strict,0,train,4,4,0.3333333333333333,3,1,3,1,1,0,0,1.0,1,2,0.625,0,0,8.261014095012342e-11,1.9544340028423546,0.027414460711655216,0.0,1.9544340029249652,0.0,0.16286950024374708,0.0,0.000000,4,dyadic,0
rand_n4_262,random_strict,0,train,4,4,0.3333333333333333,3,1,3,1,1,0,0,1.0,1,2,0.5,0,0,1.6522235113194267e-10,0.0,0.03289735285398626,0.11853980823522152,0.0,0.0,0.0,0.0,0.000000,4,dyadic,0
rand_n4_263,random_strict,0,train,4,3,0.25,2,1,2,1,1,0,0,1.0,1,2,0.25,0,0,8.261058503933327e-11,1.8112781243765221,0.021931568569324173,0.0,1.8112781244591325,0.0,0.15093984370492775,-4.440892098500626e-16,0.000000,4,dyadic,0
rand_n4_264,random_strict,0,train,4,3,0.25,3,1,3,0,0,0,0,1.0,1,1,0.125,0,0,1.6522235113194267e-10,0.0,0.01644867642699313,0.0,0.0,0.0,0.0,0.0,0.000000,2,dyadic,0
rand_n4_265,random_strict,0,train,4,4,0.3333333333333333,3,1,3,1,1,0,0,1.0,1,2,0.625,0,0,8.261191730696282e-11,1.9544340028423544,0.043863137138648346,0.014922049367861507,1.9544340029249652,0.0,0.16286950024374708,0.0,0.000000,4,dyadic,0
rand_n4_266,random_strict,0,train,4,3,0.25,3,1,3,0,0,0,0,1.0,1,1,0.375,0,0,1.6522065127870258e-10,0.0,0.027414460711655216,0.16733466933867733,0.0,0.0,0.0,0.0,0.000000,2,dyadic,0
rand_n4_267,random_strict,0,train,4,6,0.5,3,3,3,3,3,0,0,1.0,1,2,0.375,0,0,1.9088680058499303,3.9544340027597435,0.021931568569324173,0.0,1.9544340029249652,0.0,0.4886085007312413,-0.9544340029249649,0.000000,4,dyadic,0
rand_n4_268,random_strict,0,train,4,4,0.3333333333333333,3,1,3,1,1,0,0,1.0,1,2,0.75,0,1,1.6522150120532262e-10,0.0,0.0383802449963173,0.001002004008016032,0.0,0.0,0.0,0.0,0.000000,4,dyadic,0
rand_n4_269,random_strict,0,train,4,6,0.5,3,3,3,3,3,0,0,1.0,1,2,0.625,0,0,1.90886800584993,3.9544340027597435,0.03289735285398626,0.5,1.9544340029249652,0.0,0.4886085007312413,-0.9544340029249649,0.000000,4,dyadic,0
rand_n4_270,random_strict,0,train,4,4,0.3333333333333333,3,1,3,1,1,0,0,1.0,1,2,0.625,0,0,1.6522065127870258e-10,0.0,0.027414460711655216,0.16733466933867733,0.0,0.0,0.0,0.0,0.000000,4,dyadic,0
rand_n4_271,random_strict,0,train,4,4,0.3333333333333333,3,1,3,1,1,0,0,1.0,1,2,0.75,0,1,8.260969686091357e-11,1.8112781243765221,0.027414460711655216,0.49999999999999994,1.8112781244591325,0.0,0.15093984370492775,-4.440892098500626e-16,0.000000,4,dyadic,0
rand_n4_272,random_strict,0,train,4,5,0.4166666666666667,3,2,3,2,2,0,0,1.0,1,2,0.625,0,0,0.9544340029662712,2.954434002801049,0.0383802449963173,0.16666666666666666,1.9544340029249652,0.0,0.32573900048749416,-0.9544340029249649,0.000000,4,dyadic,0
rand_n4_273,random_strict,0,train,4,3,0.25,2,1,2,1,0,0,0,1.0,1,2,0.25,0,0,1.6522150120532262e-10,0.0,0.03289735285398626,0.3497110647143042,0.0,0.0,0.0,0.0,0.000000,4,dyadic,0
rand_n4_274,random_strict,0,train,4,4,0.3333333333333333,3,1,3,1,1,0,0,1.0,1,2,0.5,0,0,8.26108070839382e-11,1.999999999917389,0.021931568569324173,0.16666666666666666,2.0,0.0,0.16666666666666666,0.0,0.000000,4,dyadic,0
rand_n4_275,random_strict,0,train,4,4,0.3333333333333333,2,2,2,2,2,0,0,1.0,1,2,0.25,0,0,0.8112781245004377,2.811278124335217,0.03289735285398626,0.18904974071845895,1.8112781244591325,0.0,0.3018796874098555,-0.8112781244591329,0.000000,4,dyadic,0
rand_n4_276,random_strict,0,train,4,5,0.4166666666666667,3,2,3,2,2,0,0,1.0,1,2,0.875,0,0,0.5435644432409017,2.543564443075681,0.027414460711655216,0.49866932269853903,1.543564443199596,0.0,0.25726074053326603,-0.5435644431995963,0.000000,4,dyadic,0
rand_n4_277,random_strict,0,train,4,6,0.5,3,3,3,3,3,0,0,1.0,1,2,0.5,0,0,1.6522150120532262e-10,0.0,0.021931568569324173,0.0,0.0,0.0,0.0,0.0,0.000000,4,dyadic,0
rand_n4_278,random_strict,0,train,4,5,0.4166666666666667,3,2,3,2,2,0,0,1.0,1,2,0.5,0,0,1.6522235113194267e-10,0.0,0.027414460711655216,0.23579996867924394,0.0,0.0,0.0,0.0,0.000000,4,dyadic,0
rand_n4_279,random_strict,0,train,4,4,0.3333333333333333,3,1,3,1,1,0,0,1.0,1,2,0.25,0,0,1.6522235113194267e-10,0.0,0.027414460711655216,0.11773298367161933,0.0,0.0,0.0,0.0,0.000000,4,dyadic,0
rand_n4_280,random_strict,0,train,4,4,0.3333333333333333,3,1,3,1,1,0,0,1.0,1,2,0.625,0,1,1.6522065127870258e-10,0.0,0.027414460711655216,0.8531989510148579,0.0,0.0,0.0,0.0,0.000000,4,dyadic,0
rand_n4_281,random_strict,0,train,4,5,0.4166666666666667,3,2,3,2,2,0,0,1.0,1,2,0.875,0,0,1.6522065127870258e-10,0.0,0.027414460711655216,0.5205336203535352,0.0,0.0,0.0,0.0,0.000000,4,dyadic,0
rand_n4_282,random_strict,0,train,4,5,0.4166666666666667,3,2,3,2,2,0,0,1.0,1,2,0.5,0,0,1.0000000000413047,2.9999999998760836,0.043863137138648346,0.16666800001600016,2.0,0.0,0.3333333333333333,-1.0,0.000000,4,dyadic,0
rand_n4_283,random_strict,0,train,4,3,0.25,3,1,3,0,0,0,0,1.0,1,1,0.875,0,1,1.6522150120532262e-10,0.0,0.027414460711655216,0.0,0.0,0.0,0.0,0.0,0.000000,2,dyadic,0
rand_n4_284,random_strict,0,train,4,4,0.3333333333333333,2,2,2,2,2,0,0,1.0,1,2,0.25,0,0,1.6522150120532262e-10,0.0,0.021931568569324173,0.0,0.0,0.0,0.0,0.0,0.000000,4,dyadic,0
rand_n4_285,random_strict,0,train,4,5,0.4166666666666667,3,2,3,2,2,0,0,1.0,1,2,0.375,0,0,1.652232010585627e-10,0.0,0.027414460711655216,0.40213263400990534,0.0,0.0,0.0,0.0,0.000000,4,dyadic,0
rand_n4_286,random_strict,0,train,4,4,0.3333333333333333,3,1,3,1,1,0,0,1.0,1,2,0.375,0,0,1.6522150120532262e-10,0.0,0.0383802449963173,0.11853980823522153,0.0,0.0,0.0,0.0,0.000000,4,dyadic,0
rand_n4_287,random_strict,0,train,4,5,0.4166666666666667,3,2,3,2,2,0,0,1.0,1,2,0.375,0,0,0.954434002966271,2.9544340028010487,0.0383802449963173,0.19032351542143164,1.9544340029249652,0.0,0.3257390004874942,-0.9544340029249649,0.000000,4,dyadic,0
rand_n4_288,random_strict,0,train,4,3,0.25,3,1,3,0,0,0,0,1.0,1,1,0.5,0,0,1.6521980135208253e-10,0.0,0.027414460711655216,0.11773298367161933,0.0,0.0,0.0,0.0,0.000000,2,dyadic,0
rand_n4_289,random_strict,0,train,4,4,0.3333333333333333,2,2,2,2,2,0,0,1.0,1,2,0.5,0,0,1.6522235113194267e-10,0.0,0.03289735285398626,0.569128614803212,0.0,0.0,0.0,0.0,0.000000,4,dyadic,0
rand_n4_290,random_strict,0,train,4,4,0.3333333333333333,3,1,3,1,1,0,0,1.0,1,2,0.375,0,0,8.26108070839382e-11,1.9544340028423544,0.043863137138648346,0.015558936719347874,1.9544340029249652,0.0,0.16286950024374708,0.0,0.000000,4,dyadic,0
rand_n4_291,random_strict,0,train,4,6,0.5,3,3,3,3,3,0,0,1.0,1,2,0.625,0,0,1.9088680058499303,3.9544340027597435,0.03289735285398626,0.9980039840478087,1.9544340029249652,0.0,0.4886085007312413,-0.9544340029249649,0.000000,4,dyadic,0
rand_n4_292,random_strict,0,train,4,5,0.4166666666666667,3,2,3,2,2,0,0,1.0,1,2,0.5,0,0,1.0000000000413047,2.9999999998760836,0.043863137138648346,0.1890212894192148,2.0,0.0,0.3333333333333333,-1.0,0.000000,4,dyadic,0
rand_n4_293,random_strict,0,train,4,3,0.25,2,1,2,1,0,0,0,1.0,1,2,0.75,0,0,1.6522150120532262e-10,0.0,0.027414460711655216,0.0,0.0,0.0,0.0,0.0,0.000000,4,dyadic,0
rand_n4_294,random_strict,0,train,4,5,0.4166666666666667,3,2,3,2,2,0,0,1.0,1,2,0.125,1,0,1.6522235113194267e-10,0.0,0.01644867642699313,0.0,0.0,0.0,0.0,0.0,0.000000,4,dyadic,0
rand_n4_295,random_strict,0,train,4,4,0.3333333333333333,3,1,3,1,1,0,0,1.0,1,2,0.5,0,1,8.26108070839382e-11,1.999999999917389,0.01644867642699313,0.0,2.0,0.0,0.16666666666666666,0.0,0.000000,4,dyadic,0
rand_n4_296,random_strict,0,train,4,5,0.4166666666666667,3,2,3,2,2,0,0,1.0,1,2,0.5,0,0,1.6522065127870258e-10,0.0,0.027414460711655216,0.0,0.0,0.0,0.0,0.0,0.000000,4,dyadic,0
rand_n4_297,random_strict,0,train,4,6,0.5,3,3,3,3,3,0,0,1.0,1,2,0.375,0,0,1.6522150120532262e-10,0.0,0.03289735285398626,0.8531989510148579,0.0,0.0,0.0,0.0,0.000000,4,dyadic,0
rand_n4_298,random_strict,0,train,4,5,0.4166666666666667,3,2,3,2,2,0,0,1.0,1,2,0.375,0,0,0.9544340029662712,2.9544340028010487,0.043863137138648346,0.19032351542143164,1.9544340029249652,0.0,0.3257390004874942,-0.9544340029249649,0.000000,4,dyadic,0
rand_n4_299,random_strict,0,train,4,5,0.4166666666666667,3,2,3,2,2,0,0,1.0,1,2,0.75,0,1,1.6522065127870258e-10,0.0,0.027414460711655216,0.0,0.0,0.0,0.0,0.0,0.000000,4,dyadic,0
randbc_n4_0,random_backchannel,1,train,4,3,0.25,2,1,2,1,1,0,0,1.0,1,2,0.75,0,0,1.6522065127870258e-10,0.0,0.03289735285398626,0.11853980823522153,0.0,0.0,0.0,0.0,0.000000,4,dyadic,0
randbc_n4_1,random_backchannel,1,train,4,6,0.5,3,3,3,3,3,0,0,1.0,1,2,0.625,0,0,1.6522150120532262e-10,0.0,0.0383802449963173,0.7405021859386854,0.0,0.0,0.0,0.0,0.471679,4,triadic,1
randbc_n4_2,random_backchannel,1,train,4,4,0.3333333333333333,3,1,3,1,1,0,0,1.0,1,2,0.5,0,0,1.6522235113194267e-10,0.0,0.03289735285398626,0.40327345990951285,0.0,0.0,0.0,0.0,0.000000,4,dyadic,0
randbc_n4_3,random_backchannel,1,train,4,6,0.5,3,2,3,2,2,0,1,0.8333333333333334,0,3,0.875,0,0,1.6522065127870258e-10,0.0,0.03289735285398626,0.16666666666666666,0.0,0.0,0.0,0.0,0.000000,5,dyadic,0
randbc_n4_4,random_backchannel,1,train,4,6,0.5,3,2,3,2,2,0,1,0.8333333333333334,0,3,0.625,0,0,1.6522150120532262e-10,0.0,0.027414460711655216,0.16666666666666666,0.0,0.0,0.0,0.0,0.000000,5,dyadic,0
randbc_n4_5,random_backchannel,1,train,4,6,0.5,3,2,3,2,2,0,1,0.8333333333333334,0,3,0.625,0,0,0.8960382325758625,2.637829773204365,0.0383802449963173,0.19245008972987523,1.9544340029249652,-0.2126424621441499,0.32885212864214836,-0.8960382325345576,0.000000,6,dyadic,0
randbc_n4_6,random_backchannel,1,train,4,3,0.25,3,1,3,0,0,0,0,1.0,1,1,0.625,0,0,1.6522065127870258e-10,0.0,0.027414460711655216,0.16733466933867733,0.0,0.0,0.0,0.0,0.000000,2,dyadic,0
randbc_n4_7,random_backchannel,1,train,4,5,0.4166666666666667,3,2,3,2,2,0,0,1.0,1,2,0.625,0,0,0.9544340029662701,2.9544340028010487,0.03289735285398626,0.5210226121017537,1.9544340029249652,0.0,0.3257390004874942,-0.9544340029249649,0.000000,4,dyadic,0
randbc_n4_8,random_backchannel,1,train,4,5,0.4166666666666667,3,2,3,2,2,0,0,1.0,1,2,0.375,0,1,0.9544340029662701,2.9544340028010487,0.027414460711655216,0.0,1.9544340029249652,0.0,0.32573900048749416,-0.9544340029249649,0.000000,4,dyadic,0
randbc_n4_9,random_backchannel,1,train,4,6,0.5,3,2,3,2,2,0,1,0.8333333333333334,0,3,0.375,0,0,0.7089308288451779,2.5717082333017776,0.043863137138648346,0.16666666666666666,1.9528195311147831,0.0,0.3013338623535155,-0.7044340029249648,0.000000,6,dyadic,0
randbc_n4_10,random_backchannel,1,train,4,6,0.5,3,2,3,2,2,0,1,0.8333333333333334,0,3,0.625,0,0,1.003228943620364,3.9088680056847087,0.05482892142331043,0.305269316834083,2.9056390622295662,0.0,0.34254213798935423,-1.0032289436203636,1.415037,8,triadic,1
randbc_n4_11,random_backchannel,1,train,4,6,0.5,3,2,3,2,2,0,1,0.8333333333333334,0,3,0.375,0,0,1.6522235113194267e-10,0.0,0.021931568569324173,0.16666666666666666,0.0,0.0,0.0,0.0,0.000000,6,dyadic,0
randbc_n4_12,random_backchannel,1,train,4,6,0.5,3,2,3,2,2,0,1,0.8333333333333334,0,3,0.375,0,0,0.9544340029662712,2.9544340028010487,0.01644867642699313,0.0,1.9544340029249652,0.0,0.3257390004874942,-0.9544340029249649,0.000000,6,dyadic,0
randbc_n4_13,random_backchannel,1,train,4,6,0.5,3,2,3,2,2,0,1,0.8333333333333334,0,3,0.375,0,0,0.8960382325758633,2.5356127717418824,0.0383802449963173,0.19245008972987523,1.9544340029249652,-0.1150334911972208,0.3203340451869415,-0.8960382325345576,0.000000,6,dyadic,0
randbc_n4_14,random_backchannel,1,train,4,5,0.4166666666666667,3,2,3,1,1,0,1,0.8,0,3,0.25,0,0,8.261058503933327e-11,1.811278124376522,0.0383802449963173,0.3189739225972456,1.8112781244591325,0.0,0.15093984370492775,-4.440892098500626e-16,0.000000,6,dyadic,0
randbc_n4_15,random_backchannel,1,train,4,4,0.3333333333333333,1,3,1,3,1,0,0,1.0,1,2,0.5,0,0,2.0,3.9999999998347784,0.01644867642699313,0.0,2.0,0.0,0.5,-1.0,0.000000,4,dyadic,0
randbc_n4_16,random_backchannel,1,train,4,7,0.5833333333333334,3,3,3,3,3,0,1,0.8571428571428571,0,3,0.625,0,0,1.6522235113194267e-10,0.0,0.043863137138648346,0.11968063413482909,0.0,0.0,0.0,0.0,0.000000,6,dyadic,0
randbc_n4_17,random_backchannel,1,train,4,5,0.4166666666666667,3,2,3,1,1,0,1,0.8,0,2,0.625,0,0,1.6522150120532262e-10,0.0,0.03289735285398626,0.4860769417770132,0.0,0.0,0.0,0.0,0.000000,3,dyadic,0
randbc_n4_18,random_backchannel,1,train,4,7,0.5833333333333334,3,3,3,3,3,0,1,0.8571428571428571,0,3,0.375,0,0,1.0871288864404978,0.0,0.0383802449963173,0.4554307158185416,0.5435644431995963,-0.5435644431995963,0.0,-0.5435644431995963,0.678072,8,triadic,1
randbc_n4_19,random_backchannel,1,train,4,6,0.5,3,2,3,2,2,0,1,0.8333333333333334,0,3,0.625,0,0,1.5755978813674063,2.7185802565884805,0.049346029280979385,0.573052627867599,1.923794940695399,-0.44658825668126156,0.41949085245862555,-1.201818754177064,1.000000,8,triadic,1
randbc_n4_20,random_backchannel,1,train,4,5,0.4166666666666667,3,2,3,1,1,0,1,0.8,0,2,0.625,0,1,1.6522065127870258e-10,0.0,0.01644867642699313,0.0,0.0,0.0,0.0,0.0,0.000000,3,dyadic,0
randbc_n4_21,random_backchannel,1,train,4,6,0.5,3,3,3,3,3,0,0,1.0,1,2,0.5,0,0,1.6522150120532262e-10,0.0,0.03289735285398626,0.40341228180110433,0.0,0.0,0.0,0.0,0.000000,4,dyadic,0
randbc_n4_22,random_backchannel,1,train,4,5,0.4166666666666667,3,2,3,1,1,0,1,0.8,0,3,0.625,0,0,1.6522150120532262e-10,0.0,0.027414460711655216,0.0,0.0,0.0,0.0,0.0,0.000000,8,dyadic,0
randbc_n4_23,random_backchannel,1,train,4,6,0.5,3,2,3,2,2,0,1,0.8333333333333334,0,3,0.375,0,0,1.6522065127870258e-10,0.0,0.027414460711655216,0.11773298367161932,0.0,0.0,0.0,0.0,0.000000,6,dyadic,0
randbc_n4_24,random_backchannel,1,train,4,7,0.5833333333333334,3,3,3,3,3,0,1,0.8571428571428571,0,3,0.375,0,0,1.7159164097509798,3.6850955322416796,0.049346029280979385,0.46967619540444266,2.2272170014624826,-0.04473671780348232,0.49712939829349617,-1.1556390622295665,0.339036,6,triadic,1
randbc_n4_25,random_backchannel,1,train,4,2,0.16666666666666666,1,1,1,1,0,0,0,1.0,1,2,0.5,1,0,1.652232010585627e-10,0.0,0.03289735285398626,0.0003340013360053436,0.0,0.0,0.0,0.0,0.000000,4,dyadic,0
randbc_n4_26,random_backchannel,1,train,4,6,0.5,3,2,3,2,2,0,1,0.8333333333333334,0,3,0.625,0,0,0.9711469072880874,2.526851538753863,0.021931568569324173,0.0,1.7489992230622806,-0.016712904321817157,0.2887143864567439,-0.9544340029249649,0.000000,6,dyadic,0
randbc_n4_27,random_backchannel,1,train,4,5,0.4166666666666667,2,2,2,2,1,0,1,0.8,0,3,0.5,0,0,0.8112781245004386,2.688721875427277,0.03289735285398626,0.22054776682921517,2.0,-0.12255624891826566,0.3231203125901445,-0.8112781244591329,0.000000,6,dyadic,0
randbc_n4_28,random_backchannel,1,train,4,6,0.5,3,2,3,2,2,0,1,0.8333333333333334,0,3,0.5,0,0,8.26108070839382e-11,1.999999999917389,0.0383802449963173,0.0,2.0,0.0,0.16666666666666666,0.0,0.000000,6,dyadic,0
randbc_n4_29,random_backchannel,1,train,4,5,0.4166666666666667,3,2,3,2,2,0,0,1.0,1,2,0.625,0,0,1.6522065127870258e-10,0.0,0.03289735285398626,0.5691286148032121,0.0,0.0,0.0,0.0,0.000000,4,dyadic,0
randbc_n4_30,random_backchannel,1,train,4,6,0.5,3,2,3,2,2,0,1,0.8333333333333334,0,3,0.125,0,0,1.806174120643031,3.1559547655909403,0.03289735285398626,0.3895842054944578,1.9746017527145812,-1.01292538097003,0.5071779586828215,-1.6467822215997983,1.000000,6,triadic,1
randbc_n4_31,random_backchannel,1,train,4,5,0.4166666666666667,2,2,2,2,1,0,1,0.8,0,3,0.25,1,0,1.3924245202915966,0.0,0.043863137138648346,0.16406757149895534,0.6962122601251459,-0.6962122601251459,0.0,-0.6962122601251459,0.000000,6,dyadic,0
randbc_n4_32,random_backchannel,1,train,4,6,0.5,3,2,3,2,2,0,1,0.8333333333333334,0,3,0.375,0,0,1.6522150120532262e-10,0.0,0.03289735285398626,0.001002004008016032,0.0,0.0,0.0,0.0,0.000000,6,dyadic,0
randbc_n4_33,random_backchannel,1,train,4,7,0.5833333333333334,3,3,3,3,3,0,1,0.8571428571428571,0,3,0.25,0,0,1.652232010585627e-10,0.0,0.010965784284662087,0.0,0.0,0.0,0.0,0.0,0.000000,8,dyadic,0
randbc_n4_34,random_backchannel,1,train,4,6,0.5,3,2,3,2,2,0,1,0.8333333333333334,0,3,0.375,0,0,8.261191730696282e-11,1.9544340028423544,0.043863137138648346,0.014922049367861507,1.9544340029249652,0.0,0.16286950024374708,0.0,0.000000,6,dyadic,0
randbc_n4_35,random_backchannel,1,train,4,6,0.5,3,2,3,2,2,0,1,0.8333333333333334,0,3,0.125,0,0,1.652232010585627e-10,0.0,0.0383802449963173,0.11853980823522153,0.0,0.0,0.0,0.0,0.000000,5,dyadic,0
randbc_n4_36,random_backchannel,1,train,4,5,0.4166666666666667,2,2,2,2,1,0,1,0.8,0,3,0.5,0,1,1.6522065127870258e-10,0.0,0.03289735285398626,0.00033400133600534416,0.0,0.0,0.0,0.0,0.000000,6,dyadic,0
randbc_n4_37,random_backchannel,1,train,4,6,0.5,3,2,3,2,2,0,1,0.8333333333333334,0,3,0.375,0,0,1.652232010585627e-10,0.0,0.027414460711655216,0.0003340013360053436,0.0,0.0,0.0,0.0,0.000000,6,dyadic,0
randbc_n4_38,random_backchannel,1,train,4,5,0.4166666666666667,3,2,3,1,1,0,1,0.8,0,2,0.5,0,0,1.6522235113194267e-10,0.0,0.027414460711655216,0.49999999999999994,0.0,0.0,0.0,0.0,0.000000,4,dyadic,0
randbc_n4_39,random_backchannel,1,train,4,6,0.5,3,2,3,2,2,0,1,0.8333333333333334,0,3,0.625,0,0,1.6575206393605724,3.8763473663241363,0.0383802449963173,0.3888888888888889,2.2272170014624826,-1.0794340029249652,0.5889586327430965,-1.632856063692049,0.678072,8,triadic,1
randbc_n4_40,random_backchannel,1,train,4,5,0.4166666666666667,3,2,3,1,1,0,1,0.8,0,2,0.375,0,0,1.6522065127870258e-10,0.0,0.027414460711655216,0.16666666666666666,0.0,0.0,0.0,0.0,0.000000,4,dyadic,0
randbc_n4_41,random_backchannel,1,train,4,6,0.5,3,2,3,2,2,0,1,0.8333333333333334,0,3,0.625,0,0,0.07328801878036595,1.2930266382741036,0.027414460711655216,0.16666666666666666,1.3663146570363986,0.0,0.10775221986155363,-0.07328801869775514,0.000000,6,dyadic,0
randbc_n4_42,random_backchannel,1,train,4,5,0.4166666666666667,3,2,3,2,2,0,0,1.0,1,2,0.625,0,1,1.6522235113194267e-10,0.0,0.0383802449963173,0.569128614803212,0.0,0.0,0.0,0.0,0.000000,4,dyadic,0
randbc_n4_43,random_backchannel,1,train,4,6,0.5,3,2,3,2,2,0,1,0.8333333333333334,0,3,0.375,0,0,1.6522235113194267e-10,0.0,0.03289735285398626,0.40213263400990523,0.0,0.0,0.0,0.0,0.000000,8,dyadic,0
randbc_n4_44,random_backchannel,1,train,4,5,0.4166666666666667,3,2,3,1,1,0,1,0.8,0,2,0.375,0,0,1.6522150120532262e-10,0.0,0.01644867642699313,0.0,0.0,0.0,0.0,0.0,0.000000,4,dyadic,0
randbc_n4_45,random_backchannel,1,train,4,6,0.5,3,2,3,2,2,0,1,0.8333333333333334,0,3,0.5,0,0,1.6522150120532262e-10,0.0,0.027414460711655216,0.3548907924107077,0.0,0.0,0.0,0.0,0.000000,8,dyadic,0
randbc_n4_46,random_backchannel,1,train,4,4,0.3333333333333333,3,1,3,1,1,0,0,1.0,1,2,0.5,0,0,8.26108070839382e-11,1.9999999999173894,0.027414460711655216,0.18158871603452817,2.0,0.0,0.16666666666666666,0.0,0.000000,4,dyadic,0
randbc_n4_47,random_backchannel,1,train,4,7,0.5833333333333334,3,3,3,3,3,0,1,0.8571428571428571,0,3,0.5,0,0,1.811278124459133,3.688721875385972,0.0383802449963173,0.45495900116171156,2.0,-1.0,0.5888471355518834,-1.5,0.000000,6,dyadic,0
randbc_n4_48,random_backchannel,1,train,4,5,0.4166666666666667,3,2,3,1,1,0,1,0.8,0,2,0.625,0,0,1.6522150120532262e-10,0.0,0.01644867642699313,0.16666666666666666,0.0,0.0,0.0,0.0,0.000000,4,dyadic,0
randbc_n4_49,random_backchannel,1,train,4,6,0.5,3,2,3,2,2,0,1,0.8333333333333334,0,3,0.625,0,0,0.30504685006691723,2.568208383852676,0.043863137138648346,0.19102622514964093,2.2272170014624826,0.0,0.20194145183785753,-0.2935644431995963,0.000000,6,dyadic,0
randbc_n4_50,random_backchannel,1,train,4,6,0.5,3,2,3,2,2,0,1,0.8333333333333334,0,3,0.375,0,0,1.003228943620364,3.9088680056847087,0.043863137138648346,0.30412938472243495,2.9056390622295662,0.0,0.34254213798935423,-1.0032289436203636,0.000000,8,dyadic,0
randbc_n4_51,random_backchannel,1,train,4,5,0.4166666666666667,3,2,3,2,2,0,0,1.0,1,2,0.5,0,1,1.6522150120532262e-10,0.0,0.027414460711655216,0.16666666666666666,0.0,0.0,0.0,0.0,0.000000,4,dyadic,0
randbc_n4_52,random_backchannel,1,train,4,5,0.4166666666666667,2,3,2,3,2,0,0,1.0,1,2,0.75,0,0,1.6521980135208253e-10,0.0,0.027414460711655216,0.6379326026891492,0.0,0.0,0.0,0.0,0.000000,4,dyadic,0
randbc_n4_53,random_backchannel,1,train,4,6,0.5,3,2,3,2,2,0,1,0.8333333333333334,0,3,0.5,0,0,1.6522235113194267e-10,0.0,0.021931568569324173,0.16666666666666666,0.0,0.0,0.0,0.0,0.000000,6,dyadic,0
randbc_n4_54,random_backchannel,1,train,4,5,0.4166666666666667,3,2,3,2,2,0,0,1.0,1,2,0.625,0,0,1.6522065127870258e-10,0.0,0.0383802449963173,0.7483558124236556,0.0,0.0,0.0,0.0,0.000000,4,dyadic,0
randbc_n4_55,random_backchannel,1,train,4,5,0.4166666666666667,3,2,3,1,1,0,1,0.8,0,2,0.625,0,0,8.26108070839382e-11,1.9544340028423544,0.027414460711655216,0.18152914673737286,1.9544340029249652,0.0,0.16286950024374708,0.0,0.000000,4,dyadic,0
randbc_n4_56,random_backchannel,1,train,4,5,0.4166666666666667,3,2,3,1,1,0,1,0.8,0,2,0.5,0,0,1.6522150120532262e-10,0.0,0.03289735285398626,0.11773298367161932,0.0,0.0,0.0,0.0,0.000000,4,dyadic,0
randbc_n4_57,random_backchannel,1,train,4,5,0.4166666666666667,3,2,3,1,1,0,1,0.8,0,2,0.625,0,0,1.6522065127870258e-10,0.0,0.03289735285398626,0.20120446821113044,0.0,0.0,0.0,0.0,0.000000,4,dyadic,0
randbc_n4_58,random_backchannel,1,train,4,6,0.5,3,2,3,2,2,0,1,0.8333333333333334,0,3,0.625,0,0,1.6522065127870258e-10,0.0,0.0383802449963173,0.618005442475908,0.0,0.0,0.0,0.0,0.000000,8,dyadic,0
randbc_n4_59,random_backchannel,1,train,4,7,0.5833333333333334,3,3,3,3,3,0,1,0.8571428571428571,0,3,0.5,0,0,1.811278124459133,3.6887218753859723,0.03289735285398626,0.9980039840478087,2.0,-1.0,0.5055138022185501,-1.5,0.000000,6,dyadic,0
randbc_n4_60,random_backchannel,1,train,4,3,0.25,2,1,2,1,1,0,0,1.0,1,2,0.25,0,0,1.6522150120532262e-10,0.0,0.01644867642699313,0.0,0.0,0.0,0.0,0.0,0.000000,4,dyadic,0
randbc_n4_61,random_backchannel,1,train,4,4,0.3333333333333333,3,1,3,1,1,0,0,1.0,1,2,0.625,0,0,8.26099189055185e-11,1.9544340028423546,0.027414460711655216,0.16666666666666666,1.9544340029249652,0.0,0.16286950024374708,0.0,0.000000,4,dyadic,0
randbc_n4_62,random_backchannel,1,train,4,7,0.5833333333333334,3,3,3,3,3,0,1,0.8571428571428571,0,3,0.625,0,0,2.004496825878907,2.415239891810985,0.027414460711655216,0.6646807049454143,1.7028195311147831,-0.7884951259216155,0.3146094130899256,-1.2743974703476995,1.415037,6,triadic,1
randbc_n4_63,random_backchannel,1,train,4,5,0.4166666666666667,3,2,3,2,2,0,0,1.0,1,2,0.25,0,0,1.6522235113194267e-10,0.0,0.021931568569324173,0.0,0.0,0.0,0.0,0.0,0.000000,4,dyadic,0
randbc_n4_64,random_backchannel,1,train,4,6,0.5,3,2,3,2,2,0,1,0.8333333333333334,0,3,0.5,0,0,1.062278901438158,2.4357195446037934,0.027414460711655216,0.5,1.7489992230622806,-0.062278901396852326,0.2811200536109047,-1.0,0.000000,6,dyadic,0
randbc_n4_65,random_backchannel,1,train,4,7,0.5833333333333334,3,3,3,3,3,0,1,0.8571428571428571,0,3,0.375,0,0,1.7501818151145128,3.3193945700958145,0.049346029280979385,0.3050948998914034,2.2272170014624826,-1.0794340029249652,0.4599551529323356,-1.6328560636920488,0.000000,8,dyadic,0
randbc_n4_66,random_backchannel,1,train,4,5,0.4166666666666667,3,2,3,2,2,0,0,1.0,1,2,0.25,0,0,1.6522150120532262e-10,0.0,0.0383802449963173,0.7483558124236556,0.0,0.0,0.0,0.0,0.000000,4,dyadic,0
randbc_n4_67,random_backchannel,1,train,4,2,0.16666666666666666,1,2,0,2,0,0,0,1.0,1,1,0.0,0,0,1.6522150120532262e-10,0.0,0.027414460711655216,0.40213263400990523,0.0,0.0,0.0,0.0,0.000000,2,dyadic,0
randbc_n4_68,random_backchannel,1,train,4,3,0.25,2,1,2,1,1,0,0,1.0,1,2,0.25,0,0,8.261058503933327e-11,1.811278124376522,0.03289735285398626,0.0,1.8112781244591327,0.0,0.15093984370492775,-1.1102230246251565e-16,0.000000,4,dyadic,0
randbc_n4_69,random_backchannel,1,train,4,2,0.16666666666666666,1,2,0,2,0,0,0,1.0,1,1,0.0,0,0,1.6522065127870258e-10,0.0,0.021931568569324173,0.5205336203535353,0.0,0.0,0.0,0.0,0.000000,2,dyadic,0
randbc_n4_70,random_backchannel,1,train,4,6,0.5,3,2,3,2,2,0,1,0.8333333333333334,0,3,0.625,0,0,1.6522150120532262e-10,0.0,0.03289735285398626,0.411369072867337,0.0,0.0,0.0,0.0,0.000000,8,dyadic,0
randbc_n4_71,random_backchannel,1,train,4,3,0.25,3,1,3,0,0,0,0,1.0,1,1,0.5,0,0,1.6522235113194267e-10,0.0,0.021931568569324173,0.11773298367161933,0.0,0.0,0.0,0.0,0.000000,2,dyadic,0
randbc_n4_72,random_backchannel,1,train,4,5,0.4166666666666667,3,2,3,2,2,0,0,1.0,1,2,0.375,0,0,0.9544340029662701,2.9544340028010487,0.027414460711655216,0.16666666666666666,1.9544340029249652,0.0,0.3257390004874942,-0.9544340029249649,0.000000,4,dyadic,0
randbc_n4_73,random_backchannel,1,train,4,5,0.4166666666666667,3,2,3,2,2,0,0,1.0,1,2,0.375,0,0,1.6522235113194267e-10,0.0,0.03289735285398626,0.40213263400990523,0.0,0.0,0.0,0.0,0.000000,4,dyadic,0
randbc_n4_74,random_backchannel,1,train,4,4,0.3333333333333333,2,2,2,1,1,0,1,0.75,0,2,0.25,0,0,0.7532289436616688,2.7136882429444196,0.049346029280979385,0.18494237010060713,2.1556390622295662,0.0,0.3143114519922588,-0.75,0.000000,6,dyadic,0
randbc_n4_75,random_backchannel,1,train,4,3,0.25,3,1,3,0,0,0,0,1.0,1,1,0.625,0,0,1.6522065127870258e-10,0.0,0.021931568569324173,0.00033400133600534383,0.0,0.0,0.0,0.0,0.000000,2,dyadic,0
randbc_n4_76,random_backchannel,1,train,4,5,0.4166666666666667,3,2,3,1,1,0,1,0.8,0,2,0.75,0,1,1.6522150120532262e-10,0.0,0.027414460711655216,0.49999999999999994,0.0,0.0,0.0,0.0,0.000000,4,dyadic,0
randbc_n4_77,random_backchannel,1,train,4,7,0.5833333333333334,3,3,3,3,3,0,1,0.8571428571428571,0,3,0.625,0,0,1.3924245202915975,0.0,0.027414460711655216,0.5205336203535353,0.6962122601251459,-0.6962122601251459,0.0,-0.6962122601251459,0.000000,6,dyadic,0
randbc_n4_78,random_backchannel,1,train,4,4,0.3333333333333333,3,1,3,1,1,0,0,1.0,1,2,0.5,0,0,8.26108070839382e-11,1.999999999917389,0.049346029280979385,0.014922049367861507,2.0,0.0,0.16666666666666666,0.0,0.000000,4,dyadic,0
randbc_n4_79,random_backchannel,1,train,4,6,0.5,3,2,3,2,2,0,1,0.8333333333333334,0,3,0.625,0,0,1.6521980135208253e-10,0.0,0.03289735285398626,0.3497110647143042,0.0,0.0,0.0,0.0,0.000000,6,dyadic,0
randbc_n4_80,random_backchannel,1,train,4,7,0.5833333333333334,3,3,3,3,3,0,1,0.8571428571428571,0,3,0.375,0,0,1.0871288864404978,0.0,0.021931568569324173,0.0,0.5435644431995963,-0.5435644431995963,0.0,-0.5435644431995963,0.000000,6,dyadic,0
randbc_n4_81,random_backchannel,1,train,4,5,0.4166666666666667,2,2,2,2,1,0,1,0.8,0,2,0.25,1,0,0.8112781245004377,2.8112781243352165,0.03289735285398626,0.1890212894192148,1.8112781244591327,0.0,0.3018796874098555,-0.8112781244591328,0.000000,5,dyadic,0
randbc_n4_82,random_backchannel,1,train,4,6,0.5,3,2,3,2,2,0,1,0.8333333333333334,0,3,0.75,0,0,1.6521980135208253e-10,0.0,0.03289735285398626,0.40213263400990523,0.0,0.0,0.0,0.0,0.000000,6,dyadic,0
randbc_n4_83,random_backchannel,1,train,4,6,0.5,3,2,3,2,2,0,1,0.8333333333333334,0,3,0.875,0,1,1.6522065127870258e-10,0.0,0.0383802449963173,0.3326639892904952,0.0,0.0,0.0,0.0,0.000000,5,dyadic,0
randbc_n4_84,random_backchannel,1,train,4,4,0.3333333333333333,3,1,3,1,1,0,0,1.0,1,2,0.875,0,1,1.6522065127870258e-10,0.0,0.03289735285398626,0.16666666666666666,0.0,0.0,0.0,0.0,0.000000,4,dyadic,0
randbc_n4_85,random_backchannel,1,train,4,7,0.5833333333333334,3,3,3,3,3,0,1,0.8571428571428571,0,3,0.375,0,0,1.8504722354595229,3.5356127717005763,0.0383802449963173,0.4541871390458696,1.9544340029249652,-1.1022170014624826,0.552468442841349,-1.5794340029249652,0.000000,5,dyadic,0
randbc_n4_86,random_backchannel,1,train,4,5,0.4166666666666667,3,2,3,1,1,0,1,0.8,0,3,0.375,0,0,1.6522150120532262e-10,0.0,0.03289735285398626,0.3997854836348545,0.0,0.0,0.0,0.0,0.000000,8,dyadic,0
randbc_n4_87,random_backchannel,1,train,4,5,0.4166666666666667,3,2,3,2,2,0,0,1.0,1,2,0.25,0,0,1.6522235113194267e-10,0.0,0.027414460711655216,0.49999999999999994,0.0,0.0,0.0,0.0,0.000000,4,dyadic,0
randbc_n4_88,random_backchannel,1,train,4,3,0.25,3,1,3,0,0,0,0,1.0,1,1,0.25,0,0,1.6522065127870258e-10,0.0,0.021931568569324173,0.16666666666666666,0.0,0.0,0.0,0.0,0.000000,2,dyadic,0
randbc_n4_89,random_backchannel,1,train,4,6,0.5,3,2,3,2,2,0,1,0.8333333333333334,0,3,0.375,0,0,1.6522235113194267e-10,0.0,0.021931568569324173,0.0,0.0,0.0,0.0,0.0,0.000000,8,dyadic,0
randbc_n4_90,random_backchannel,1,train,4,6,0.5,3,3,3,3,3,0,0,1.0,1,2,0.5,0,0,2.0,3.9999999998347784,0.021931568569324173,1.0,2.0,0.0,0.5,-1.0,0.000000,4,dyadic,0
randbc_n4_91,random_backchannel,1,train,4,7,0.5833333333333334,3,3,3,3,3,0,1,0.8571428571428571,0,3,0.5,0,0,1.1233517589052404,3.6423603683162167,0.043863137138648346,0.4232046323379896,2.1800365325772657,-0.10584334459644873,0.3798619443512608,-1.068962690485015,1.000000,6,triadic,1
randbc_n4_92,random_backchannel,1,train,4,5,0.4166666666666667,3,2,3,1,1,0,1,0.8,0,2,0.5,0,0,1.6522150120532262e-10,0.0,0.027414460711655216,0.16666666666666666,0.0,0.0,0.0,0.0,0.000000,4,dyadic,0
randbc_n4_93,random_backchannel,1,train,4,6,0.5,3,2,3,2,2,0,1,0.8333333333333334,0,3,0.5,0,0,1.062278901438158,2.4357195446037934,0.0383802449963173,0.16666666666666666,1.7489992230622806,-0.062278901396852326,0.2811200536109047,-1.0,0.000000,6,dyadic,0
randbc_n4_94,random_backchannel,1,train,4,5,0.4166666666666667,2,3,1,3,1,0,1,0.8,0,3,0.5,1,0,1.0,3.9999999998347784,0.06031181356564148,0.30424499781618175,3.0,0.0,0.25,-1.0,0.000000,8,dyadic,0
randbc_n4_95,random_backchannel,1,train,4,6,0.5,3,2,3,2,2,0,1,0.8333333333333334,0,3,0.625,0,0,0.8960382325758633,2.5356127717418824,0.0383802449963173,0.5210226121017537,1.9544340029249652,-0.1150334911972208,0.2805659617317346,-0.8960382325345576,0.000000,6,dyadic,0
randbc_n4_96,random_backchannel,1,train,4,5,0.4166666666666667,3,2,3,1,1,0,1,0.8,0,2,0.375,0,0,1.6522235113194267e-10,0.0,0.027414460711655216,0.0,0.0,0.0,0.0,0.0,0.000000,4,dyadic,0
randbc_n4_97,random_backchannel,1,train,4,5,0.4166666666666667,3,2,3,1,1,0,1,0.8,0,3,0.25,0,0,1.6522065127870258e-10,0.0,0.027414460711655216,0.40213263400990523,0.0,0.0,0.0,0.0,0.000000,8,dyadic,0
randbc_n4_98,random_backchannel,1,train,4,7,0.5833333333333334,3,3,3,3,3,0,1,0.8571428571428571,0,3,0.625,0,0,1.6506462630501109,3.735438744104825,0.0383802449963173,0.45534180126147955,1.9544340029249652,-0.8522170014624826,0.5190916026103686,-1.3294340029249652,0.000000,5,dyadic,0
randbc_n4_99,random_backchannel,1,train,4,6,0.5,3,2,3,2,2,0,1,0.8333333333333334,0,3,0.375,0,0,0.7159164097922863,2.7078785308205027,0.0383802449963173,0.16655222493551872,2.2272170014624826,0.0,0.30803301034320024,-0.7044340029249649,0.000000,6,dyadic,0
randbc_n4_100,random_backchannel,1,train,4,5,0.4166666666666667,3,2,3,2,2,0,0,1.0,1,2,0.5,0,0,1.6522150120532262e-10,0.0,0.021931568569324173,0.16666666666666666,0.0,0.0,0.0,0.0,0.000000,4,dyadic,0
randbc_n4_101,random_backchannel,1,train,4,4,0.3333333333333333,3,1,3,1,1,0,0,1.0,1,2,0.375,0,0,8.261102912854312e-11,1.9544340028423544,0.03289735285398626,0.0,1.9544340029249652,0.0,0.16286950024374708,0.0,0.000000,4,dyadic,0
randbc_n4_102,random_backchannel,1,train,4,4,0.3333333333333333,3,2,3,0,0,0,1,0.75,0,2,0.625,0,1,1.6522150120532262e-10,0.0,0.03289735285398626,0.11773298367161932,0.0,0.0,0.0,0.0,0.000000,4,dyadic,0
randbc_n4_103,random_backchannel,1,train,4,5,0.4166666666666667,3,2,3,2,2,0,0,1.0,1,2,0.5,0,1,1.0000000000413056,2.9999999998760836,0.043863137138648346,0.1890212894192148,2.0,0.0,0.3333333333333333,-1.0,0.000000,4,dyadic,0
randbc_n4_104,random_backchannel,1,train,4,5,0.4166666666666667,3,2,3,2,2,0,0,1.0,1,2,0.5,0,0,1.0000000000413056,2.9999999998760836,0.010965784284662087,0.0,2.0,0.0,0.3333333333333333,-1.0,0.000000,4,dyadic,0
randbc_n4_105,random_backchannel,1,train,4,4,0.3333333333333333,3,1,3,1,1,0,0,1.0,1,2,0.875,0,0,1.6522150120532262e-10,0.0,0.021931568569324173,0.16733466933867733,0.0,0.0,0.0,0.0,0.000000,4,dyadic,0
randbc_n4_106,random_backchannel,1,train,4,3,0.25,3,1,3,0,0,0,0,1.0,1,1,0.375,0,0,1.6522065127870258e-10,0.0,0.03289735285398626,0.00033400133600534416,0.0,0.0,0.0,0.0,0.000000,2,dyadic,0
randbc_n4_107,random_backchannel,1,train,4,5,0.4166666666666667,3,2,3,2,2,0,0,1.0,1,2,0.375,0,0,0.954434002966271,2.9544340028010487,0.03289735285398626,0.16666800001600016,1.9544340029249652,0.0,0.3257390004874942,-0.9544340029249649,0.000000,4,dyadic,0
randbc_n4_108,random_backchannel,1,train,4,6,0.5,2,3,2,3,2,0,1,0.8333333333333334,0,3,0.5,0,0,1.0871288864404978,0.0,0.0383802449963173,0.40327345990951285,0.5435644431995963,-0.5435644431995963,0.0,-0.5435644431995963,0.500000,6,triadic,1
randbc_n4_109,random_backchannel,1,train,4,6,0.5,3,2,3,2,2,0,1,0.8333333333333334,0,3,0.625,0,0,1.7012565802263357,3.725767303924205,0.043863137138648346,0.38379718516584543,2.126614471810182,-1.1737949406953982,0.5717110756851301,-1.6800365325772655,0.415037,8,triadic,1
randbc_n4_110,random_backchannel,1,train,4,3,0.25,3,1,3,0,0,0,0,1.0,1,1,0.625,0,0,1.6522150120532262e-10,0.0,0.027414460711655216,0.0,0.0,0.0,0.0,0.0,0.000000,2,dyadic,0
randbc_n4_111,random_backchannel,1,train,4,5,0.4166666666666667,3,2,3,2,2,0,0,1.0,1,2,0.625,0,0,0.9544340029662701,2.9544340028010487,0.03289735285398626,0.16666800001600016,1.9544340029249652,0.0,0.3257390004874942,-0.9544340029249649,0.000000,4,dyadic,0
randbc_n4_112,random_backchannel,1,train,4,5,0.4166666666666667,3,2,3,1,1,0,1,0.8,0,2,0.25,0,0,1.6522065127870258e-10,0.0,0.027414460711655216,0.00033400133600534383,0.0,0.0,0.0,0.0,0.000000,4,dyadic,0
randbc_n4_113,random_backchannel,1,train,4,6,0.5,3,2,3,2,2,0,1,0.8333333333333334,0,3,0.5,0,0,4.1304737408154324e-11,2.9999999998760836,0.049346029280979385,0.10755307888957932,3.0,0.0,0.16666666666666666,0.0,0.000000,8,dyadic,0
randbc_n4_114,random_backchannel,1,train,4,6,0.5,3,2,3,2,2,0,1,0.8333333333333334,0,3,0.625,0,1,1.6521980135208253e-10,0.0,0.03289735285398626,0.411369072867337,0.0,0.0,0.0,0.0,0.000000,6,dyadic,0
randbc_n4_115,random_backchannel,1,train,4,6,0.5,3,2,3,2,2,0,1,0.8333333333333334,0,3,0.875,0,0,1.1754956199654352,2.1894266664557334,0.03289735285398626,0.5638100652152169,1.1216407621868583,-1.1216407621868583,0.3649044444325231,-1.1216407621868583,0.000000,6,dyadic,0
randbc_n4_116,random_backchannel,1,train,4,6,0.5,3,2,3,2,2,0,1,0.8333333333333334,0,3,0.5,0,0,1.6522235113194267e-10,0.0,0.043863137138648346,0.20248411600232943,0.0,0.0,0.0,0.0,0.000000,8,dyadic,0
randbc_n4_117,random_backchannel,1,train,4,5,0.4166666666666667,3,2,3,1,1,0,1,0.8,0,2,0.5,0,0,1.6522065127870258e-10,0.0,0.021931568569324173,0.0,0.0,0.0,0.0,0.0,0.000000,4,dyadic,0
randbc_n4_118,random_backchannel,1,train,4,7,0.5833333333333334,3,3,3,3,3,0,1,0.8571428571428571,0,3,0.375,0,0,1.0871288864404987,0.0,0.01644867642699313,0.0,0.5435644431995963,-0.5435644431995963,0.0,-0.5435644431995963,0.000000,6,dyadic,0
randbc_n4_119,random_backchannel,1,train,4,4,0.3333333333333333,3,1,3,1,1,0,0,1.0,1,2,0.375,0,0,8.26108070839382e-11,1.9544340028423544,0.027414460711655216,0.1815887160345282,1.9544340029249652,0.0,0.16286950024374708,0.0,0.000000,4,dyadic,0
chain_n4,chain,0,train,4,6,0.5,2,2,2,2,3,1,2,0.6666666666666666,0,3,0.25,1,0,1.6225562489182654,3.2451124976713084,0.010965784284662087,0.0,1.6225562489182659,-1.6225562489182659,0.5408520829727551,-1.6225562489182659,2.000000,9,triadic,1
chain_bc_n4,chain,1,train,4,8,0.6666666666666666,2,2,2,2,4,2,4,0.5,0,3,0.75,0,1,1.6225562489182654,3.2451124976713084,0.0383802449963173,0.9960106241487381,1.6225562489182659,-1.6225562489182659,0.5408520829727551,-1.6225562489182659,0.415037,6,triadic,1
allreq_n4,all_required,0,train,4,6,0.5,3,3,3,3,3,0,0,1.0,1,2,0.125,1,0,1.0871288863991928,3.543564443034375,0.010965784284662087,0.0,1.5435644431995963,0.0,0.385891110799899,-0.5435644431995963,3.000000,4,triadic,1
allreq_bc_n4,all_required,1,train,4,8,0.6666666666666666,3,3,3,3,4,1,2,0.75,0,3,0.125,1,0,1.4699849500912419,2.0749738689226813,0.03289735285398626,0.16733466933867733,1.3244602933016414,-0.8960382325345575,0.3508591979850768,-1.1994602933016414,0.415037,6,triadic,1
subst_n4,substitutable,0,train,4,6,0.5,3,3,3,3,3,0,0,1.0,1,2,0.875,0,1,1.087128886399193,3.5435644430343753,0.027414460711655216,0.9973386453970781,1.543564443199596,0.0,0.385891110799899,-0.5435644431995963,3.000000,4,triadic,1
rand_n5_0,random_strict,0,train,5,6,0.3,4,2,4,2,2,0,0,1.0,1,2,0.5,0,0,1.0000000000826108,2.9999999998760836,0.04063576456637801,0.11341277365152887,2.0,0.0,0.2,-1.0,0.000000,4,dyadic,0
rand_n5_1,random_strict,0,train,5,6,0.3,4,2,4,2,2,0,0,1.0,1,2,0.75,0,0,0.8112781245417433,2.811278124335217,0.022575424759098895,0.3126135672610522,1.8112781244591325,0.0,0.1811278124459133,-0.8112781244591329,0.000000,4,dyadic,0
rand_n5_2,random_strict,0,train,5,7,0.35,4,3,4,3,3,0,0,1.0,1,2,0.5625,0,0,2.0652560161672322e-10,0.0,0.018060339807279117,0.0,0.0,0.0,0.0,0.0,0.000000,4,dyadic,0
rand_n5_3,random_strict,0,train,5,5,0.25,4,1,4,1,1,0,0,1.0,1,2,0.25,0,0,2.065273014699633e-10,0.0,0.03612067961455823,0.10040080160320639,0.0,0.0,0.0,0.0,0.000000,4,dyadic,0
rand_n5_4,random_strict,0,train,5,6,0.3,4,2,4,2,2,0,0,1.0,1,2,0.3125,0,0,0.8960382326171681,2.896038232410641,0.04063576456637801,0.22758821210564112,1.8960382325345573,-2.220446049250313e-16,0.18960382325345576,-0.8960382325345577,0.000000,4,dyadic,0
rand_n5_5,random_strict,0,train,5,5,0.25,4,1,4,1,1,0,0,1.0,1,2,0.6875,0,0,1.2391643267051222e-10,1.8960382324519467,0.031605594662738455,0.0,1.8960382325345575,0.0,0.09480191162672788,0.0,0.000000,4,dyadic,0
rand_n5_6,random_strict,0,train,5,7,0.35,4,3,4,3,3,0,0,1.0,1,2,0.4375,0,0,2.0652645154334326e-10,0.0,0.03612067961455823,0.24204736908066266,0.0,0.0,0.0,0.0,0.000000,4,dyadic,0
rand_n5_7,random_strict,0,train,5,5,0.25,4,1,4,1,1,0,0,1.0,1,2,0.4375,0,0,2.065273014699633e-10,0.0,0.022575424759098895,0.0,0.0,0.0,0.0,0.0,0.000000,4,dyadic,0
rand_n5_8,random_strict,0,train,5,5,0.25,4,1,4,1,1,0,0,1.0,1,2,0.4375,0,0,1.2391598858130237e-10,1.9886994082058869,0.03612067961455823,0.11827072086317902,1.9886994082884972,0.0,0.09943497041442487,-2.220446049250313e-16,0.000000,4,dyadic,0
rand_n5_9,random_strict,0,train,5,8,0.4,4,4,4,4,4,0,0,1.0,1,2,0.5,0,0,3.0,4.999999999793473,0.03612067961455823,0.6000024000288003,2.0,0.0,0.4,-1.0,0.000000,4,dyadic,0
rand_n5_10,random_strict,0,train,5,5,0.25,4,1,4,1,1,0,0,1.0,1,2,0.625,0,1,2.0652645154334326e-10,0.0,0.018060339807279117,0.0,0.0,0.0,0.0,0.0,0.000000,4,dyadic,0
rand_n5_11,random_strict,0,train,5,4,0.2,4,1,4,0,0,0,0,1.0,1,1,0.5625,0,0,2.0652560161672322e-10,0.0,0.027090509710918677,0.5119193706089147,0.0,0.0,0.0,0.0,0.000000,2,dyadic,0
rand_n5_12,random_strict,0,train,5,7,0.35,4,3,4,3,3,0,0,1.0,1,2,0.5,0,0,2.065290013232034e-10,0.0,0.022575424759098895,0.7882003360798043,0.0,0.0,0.0,0.0,0.000000,4,dyadic,0
rand_n5_13,random_strict,0,train,5,6,0.3,4,2,4,2,2,0,0,1.0,1,2,0.5,0,0,2.0652815139658335e-10,0.0,0.022575424759098895,0.0,0.0,0.0,0.0,0.0,0.000000,4,dyadic,0
rand_n5_14,random_strict,0,train,5,7,0.35,4,3,4,3,3,0,0,1.0,1,2,0.3125,0,0,1.7920764651104206,3.896038232369336,0.03612067961455823,0.3000016000192002,1.8960382325345573,0.0,0.28440573488018367,-0.8960382325345575,0.000000,4,dyadic,0
rand_n5_15,random_strict,0,train,5,6,0.3,4,2,4,2,2,0,0,1.0,1,2,0.4375,0,0,0.9886994083711083,2.9886994081645812,0.027090509710918677,0.3125956964719056,1.9886994082884974,0.0,0.19886994082884973,-0.9886994082884974,0.000000,4,dyadic,0
rand_n5_16,random_strict,0,train,5,7,0.35,4,3,4,3,3,0,0,1.0,1,2,0.5625,0,0,1.9773988166183007,3.988699408123276,0.03612067961455823,0.317490185271449,1.9886994082884974,0.0,0.29830491124327463,-0.9886994082884974,0.000000,4,dyadic,0
rand_n5_17,random_strict,0,train,5,6,0.3,4,2,4,2,2,0,0,1.0,1,2,0.5,0,0,2.065273014699633e-10,0.0,0.027090509710918677,0.20080160320641283,0.0,0.0,0.0,0.0,0.000000,4,dyadic,0
rand_n5_18,random_strict,0,train,5,6,0.3,4,2,4,2,2,0,0,1.0,1,2,0.375,0,0,2.0652645154334326e-10,0.0,0.03612067961455823,0.0711238849411329,0.0,0.0,0.0,0.0,0.000000,4,dyadic,0
rand_n5_19,random_strict,0,train,5,6,0.3,4,2,4,2,2,0,0,1.0,1,2,0.375,0,0,2.0652815139658335e-10,0.0,0.03612067961455823,0.31320506855348895,0.0,0.0,0.0,0.0,0.000000,4,dyadic,0
rand_n5_20,random_strict,0,train,5,7,0.35,4,3,4,3,3,0,0,1.0,1,2,0.625,0,0,1.9088680058912364,3.9544340027597435,0.04063576456637801,0.3000016000192002,1.9544340029249652,0.0,0.2931651004387448,-0.9544340029249649,0.000000,4,dyadic,0
rand_n5_21,random_strict,0,train,5,4,0.2,4,1,4,0,0,0,0,1.0,1,1,0.25,0,0,2.065273014699633e-10,0.0,0.022575424759098895,0.29999999999999993,0.0,0.0,0.0,0.0,0.000000,2,dyadic,0
rand_n5_22,random_strict,0,train,5,7,0.35,4,3,4,3,3,0,0,1.0,1,2,0.625,0,0,2.0652645154334326e-10,0.0,0.022575424759098895,0.29999999999999993,0.0,0.0,0.0,0.0,0.000000,4,dyadic,0
rand_n5_23,random_strict,0,train,5,7,0.35,4,3,4,3,3,0,0,1.0,1,2,0.375,0,0,1.9088680058912353,3.9544340027597435,0.027090509710918677,0.5988023904286852,1.9544340029249652,0.0,0.2931651004387448,-0.9544340029249649,0.000000,4,dyadic,0
rand_n5_24,random_strict,0,train,5,6,0.3,4,2,4,2,2,0,0,1.0,1,2,0.625,0,1,0.954434003007576,2.9544340028010487,0.022575424759098895,0.42685968886215075,1.9544340029249652,0.0,0.1954434002924965,-0.9544340029249649,0.000000,4,dyadic,0
rand_n5_25,random_strict,0,train,5,7,0.35,4,3,4,3,3,0,0,1.0,1,2,0.75,0,0,2.065273014699633e-10,0.0,0.022575424759098895,0.29999999999999993,0.0,0.0,0.0,0.0,0.000000,4,dyadic,0
rand_n5_26,random_strict,0,train,5,6,0.3,4,2,4,2,2,0,0,1.0,1,2,0.3125,0,0,2.065273014699633e-10,0.0,0.027090509710918677,0.09999999999999999,0.0,0.0,0.0,0.0,0.000000,4,dyadic,0
rand_n5_27,random_strict,0,train,5,6,0.3,4,2,4,2,2,0,0,1.0,1,2,0.625,0,0,2.0652560161672322e-10,0.0,0.03612067961455823,0.7348916962491107,0.0,0.0,0.0,0.0,0.000000,4,dyadic,0
rand_n5_28,random_strict,0,train,5,7,0.35,4,3,4,3,3,0,0,1.0,1,2,0.625,0,0,1.9088680058912362,3.9544340027597435,0.03612067961455823,0.3190528564741092,1.9544340029249652,0.0,0.2931651004387448,-0.9544340029249649,0.000000,4,dyadic,0
rand_n5_29,random_strict,0,train,5,6,0.3,4,2,4,2,2,0,0,1.0,1,2,0.5,0,0,1.0000000000826108,2.9999999998760836,0.031605594662738455,0.1,2.0,0.0,0.2,-1.0,0.000000,4,dyadic,0
rand_n5_30,random_strict,0,train,5,5,0.25,4,1,4,1,1,0,0,1.0,1,2,0.375,0,0,2.0652815139658335e-10,0.0,0.018060339807279117,0.6008016032064127,0.0,0.0,0.0,0.0,0.000000,4,dyadic,0
rand_n5_31,random_strict,0,train,5,6,0.3,4,2,4,2,2,0,0,1.0,1,2,0.375,0,0,0.954434003007576,2.954434002801049,0.03612067961455823,0.11342984443107537,1.9544340029249652,0.0,0.19544340029249652,-0.9544340029249649,0.000000,4,dyadic,0
rand_n5_32,random_strict,0,train,5,6,0.3,4,2,4,2,2,0,0,1.0,1,2,0.6875,0,0,0.8960382326171681,2.8960382324106413,0.04063576456637801,0.22758821210564117,1.8960382325345573,0.0,0.18960382325345576,-0.8960382325345575,0.000000,4,dyadic,0
rand_n5_33,random_strict,0,train,5,6,0.3,4,2,4,2,2,0,0,1.0,1,2,0.625,0,0,0.9544340030075757,2.9544340028010487,0.04515084951819779,0.22682474729345764,1.9544340029249652,0.0,0.19544340029249652,-0.9544340029249649,0.000000,4,dyadic,0
rand_n5_34,random_strict,0,train,5,7,0.35,4,3,4,3,3,0,0,1.0,1,2,0.375,0,0,1.9088680058912355,3.9544340027597435,0.03612067961455823,0.317490185271449,1.9544340029249652,0.0,0.2931651004387448,-0.9544340029249649,0.000000,4,dyadic,0
rand_n5_35,random_strict,0,train,5,6,0.3,4,2,4,2,2,0,0,1.0,1,2,0.3125,0,0,0.8960382326171672,2.896038232410641,0.04063576456637801,0.1000008000096001,1.8960382325345573,-2.220446049250313e-16,0.18960382325345576,-0.8960382325345577,0.000000,4,dyadic,0
rand_n5_36,random_strict,0,train,5,6,0.3,4,2,4,2,2,0,0,1.0,1,2,0.4375,0,0,2.065290013232034e-10,0.0,0.031605594662738455,0.44901348745419345,0.0,0.0,0.0,0.0,0.000000,4,dyadic,0
rand_n5_37,random_strict,0,train,5,5,0.25,4,1,4,1,1,0,0,1.0,1,2,0.5625,0,0,2.0652560161672322e-10,0.0,0.022575424759098895,0.5119193706089147,0.0,0.0,0.0,0.0,0.000000,4,dyadic,0
rand_n5_38,random_strict,0,train,5,8,0.4,4,4,4,4,4,0,0,1.0,1,2,0.5625,0,0,2.966098224865492,4.98869940808197,0.018060339807279117,0.0,1.9886994082884974,0.0,0.39773988165769947,-0.9886994082884974,0.000000,4,dyadic,0
rand_n5_39,random_strict,0,train,5,4,0.2,4,1,4,0,0,0,0,1.0,1,1,0.6875,0,0,2.065273014699633e-10,0.0,0.018060339807279117,0.0,0.0,0.0,0.0,0.0,0.000000,2,dyadic,0
rand_n5_40,random_strict,0,train,5,4,0.2,4,1,4,0,0,0,0,1.0,1,1,0.375,0,0,2.0652645154334326e-10,0.0,0.022575424759098895,0.3006012024048096,0.0,0.0,0.0,0.0,0.000000,2,dyadic,0
rand_n5_41,random_strict,0,train,5,8,0.4,4,4,4,4,4,0,0,1.0,1,2,0.5625,0,0,2.0652645154334326e-10,0.0,0.018060339807279117,0.0,0.0,0.0,0.0,0.0,0.000000,4,dyadic,0
rand_n5_42,random_strict,0,train,5,7,0.35,4,3,4,3,3,0,0,1.0,1,2,0.25,0,0,2.065273014699633e-10,0.0,0.03612067961455823,0.2419640759457077,0.0,0.0,0.0,0.0,0.000000,4,dyadic,0
rand_n5_43,random_strict,0,train,5,7,0.35,4,3,4,3,3,0,0,1.0,1,2,0.4375,0,0,2.0652560161672322e-10,0.0,0.03612067961455823,0.2419640759457077,0.0,0.0,0.0,0.0,0.000000,4,dyadic,0
rand_n5_44,random_strict,0,train,5,7,0.35,4,3,4,3,3,0,0,1.0,1,2,0.375,0,0,1.9088680058912353,3.9544340027597435,0.04063576456637801,0.3190528564741092,1.9544340029249652,0.0,0.2931651004387448,-0.9544340029249649,0.000000,4,dyadic,0
rand_n5_45,random_strict,0,train,5,7,0.35,4,3,4,3,3,0,0,1.0,1,2,0.5625,0,0,2.065273014699633e-10,0.0,0.03612067961455823,0.6622316568371762,0.0,0.0,0.0,0.0,0.000000,4,dyadic,0
rand_n5_46,random_strict,0,train,5,6,0.3,4,2,4,2,2,0,0,1.0,1,2,0.4375,0,0,2.0652560161672322e-10,0.0,0.027090509710918677,0.31232017221212116,0.0,0.0,0.0,0.0,0.000000,4,dyadic,0
rand_n5_47,random_strict,0,train,5,7,0.35,4,3,4,3,3,0,0,1.0,1,2,0.5,0,0,2.0652560161672322e-10,0.0,0.03612067961455823,0.44430131156321123,0.0,0.0,0.0,0.0,0.000000,4,dyadic,0
rand_n5_48,random_strict,0,train,5,6,0.3,4,2,4,2,2,0,0,1.0,1,2,0.625,0,0,0.954434003007576,2.9544340028010487,0.022575424759098895,0.09999999999999999,1.9544340029249652,0.0,0.19544340029249652,-0.9544340029249649,0.000000,4,dyadic,0
rand_n5_49,random_strict,0,train,5,5,0.25,4,1,4,1,1,0,0,1.0,1,2,0.5625,0,1,2.065273014699633e-10,0.0,0.027090509710918677,0.7663446378264713,0.0,0.0,0.0,0.0,0.000000,4,dyadic,0
rand_n5_50,random_strict,0,train,5,6,0.3,4,2,4,2,2,0,0,1.0,1,2,0.375,0,0,0.9544340030075757,2.9544340028010487,0.031605594662738455,0.22758821210564117,1.9544340029249652,0.0,0.19544340029249652,-0.9544340029249649,0.000000,4,dyadic,0
rand_n5_51,random_strict,0,train,5,6,0.3,4,2,4,2,2,0,0,1.0,1,2,0.4375,0,0,2.0652560161672322e-10,0.0,0.027090509710918677,0.14216447674731092,0.0,0.0,0.0,0.0,0.000000,4,dyadic,0
rand_n5_52,random_strict,0,train,5,6,0.3,4,2,4,2,2,0,0,1.0,1,2,0.5,0,0,1.0000000000826108,2.9999999998760836,0.027090509710918677,0.3126135672610522,2.0,0.0,0.2,-1.0,0.000000,4,dyadic,0
rand_n5_53,random_strict,0,train,5,5,0.25,4,1,4,1,1,0,0,1.0,1,2,0.5625,0,0,2.0652560161672322e-10,0.0,0.022575424759098895,0.8825591608118863,0.0,0.0,0.0,0.0,0.000000,4,dyadic,0
rand_n5_54,random_strict,0,train,5,6,0.3,4,2,4,2,2,0,0,1.0,1,2,0.5625,0,0,2.0652645154334326e-10,0.0,0.031605594662738455,0.483527350288209,0.0,0.0,0.0,0.0,0.000000,4,dyadic,0
rand_n5_55,random_strict,0,train,5,5,0.25,4,1,4,1,1,0,0,1.0,1,2,0.375,0,0,2.065273014699633e-10,0.0,0.022575424759098895,0.3006012024048096,0.0,0.0,0.0,0.0,0.000000,4,dyadic,0
rand_n5_56,random_strict,0,train,5,6,0.3,4,2,4,2,2,0,0,1.0,1,2,0.5,0,0,2.0652645154334326e-10,0.0,0.031605594662738455,0.31232017221212116,0.0,0.0,0.0,0.0,0.000000,4,dyadic,0
rand_n5_57,random_strict,0,train,5,7,0.35,4,3,4,3,3,0,0,1.0,1,2,0.5625,0,0,1.977398816618301,3.988699408123276,0.022575424759098895,0.6179064592414338,1.9886994082884972,-2.220446049250313e-16,0.29830491124327463,-0.9886994082884977,0.000000,4,dyadic,0
rand_n5_58,random_strict,0,train,5,5,0.25,4,1,4,1,1,0,0,1.0,1,2,0.75,0,0,2.065273014699633e-10,0.0,0.031605594662738455,0.24127958040594316,0.0,0.0,0.0,0.0,0.000000,4,dyadic,0
rand_n5_59,random_strict,0,train,5,7,0.35,4,3,4,3,3,0,0,1.0,1,2,0.625,0,0,2.065273014699633e-10,0.0,0.022575424759098895,0.3123201722121212,0.0,0.0,0.0,0.0,0.000000,4,dyadic,0
rand_n5_60,random_strict,0,train,5,8,0.4,4,4,4,4,4,0,0,1.0,1,2,0.375,0,0,2.0652560161672322e-10,0.0,0.022575424759098895,0.5999999999999999,0.0,0.0,0.0,0.0,0.000000,4,dyadic,0
rand_n5_61,random_strict,0,train,5,6,0.3,4,2,4,2,2,0,0,1.0,1,2,0.625,0,1,2.0652645154334326e-10,0.0,0.031605594662738455,0.3123201722121212,0.0,0.0,0.0,0.0,0.000000,4,dyadic,0
rand_n5_62,random_strict,0,train,5,7,0.35,4,3,4,3,3,0,0,1.0,1,2,0.3125,0,0,2.0652815139658335e-10,0.0,0.031605594662738455,0.6622316568371762,0.0,0.0,0.0,0.0,0.000000,4,dyadic,0
rand_n5_63,random_strict,0,train,5,5,0.25,4,1,4,1,1,0,0,1.0,1,2,0.375,0,0,1.2391510040288267e-10,1.9544340028423544,0.027090509710918677,0.11827072086317902,1.9544340029249652,0.0,0.09772170014624824,0.0,0.000000,4,dyadic,0
rand_n5_64,random_strict,0,train,5,5,0.25,3,2,3,2,1,0,0,1.0,1,2,0.625,0,0,2.0652560161672322e-10,0.0,0.027090509710918677,0.09999999999999999,0.0,0.0,0.0,0.0,0.000000,4,dyadic,0
rand_n5_65,random_strict,0,train,5,5,0.25,4,1,4,1,1,0,0,1.0,1,2,0.625,0,0,2.065273014699633e-10,0.0,0.027090509710918677,0.4380856383275269,0.0,0.0,0.0,0.0,0.000000,4,dyadic,0
rand_n5_66,random_strict,0,train,5,6,0.3,4,2,4,2,2,0,0,1.0,1,2,0.5,0,0,1.0000000000826108,2.9999999998760836,0.022575424759098895,0.0,2.0,0.0,0.2,-1.0,0.000000,4,dyadic,0
rand_n5_67,random_strict,0,train,5,6,0.3,4,2,4,2,2,0,0,1.0,1,2,0.4375,0,0,0.9886994083711085,2.9886994081645812,0.04063576456637801,0.11341277365152888,1.9886994082884972,0.0,0.19886994082884976,-0.9886994082884974,0.000000,4,dyadic,0
rand_n5_68,random_strict,0,train,5,7,0.35,4,3,4,3,3,0,0,1.0,1,2,0.5625,0,0,1.9773988166182999,3.988699408123276,0.027090509710918677,0.09999999999999999,1.9886994082884974,0.0,0.29830491124327463,-0.9886994082884974,0.000000,4,dyadic,0
rand_n5_69,random_strict,0,train,5,7,0.35,4,3,4,3,3,0,0,1.0,1,2,0.625,0,0,1.9088680058912364,3.9544340027597435,0.022575424759098895,0.0,1.9544340029249652,0.0,0.2931651004387447,-0.9544340029249649,0.000000,4,dyadic,0
rand_n5_70,random_strict,0,train,5,6,0.3,4,2,4,2,2,0,0,1.0,1,2,0.3125,0,0,0.896038232617169,2.8960382324106413,0.03612067961455823,0.11341277365152888,1.8960382325345573,0.0,0.18960382325345576,-0.8960382325345575,0.000000,4,dyadic,0
rand_n5_71,random_strict,0,train,5,6,0.3,4,2,4,2,2,0,0,1.0,1,2,0.3125,0,0,2.065273014699633e-10,0.0,0.027090509710918677,0.09999999999999999,0.0,0.0,0.0,0.0,0.000000,4,dyadic,0
rand_n5_72,random_strict,0,train,5,4,0.2,4,1,4,0,0,0,0,1.0,1,1,0.5625,0,0,2.0652475169010317e-10,0.0,0.013545254855459338,0.9999999999999998,0.0,0.0,0.0,0.0,0.000000,2,dyadic,0
rand_n5_73,random_strict,0,train,5,6,0.3,4,2,4,2,2,0,0,1.0,1,2,0.5625,0,1,0.9886994083711085,2.9886994081645812,0.022575424759098895,0.09999999999999999,1.9886994082884972,0.0,0.19886994082884976,-0.9886994082884974,0.000000,4,dyadic,0
rand_n5_74,random_strict,0,train,5,5,0.25,4,1,4,1,1,0,0,1.0,1,2,0.6875,0,0,1.2391576653669745e-10,1.8960382324519467,0.03612067961455823,0.11827072086317902,1.8960382325345573,0.0,0.09480191162672788,-2.220446049250313e-16,0.000000,4,dyadic,0
rand_n5_75,random_strict,0,train,5,6,0.3,4,2,4,2,2,0,0,1.0,1,2,0.5,0,0,2.0652475169010317e-10,0.0,0.027090509710918677,0.10040080160320639,0.0,0.0,0.0,0.0,0.000000,4,dyadic,0
rand_n5_76,random_strict,0,train,5,5,0.25,4,1,4,1,1,0,0,1.0,1,2,0.375,0,0,2.0652645154334326e-10,0.0,0.027090509710918677,0.12072268092667823,0.0,0.0,0.0,0.0,0.000000,4,dyadic,0
rand_n5_77,random_strict,0,train,5,6,0.3,4,2,4,2,2,0,0,1.0,1,2,0.5625,0,0,2.0652815139658335e-10,0.0,0.027090509710918677,0.31232017221212116,0.0,0.0,0.0,0.0,0.000000,4,dyadic,0
rand_n5_78,random_strict,0,train,5,7,0.35,4,3,4,3,3,0,0,1.0,1,2,0.4375,0,0,1.9773988166183,3.988699408123276,0.04063576456637801,0.317490185271449,1.9886994082884972,-2.220446049250313e-16,0.29830491124327463,-0.9886994082884977,0.000000,4,dyadic,0
rand_n5_79,random_strict,0,train,5,5,0.25,4,1,4,1,1,0,0,1.0,1,2,0.5,0,0,1.2391554449209252e-10,1.9999999999173887,0.027090509710918677,0.09999999999999999,2.0,0.0,0.1,0.0,0.000000,4,dyadic,0
rand_n5_80,random_strict,0,train,5,7,0.35,4,3,4,3,3,0,0,1.0,1,2,0.4375,0,0,1.977398816618301,3.988699408123276,0.022575424759098895,0.6162739049013876,1.9886994082884972,0.0,0.29830491124327463,-0.9886994082884974,0.000000,4,dyadic,0
rand_n5_81,random_strict,0,train,5,6,0.3,4,2,4,2,2,0,0,1.0,1,2,0.3125,0,0,0.896038232617167,2.896038232410641,0.03612067961455823,0.22758821210564112,1.8960382325345575,0.0,0.18960382325345576,-0.8960382325345575,0.000000,4,dyadic,0
rand_n5_82,random_strict,0,train,5,5,0.25,4,1,4,1,1,0,0,1.0,1,2,0.5625,0,0,2.065290013232034e-10,0.0,0.03612067961455823,0.2419640759457077,0.0,0.0,0.0,0.0,0.000000,4,dyadic,0
rand_n5_83,random_strict,0,train,5,6,0.3,4,2,4,2,2,0,0,1.0,1,2,0.625,0,0,0.9544340030075749,2.9544340028010487,0.03612067961455823,0.11419410925285897,1.9544340029249652,0.0,0.19544340029249652,-0.9544340029249649,0.000000,4,dyadic,0
rand_n5_84,random_strict,0,train,5,5,0.25,4,1,4,1,1,0,0,1.0,1,2,0.5625,0,0,1.2391576653669745e-10,1.9886994082058869,0.03612067961455823,0.32685968886215067,1.9886994082884974,0.0,0.09943497041442487,0.0,0.000000,4,dyadic,0
rand_n5_85,random_strict,0,train,5,6,0.3,3,3,3,3,2,0,0,1.0,1,2,0.625,0,0,2.0652645154334326e-10,0.0,0.027090509710918677,0.38275956161348956,0.0,0.0,0.0,0.0,0.000000,4,dyadic,0
rand_n5_86,random_strict,0,train,5,7,0.35,4,3,4,3,3,0,0,1.0,1,2,0.4375,0,0,1.9773988166183,3.988699408123276,0.03612067961455823,0.2996015968191618,1.9886994082884972,0.0,0.29830491124327463,-0.9886994082884974,0.000000,4,dyadic,0
rand_n5_87,random_strict,0,train,5,5,0.25,4,1,4,1,1,0,0,1.0,1,2,0.4375,0,0,2.0652815139658335e-10,0.0,0.03612067961455823,0.07112388494113292,0.0,0.0,0.0,0.0,0.000000,4,dyadic,0
rand_n5_88,random_strict,0,train,5,7,0.35,4,3,4,3,3,0,0,1.0,1,2,0.375,0,0,2.065273014699633e-10,0.0,0.022575424759098895,0.09999999999999999,0.0,0.0,0.0,0.0,0.000000,4,dyadic,0
rand_n5_89,random_strict,0,train,5,6,0.3,4,2,4,2,2,0,0,1.0,1,2,0.3125,0,0,2.0652645154334326e-10,0.0,0.031605594662738455,0.10040080160320639,0.0,0.0,0.0,0.0,0.000000,4,dyadic,0
rand_n5_90,random_strict,0,train,5,7,0.35,4,3,4,3,3,0,0,1.0,1,2,0.375,0,0,2.0652815139658335e-10,0.0,0.03612067961455823,0.5129708532201923,0.0,0.0,0.0,0.0,0.000000,4,dyadic,0
rand_n5_91,random_strict,0,train,5,5,0.25,4,1,4,1,1,0,0,1.0,1,2,0.375,0,0,2.0652815139658335e-10,0.0,0.027090509710918677,0.24127958040594316,0.0,0.0,0.0,0.0,0.000000,4,dyadic,0
rand_n5_92,random_strict,0,train,5,4,0.2,4,1,4,0,0,0,0,1.0,1,1,0.75,0,0,2.0652560161672322e-10,0.0,0.027090509710918677,0.29999999999999993,0.0,0.0,0.0,0.0,0.000000,2,dyadic,0
rand_n5_93,random_strict,0,train,5,5,0.25,4,1,4,1,1,0,0,1.0,1,2,0.625,0,0,2.0652645154334326e-10,0.0,0.031605594662738455,0.0002004008016032063,0.0,0.0,0.0,0.0,0.000000,4,dyadic,0
rand_n5_94,random_strict,0,train,5,6,0.3,4,2,4,2,2,0,0,1.0,1,2,0.5625,0,0,0.9886994083711085,2.9886994081645817,0.031605594662738455,0.11341277365152888,1.9886994082884972,0.0,0.19886994082884973,-0.9886994082884974,0.000000,4,dyadic,0
rand_n5_95,random_strict,0,train,5,5,0.25,4,1,4,1,1,0,0,1.0,1,2,0.5,0,0,2.065290013232034e-10,0.0,0.018060339807279117,0.0,0.0,0.0,0.0,0.0,0.000000,4,dyadic,0
rand_n5_96,random_strict,0,train,5,8,0.4,4,4,4,4,4,0,0,1.0,1,2,0.4375,0,0,2.9660982248654926,4.98869940808197,0.031605594662738455,0.5992031936383236,1.9886994082884972,-2.220446049250313e-16,0.39773988165769947,-0.9886994082884977,0.000000,4,dyadic,0
rand_n5_97,random_strict,0,train,5,8,0.4,4,4,4,4,4,0,0,1.0,1,2,0.5625,0,0,2.9660982248654926,4.98869940808197,0.03612067961455823,0.6000024000288002,1.9886994082884972,-2.220446049250313e-16,0.39773988165769947,-0.9886994082884977,0.000000,4,dyadic,0
rand_n5_98,random_strict,0,train,5,5,0.25,4,1,4,1,1,0,0,1.0,1,2,0.75,0,0,1.2391465631367282e-10,1.8112781243765224,0.03612067961455823,0.009335362031608724,1.8112781244591327,0.0,0.09056390622295665,-1.1102230246251565e-16,0.000000,4,dyadic,0
rand_n5_99,random_strict,0,train,5,4,0.2,4,1,4,0,0,0,0,1.0,1,1,0.4375,0,0,2.065273014699633e-10,0.0,0.027090509710918677,0.6008016032064127,0.0,0.0,0.0,0.0,0.000000,2,dyadic,0
rand_n5_100,random_strict,0,train,5,5,0.25,4,1,4,1,1,0,0,1.0,1,2,0.4375,0,0,1.2391598858130237e-10,1.9886994082058869,0.022575424759098895,0.5999999999999999,1.9886994082884972,0.0,0.09943497041442487,-1.1102230246251565e-16,0.000000,4,dyadic,0
rand_n5_101,random_strict,0,train,5,6,0.3,4,2,4,2,2,0,0,1.0,1,2,0.375,0,0,2.065273014699633e-10,0.0,0.031605594662738455,0.24127958040594316,0.0,0.0,0.0,0.0,0.000000,4,dyadic,0
rand_n5_102,random_strict,0,train,5,6,0.3,4,2,4,2,2,0,0,1.0,1,2,0.375,0,0,2.0652815139658335e-10,0.0,0.031605594662738455,0.31320506855348895,0.0,0.0,0.0,0.0,0.000000,4,dyadic,0
rand_n5_103,random_strict,0,train,5,6,0.3,4,2,4,2,2,0,0,1.0,1,2,0.6875,0,0,2.0652475169010317e-10,0.0,0.022575424759098895,0.4825591608118863,0.0,0.0,0.0,0.0,0.000000,4,dyadic,0
rand_n5_104,random_strict,0,train,5,4,0.2,4,1,4,0,0,0,0,1.0,1,1,0.625,0,0,2.0652645154334326e-10,0.0,0.018060339807279117,0.09999999999999999,0.0,0.0,0.0,0.0,0.000000,2,dyadic,0
rand_n5_105,random_strict,0,train,5,5,0.25,4,1,4,1,1,0,0,1.0,1,2,0.5,0,0,1.2391732084893192e-10,1.9999999999173887,0.031605594662738455,0.10895322962071692,2.0,0.0,0.1,0.0,0.000000,4,dyadic,0
rand_n5_106,random_strict,0,train,5,5,0.25,4,1,4,1,1,0,0,1.0,1,2,0.6875,0,0,2.0652560161672322e-10,0.0,0.022575424759098895,0.09999999999999999,0.0,0.0,0.0,0.0,0.000000,4,dyadic,0
rand_n5_107,random_strict,0,train,5,5,0.25,4,1,4,1,1,0,0,1.0,1,2,0.625,0,0,2.065273014699633e-10,0.0,0.031605594662738455,0.12072268092667826,0.0,0.0,0.0,0.0,0.000000,4,dyadic,0
rand_n5_108,random_strict,0,train,5,7,0.35,4,3,4,3,3,0,0,1.0,1,2,0.4375,0,0,1.9773988166182999,3.988699408123276,0.027090509710918677,0.6162739049013874,1.9886994082884974,0.0,0.29830491124327463,-0.9886994082884974,0.000000,4,dyadic,0
rand_n5_109,random_strict,0,train,5,7,0.35,4,3,4,3,3,0,0,1.0,1,2,0.375,0,0,1.9088680058912355,3.9544340027597435,0.04063576456637801,0.3000016000192002,1.9544340029249652,0.0,0.2931651004387448,-0.9544340029249649,0.000000,4,dyadic,0
rand_n5_110,random_strict,0,train,5,7,0.35,4,3,4,3,3,0,0,1.0,1,2,0.375,0,0,2.0652815139658335e-10,0.0,0.031605594662738455,0.3827595616134895,0.0,0.0,0.0,0.0,0.000000,4,dyadic,0
rand_n5_111,random_strict,0,train,5,6,0.3,4,2,4,2,2,0,0,1.0,1,2,0.375,0,0,0.9544340030075766,2.954434002801049,0.031605594662738455,0.31342984443107536,1.9544340029249652,0.0,0.19544340029249652,-0.9544340029249649,0.000000,4,dyadic,0
rand_n5_112,random_strict,0,train,5,7,0.35,4,3,4,3,3,0,0,1.0,1,2,0.3125,0,0,1.7920764651104204,3.896038232369336,0.03612067961455823,0.317490185271449,1.8960382325345575,0.0,0.28440573488018367,-0.8960382325345575,0.000000,4,dyadic,0
rand_n5_113,random_strict,0,train,5,5,0.25,4,1,4,1,1,0,0,1.0,1,2,0.4375,0,0,2.0652645154334326e-10,0.0,0.03612067961455823,0.0006012024048096191,0.0,0.0,0.0,0.0,0.000000,4,dyadic,0
rand_n5_114,random_strict,0,train,5,8,0.4,4,4,4,4,4,0,0,1.0,1,2,0.4375,0,0,2.9660982248654926,4.98869940808197,0.022575424759098895,0.9976047808573701,1.9886994082884972,-2.220446049250313e-16,0.39773988165769947,-0.9886994082884977,0.000000,4,dyadic,0
rand_n5_115,random_strict,0,train,5,8,0.4,4,4,4,4,4,0,0,1.0,1,2,0.375,0,0,2.863302008774896,4.954434002718438,0.031605594662738455,0.6,1.9544340029249652,0.0,0.390886800584993,-0.9544340029249649,0.000000,4,dyadic,0
rand_n5_116,random_strict,0,train,5,6,0.3,4,2,4,2,2,0,0,1.0,1,2,0.625,0,0,2.0652645154334326e-10,0.0,0.022575424759098895,0.0,0.0,0.0,0.0,0.0,0.000000,4,dyadic,0
rand_n5_117,random_strict,0,train,5,7,0.35,4,3,4,3,3,0,0,1.0,1,2,0.625,0,0,1.9088680058912353,3.9544340027597435,0.031605594662738455,0.31787231768234087,1.9544340029249652,0.0,0.2931651004387447,-0.9544340029249649,0.000000,4,dyadic,0
rand_n5_118,random_strict,0,train,5,7,0.35,4,3,4,3,3,0,0,1.0,1,2,0.5,0,0,2.0000000000413047,3.9999999998347784,0.04063576456637801,0.31749018527144907,2.0,0.0,0.3,-1.0,0.000000,4,dyadic,0
rand_n5_119,random_strict,0,train,5,6,0.3,4,2,4,2,2,0,0,1.0,1,2,0.375,0,0,0.9544340030075766,2.9544340028010487,0.022575424759098895,0.0,1.9544340029249652,0.0,0.19544340029249652,-0.9544340029249649,0.000000,4,dyadic,0
rand_n5_120,random_strict,0,train,5,7,0.35,4,3,4,3,3,0,0,1.0,1,2,0.625,0,1,2.0652645154334326e-10,0.0,0.031605594662738455,0.5208884623740916,0.0,0.0,0.0,0.0,0.000000,4,dyadic,0
rand_n5_121,random_strict,0,train,5,5,0.25,3,2,3,2,2,0,0,1.0,1,2,0.5,0,0,2.0652815139658335e-10,0.0,0.03612067961455823,0.5700198623174297,0.0,0.0,0.0,0.0,0.000000,4,dyadic,0
rand_n5_122,random_strict,0,train,5,6,0.3,4,2,4,2,2,0,0,1.0,1,2,0.5,0,1,2.0652645154334326e-10,0.0,0.04063576456637801,0.34147716888192725,0.0,0.0,0.0,0.0,0.000000,4,dyadic,0
rand_n5_123,random_strict,0,train,5,6,0.3,4,2,4,2,2,0,0,1.0,1,2,0.5625,0,0,0.9886994083711083,2.9886994081645812,0.022575424759098895,0.3126135672610522,1.9886994082884974,0.0,0.19886994082884973,-0.9886994082884974,0.000000,4,dyadic,0
rand_n5_124,random_strict,0,train,5,5,0.25,4,1,4,1,1,0,0,1.0,1,2,0.6875,0,0,1.2391554449209252e-10,1.8960382324519467,0.04063576456637801,0.1179064592414338,1.8960382325345575,0.0,0.09480191162672788,0.0,0.000000,4,dyadic,0
rand_n5_125,random_strict,0,train,5,4,0.2,4,1,4,0,0,0,0,1.0,1,1,0.8125,0,0,2.0652645154334326e-10,0.0,0.022575424759098895,0.5999999999999999,0.0,0.0,0.0,0.0,0.000000,2,dyadic,0
rand_n5_126,random_strict,0,train,5,7,0.35,4,3,4,3,3,0,0,1.0,1,2,0.75,0,0,1.6225562489595706,3.8112781242939113,0.03612067961455823,0.31787231768234087,1.8112781244591327,0.0,0.27169171866886993,-0.8112781244591329,0.000000,4,dyadic,0
rand_n5_127,random_strict,0,train,5,6,0.3,4,2,4,2,2,0,0,1.0,1,2,0.5625,0,0,2.0652475169010317e-10,0.0,0.027090509710918677,0.1414799812075464,0.0,0.0,0.0,0.0,0.000000,4,dyadic,0
rand_n5_128,random_strict,0,train,5,7,0.35,4,3,4,3,3,0,0,1.0,1,2,0.5,0,0,2.0000000000413056,3.9999999998347784,0.031605594662738455,0.5984031872382468,2.0,0.0,0.3,-1.0,0.000000,4,dyadic,0
rand_n5_129,random_strict,0,train,5,6,0.3,4,2,4,2,2,0,0,1.0,1,2,0.625,0,0,0.9544340030075751,2.9544340028010487,0.022575424759098895,0.09999999999999999,1.9544340029249652,0.0,0.19544340029249652,-0.9544340029249649,0.000000,4,dyadic,0
rand_n5_130,random_strict,0,train,5,6,0.3,4,2,4,2,2,0,0,1.0,1,2,0.625,0,0,0.9544340030075769,2.9544340028010487,0.03612067961455823,0.11341277365152888,1.9544340029249652,0.0,0.19544340029249652,-0.9544340029249649,0.000000,4,dyadic,0
rand_n5_131,random_strict,0,train,5,6,0.3,4,2,4,2,2,0,0,1.0,1,2,0.3125,0,0,2.065273014699633e-10,0.0,0.031605594662738455,0.14216447674731092,0.0,0.0,0.0,0.0,0.000000,4,dyadic,0
rand_n5_132,random_strict,0,train,5,5,0.25,4,1,4,1,1,0,0,1.0,1,2,0.25,0,0,1.2391643267051222e-10,1.811278124376522,0.018060339807279117,0.0,1.8112781244591327,0.0,0.09056390622295665,-1.1102230246251565e-16,0.000000,4,dyadic,0
rand_n5_133,random_strict,0,train,5,5,0.25,4,1,4,1,1,0,0,1.0,1,2,0.375,0,0,1.2391576653669745e-10,1.9544340028423544,0.04515084951819779,0.32685968886215067,1.9544340029249652,0.0,0.09772170014624824,0.0,0.000000,4,dyadic,0
rand_n5_134,random_strict,0,train,5,6,0.3,4,2,4,2,2,0,0,1.0,1,2,0.5625,0,0,2.0652475169010317e-10,0.0,0.022575424759098895,0.24127958040594316,0.0,0.0,0.0,0.0,0.000000,4,dyadic,0
rand_n5_135,random_strict,0,train,5,7,0.35,4,3,4,3,3,0,0,1.0,1,2,0.625,0,0,2.065273014699633e-10,0.0,0.027090509710918677,0.09999999999999999,0.0,0.0,0.0,0.0,0.000000,4,dyadic,0
rand_n5_136,random_strict,0,train,5,6,0.3,4,2,4,2,2,0,0,1.0,1,2,0.625,0,0,2.0652815139658335e-10,0.0,0.031605594662738455,0.1414799812075464,0.0,0.0,0.0,0.0,0.000000,4,dyadic,0
rand_n5_137,random_strict,0,train,5,7,0.35,4,3,4,3,3,0,0,1.0,1,2,0.8125,0,1,2.0652560161672322e-10,0.0,0.031605594662738455,0.31232017221212116,0.0,0.0,0.0,0.0,0.000000,4,dyadic,0
rand_n5_138,random_strict,0,train,5,8,0.4,4,4,4,4,4,0,0,1.0,1,2,0.375,0,0,2.863302008774896,4.954434002718438,0.03612067961455823,0.5992031936383235,1.9544340029249652,0.0,0.390886800584993,-0.9544340029249649,0.000000,4,dyadic,0
rand_n5_139,random_strict,0,train,5,8,0.4,4,4,4,4,4,0,0,1.0,1,2,0.5625,0,0,2.0652475169010317e-10,0.0,0.022575424759098895,0.7240391420194328,0.0,0.0,0.0,0.0,0.000000,4,dyadic,0
rand_n5_140,random_strict,0,train,5,7,0.35,4,3,4,3,3,0,0,1.0,1,2,0.5625,0,0,1.9773988166182999,3.988699408123276,0.03612067961455823,0.317490185271449,1.9886994082884974,0.0,0.29830491124327463,-0.9886994082884974,0.000000,4,dyadic,0
rand_n5_141,random_strict,0,train,5,7,0.35,4,3,4,3,3,0,0,1.0,1,2,0.6875,0,0,1.7920764651104195,3.896038232369336,0.04063576456637801,0.2996015968191618,1.8960382325345575,0.0,0.28440573488018367,-0.8960382325345575,0.000000,4,dyadic,0
rand_n5_142,random_strict,0,train,5,5,0.25,4,1,4,1,1,0,0,1.0,1,2,0.5,0,0,1.2391643267051222e-10,1.9999999999173887,0.027090509710918677,0.1,2.0,0.0,0.1,0.0,0.000000,4,dyadic,0
rand_n5_143,random_strict,0,train,5,7,0.35,4,3,4,3,3,0,0,1.0,1,2,0.375,0,0,2.0652645154334326e-10,0.0,0.027090509710918677,0.44430131156321123,0.0,0.0,0.0,0.0,0.000000,4,dyadic,0
rand_n5_144,random_strict,0,train,5,6,0.3,4,2,4,2,2,0,0,1.0,1,2,0.5,0,0,1.0000000000826117,2.9999999998760836,0.022575424759098895,0.3,2.0,0.0,0.2,-1.0,0.000000,4,dyadic,0
rand_n5_145,random_strict,0,train,5,6,0.3,4,2,4,2,2,0,0,1.0,1,2,0.625,0,0,2.0652560161672322e-10,0.0,0.03612067961455823,0.20160320641282564,0.0,0.0,0.0,0.0,0.000000,4,dyadic,0
rand_n5_146,random_strict,0,train,5,5,0.25,4,1,4,1,1,0,0,1.0,1,2,0.5625,0,0,1.2391754289353685e-10,1.988699408205887,0.031605594662738455,0.32720607969474935,1.9886994082884972,0.0,0.09943497041442487,-2.220446049250313e-16,0.000000,4,dyadic,0
rand_n5_147,random_strict,0,train,5,6,0.3,4,2,4,2,2,0,0,1.0,1,2,0.625,0,0,0.9544340030075757,2.9544340028010487,0.04515084951819779,0.11419410925285896,1.9544340029249652,0.0,0.19544340029249652,-0.9544340029249649,0.000000,4,dyadic,0
rand_n5_148,random_strict,0,train,5,4,0.2,4,1,4,0,0,0,0,1.0,1,1,0.5,0,0,2.065273014699633e-10,0.0,0.022575424759098895,0.09999999999999999,0.0,0.0,0.0,0.0,0.000000,2,dyadic,0
rand_n5_149,random_strict,0,train,5,6,0.3,4,2,4,2,2,0,0,1.0,1,2,0.4375,0,0,2.065273014699633e-10,0.0,0.031605594662738455,0.44901348745419345,0.0,0.0,0.0,0.0,0.000000,4,dyadic,0
rand_n5_150,random_strict,0,train,5,6,0.3,4,2,4,2,2,0,0,1.0,1,2,0.4375,0,0,0.9886994083711085,2.9886994081645817,0.04063576456637801,0.11341277365152891,1.9886994082884972,0.0,0.19886994082884973,-0.9886994082884974,0.000000,4,dyadic,0
rand_n5_151,random_strict,0,train,5,7,0.35,4,3,4,3,3,0,0,1.0,1,2,0.4375,0,0,2.0652475169010317e-10,0.0,0.018060339807279117,0.09999999999999999,0.0,0.0,0.0,0.0,0.000000,4,dyadic,0
rand_n5_152,random_strict,0,train,5,7,0.35,4,3,4,3,3,0,0,1.0,1,2,0.625,0,0,1.9088680058912362,3.9544340027597435,0.022575424759098895,0.0,1.9544340029249652,0.0,0.2931651004387448,-0.9544340029249649,0.000000,4,dyadic,0
rand_n5_153,random_strict,0,train,5,5,0.25,4,1,4,1,1,0,0,1.0,1,2,0.625,0,0,1.2391665471511715e-10,1.9544340028423544,0.03612067961455823,0.0,1.9544340029249652,0.0,0.09772170014624824,0.0,0.000000,4,dyadic,0
rand_n5_154,random_strict,0,train,5,5,0.25,4,1,4,1,1,0,0,1.0,1,2,0.5,0,0,2.065273014699633e-10,0.0,0.031605594662738455,0.101002004008016,0.0,0.0,0.0,0.0,0.000000,4,dyadic,0
rand_n5_155,random_strict,0,train,5,7,0.35,4,3,4,3,3,0,0,1.0,1,2,0.6875,0,0,2.0652645154334326e-10,0.0,0.03612067961455823,0.2420473690806626,0.0,0.0,0.0,0.0,0.000000,4,dyadic,0
rand_n5_156,random_strict,0,train,5,5,0.25,4,1,4,1,1,0,0,1.0,1,2,0.375,0,0,1.2391687675972207e-10,1.9544340028423541,0.027090509710918677,0.42685968886215064,1.9544340029249652,0.0,0.09772170014624824,0.0,0.000000,4,dyadic,0
rand_n5_157,random_strict,0,train,5,4,0.2,4,1,4,0,0,0,0,1.0,1,1,0.1875,0,0,2.0652815139658335e-10,0.0,0.022575424759098895,0.29999999999999993,0.0,0.0,0.0,0.0,0.000000,2,dyadic,0
rand_n5_158,random_strict,0,train,5,5,0.25,4,1,4,1,1,0,0,1.0,1,2,0.5,0,0,1.2391643267051222e-10,1.9999999999173887,0.018060339807279117,0.0,2.0,0.0,0.1,0.0,0.000000,4,dyadic,0
rand_n5_159,random_strict,0,train,5,7,0.35,4,3,4,3,3,0,0,1.0,1,2,0.5,0,0,2.0652645154334326e-10,0.0,0.03612067961455823,0.31320506855348895,0.0,0.0,0.0,0.0,0.000000,4,dyadic,0
rand_n5_160,random_strict,0,train,5,7,0.35,4,3,4,3,3,0,0,1.0,1,2,0.625,0,0,2.0652645154334326e-10,0.0,0.031605594662738455,0.38372775108981216,0.0,0.0,0.0,0.0,0.000000,4,dyadic,0
rand_n5_161,random_strict,0,train,5,7,0.35,4,3,4,3,3,0,0,1.0,1,2,0.375,0,0,1.9088680058912353,3.9544340027597435,0.018060339807279117,0.0,1.9544340029249652,0.0,0.2931651004387448,-0.9544340029249649,0.000000,4,dyadic,0
rand_n5_162,random_strict,0,train,5,5,0.25,4,1,4,1,1,0,0,1.0,1,2,0.5,0,0,1.2391554449209252e-10,1.9999999999173887,0.04063576456637801,0.1179064592414338,2.0,0.0,0.1,0.0,0.000000,4,dyadic,0
rand_n5_163,random_strict,0,train,5,6,0.3,4,2,4,2,2,0,0,1.0,1,2,0.625,0,0,2.0652560161672322e-10,0.0,0.031605594662738455,0.4420127497264727,0.0,0.0,0.0,0.0,0.000000,4,dyadic,0
rand_n5_164,random_strict,0,train,5,6,0.3,4,2,4,2,2,0,0,1.0,1,2,0.5625,0,0,2.065273014699633e-10,0.0,0.031605594662738455,0.3123201722121212,0.0,0.0,0.0,0.0,0.000000,4,dyadic,0
rand_n5_165,random_strict,0,train,5,6,0.3,4,2,4,2,2,0,0,1.0,1,2,0.3125,0,0,2.065273014699633e-10,0.0,0.022575424759098895,0.29999999999999993,0.0,0.0,0.0,0.0,0.000000,4,dyadic,0
rand_n5_166,random_strict,0,train,5,6,0.3,4,2,4,2,2,0,0,1.0,1,2,0.625,0,0,0.9544340030075757,2.954434002801049,0.04063576456637801,0.22682474729345764,1.9544340029249652,0.0,0.19544340029249652,-0.9544340029249649,0.000000,4,dyadic,0
rand_n5_167,random_strict,0,train,5,5,0.25,4,1,4,1,1,0,0,1.0,1,2,0.5,0,0,2.065273014699633e-10,0.0,0.027090509710918677,0.2419640759457077,0.0,0.0,0.0,0.0,0.000000,4,dyadic,0
rand_n5_168,random_strict,0,train,5,5,0.25,4,1,4,1,1,0,0,1.0,1,2,0.5625,0,0,2.0652645154334326e-10,0.0,0.027090509710918677,0.09999999999999999,0.0,0.0,0.0,0.0,0.000000,4,dyadic,0
rand_n5_169,random_strict,0,train,5,7,0.35,4,3,4,3,3,0,0,1.0,1,2,0.625,0,0,1.9088680058912355,3.9544340027597435,0.03612067961455823,0.3,1.9544340029249652,0.0,0.2931651004387447,-0.9544340029249649,0.000000,4,dyadic,0
rand_n5_170,random_strict,0,train,5,6,0.3,4,2,4,2,2,0,0,1.0,1,2,0.4375,0,0,2.065273014699633e-10,0.0,0.027090509710918677,0.09999999999999999,0.0,0.0,0.0,0.0,0.000000,4,dyadic,0
rand_n5_171,random_strict,0,train,5,5,0.25,4,1,4,1,1,0,0,1.0,1,2,0.5625,0,1,1.2391687675972207e-10,1.988699408205887,0.031605594662738455,0.009335362031608724,1.9886994082884972,0.0,0.09943497041442487,-2.220446049250313e-16,0.000000,4,dyadic,0
rand_n5_172,random_strict,0,train,5,6,0.3,4,2,4,2,2,0,0,1.0,1,2,0.375,0,0,2.0652645154334326e-10,0.0,0.031605594662738455,0.2708055716503849,0.0,0.0,0.0,0.0,0.000000,4,dyadic,0
rand_n5_173,random_strict,0,train,5,5,0.25,4,1,4,1,1,0,0,1.0,1,2,0.625,0,0,2.0652645154334326e-10,0.0,0.018060339807279117,0.24127958040594316,0.0,0.0,0.0,0.0,0.000000,4,dyadic,0
rand_n5_174,random_strict,0,train,5,5,0.25,4,1,4,1,1,0,0,1.0,1,2,0.4375,0,0,2.0652645154334326e-10,0.0,0.027090509710918677,0.12072268092667823,0.0,0.0,0.0,0.0,0.000000,4,dyadic,0
rand_n5_175,random_strict,0,train,5,5,0.25,3,2,3,2,1,0,0,1.0,1,2,0.625,0,1,2.0652815139658335e-10,0.0,0.031605594662738455,0.31320506855348895,0.0,0.0,0.0,0.0,0.000000,4,dyadic,0
rand_n5_176,random_strict,0,train,5,7,0.35,4,3,4,3,3,0,0,1.0,1,2,0.5625,0,0,1.977398816618301,3.988699408123276,0.03612067961455823,0.3,1.9886994082884972,-2.220446049250313e-16,0.29830491124327463,-0.9886994082884977,0.000000,4,dyadic,0
rand_n5_177,random_strict,0,train,5,5,0.25,4,1,4,1,1,0,0,1.0,1,2,0.3125,0,0,2.0652815139658335e-10,0.0,0.022575424759098895,0.10040080160320639,0.0,0.0,0.0,0.0,0.000000,4,dyadic,0
rand_n5_178,random_strict,0,train,5,6,0.3,4,2,4,2,2,0,0,1.0,1,2,0.625,0,0,0.954434003007576,2.9544340028010487,0.03612067961455823,0.1000008000096001,1.9544340029249652,0.0,0.19544340029249652,-0.9544340029249649,0.000000,4,dyadic,0
rand_n5_179,random_strict,0,train,5,5,0.25,4,1,4,1,1,0,0,1.0,1,2,0.5,0,0,2.0652815139658335e-10,0.0,0.018060339807279117,0.0,0.0,0.0,0.0,0.0,0.000000,4,dyadic,0
rand_n5_180,random_strict,0,train,5,7,0.35,4,3,4,3,3,0,0,1.0,1,2,0.5,0,0,2.0000000000413047,3.9999999998347784,0.018060339807279117,0.09999999999999999,2.0,0.0,0.3,-1.0,0.000000,4,dyadic,0
rand_n5_181,random_strict,0,train,5,8,0.4,4,4,4,4,4,0,0,1.0,1,2,0.5625,0,0,2.9660982248654926,4.98869940808197,0.03612067961455823,0.5992023936287236,1.9886994082884972,-2.220446049250313e-16,0.39773988165769947,-0.9886994082884977,0.000000,4,dyadic,0
rand_n5_182,random_strict,0,train,5,7,0.35,4,3,4,3,3,0,0,1.0,1,2,0.5,0,0,2.0000000000413056,3.9999999998347784,0.04063576456637801,0.31790645924143385,2.0,0.0,0.3,-1.0,0.000000,4,dyadic,0
rand_n5_183,random_strict,0,train,5,8,0.4,4,4,4,4,4,0,0,1.0,1,2,0.5,0,0,3.0,4.999999999793473,0.027090509710918677,0.9976047808573701,2.0,0.0,0.4,-1.0,0.000000,4,dyadic,0
rand_n5_184,random_strict,0,train,5,6,0.3,4,2,4,2,2,0,0,1.0,1,2,0.5,0,0,1.0000000000826108,2.9999999998760836,0.031605594662738455,0.3126135672610522,2.0,0.0,0.2,-1.0,0.000000,4,dyadic,0
rand_n5_185,random_strict,0,train,5,6,0.3,4,2,4,2,2,0,0,1.0,1,2,0.5625,0,0,2.0652645154334326e-10,0.0,0.022575424759098895,0.29999999999999993,0.0,0.0,0.0,0.0,0.000000,4,dyadic,0
rand_n5_186,random_strict,0,train,5,7,0.35,4,3,4,3,3,0,0,1.0,1,2,0.4375,0,0,1.9773988166182999,3.988699408123276,0.022575424759098895,0.6,1.9886994082884974,0.0,0.29830491124327463,-0.9886994082884974,0.000000,4,dyadic,0
rand_n5_187,random_strict,0,train,5,7,0.35,4,3,4,3,3,0,0,1.0,1,2,0.375,0,0,1.9088680058912353,3.9544340027597435,0.022575424759098895,0.29999999999999993,1.9544340029249652,0.0,0.2931651004387448,-0.9544340029249649,0.000000,4,dyadic,0
rand_n5_188,random_strict,0,train,5,6,0.3,4,2,4,2,2,0,0,1.0,1,2,0.4375,0,0,2.065273014699633e-10,0.0,0.018060339807279117,0.09999999999999999,0.0,0.0,0.0,0.0,0.000000,4,dyadic,0
rand_n5_189,random_strict,0,train,5,7,0.35,4,3,4,3,3,0,0,1.0,1,2,0.4375,0,0,2.065273014699633e-10,0.0,0.031605594662738455,0.5119193706089148,0.0,0.0,0.0,0.0,0.000000,4,dyadic,0
rand_n5_190,random_strict,0,train,5,7,0.35,4,3,4,3,3,0,0,1.0,1,2,0.6875,0,0,1.7920764651104197,3.896038232369336,0.04063576456637801,0.29960159681916176,1.8960382325345573,-2.220446049250313e-16,0.28440573488018367,-0.8960382325345577,0.000000,4,dyadic,0
rand_n5_191,random_strict,0,train,5,6,0.3,4,2,4,2,2,0,0,1.0,1,2,0.625,0,0,0.954434003007576,2.9544340028010487,0.027090509710918677,0.29999999999999993,1.9544340029249652,0.0,0.19544340029249652,-0.9544340029249649,0.000000,4,dyadic,0
rand_n5_192,random_strict,0,train,5,6,0.3,4,2,4,2,2,0,0,1.0,1,2,0.625,0,0,2.0652815139658335e-10,0.0,0.031605594662738455,0.2412795804059432,0.0,0.0,0.0,0.0,0.000000,4,dyadic,0
rand_n5_193,random_strict,0,train,5,5,0.25,4,1,4,1,1,0,0,1.0,1,2,0.5625,0,0,2.0652560161672322e-10,0.0,0.027090509710918677,0.12072268092667823,0.0,0.0,0.0,0.0,0.000000,4,dyadic,0
rand_n5_194,random_strict,0,train,5,6,0.3,4,2,4,2,2,0,0,1.0,1,2,0.375,0,0,0.9544340030075757,2.9544340028010487,0.03612067961455823,0.1000008000096001,1.9544340029249652,0.0,0.19544340029249652,-0.9544340029249649,0.000000,4,dyadic,0
rand_n5_195,random_strict,0,train,5,7,0.35,4,3,4,3,3,0,0,1.0,1,2,0.625,0,0,2.065273014699633e-10,0.0,0.03612067961455823,0.3837277510898122,0.0,0.0,0.0,0.0,0.000000,4,dyadic,0
rand_n5_196,random_strict,0,train,5,7,0.35,4,3,4,3,3,0,0,1.0,1,2,0.5,0,0,2.065273014699633e-10,0.0,0.022575424759098895,0.29999999999999993,0.0,0.0,0.0,0.0,0.000000,4,dyadic,0
rand_n5_197,random_strict,0,train,5,7,0.35,4,3,4,3,3,0,0,1.0,1,2,0.5625,0,0,2.0652645154334326e-10,0.0,0.022575424759098895,0.29999999999999993,0.0,0.0,0.0,0.0,0.000000,4,dyadic,0
rand_n5_198,random_strict,0,train,5,5,0.25,4,1,4,1,1,0,0,1.0,1,2,0.4375,0,0,1.2391598858130237e-10,1.9886994082058866,0.031605594662738455,0.008953229620716903,1.9886994082884972,0.0,0.09943497041442487,-2.220446049250313e-16,0.000000,4,dyadic,0
rand_n5_199,random_strict,0,train,5,7,0.35,4,3,4,3,3,0,0,1.0,1,2,0.5,0,0,2.0652645154334326e-10,0.0,0.018060339807279117,0.0,0.0,0.0,0.0,0.0,0.000000,4,dyadic,0
rand_n5_200,random_strict,0,train,5,5,0.25,4,1,4,1,1,0,0,1.0,1,2,0.25,0,0,1.2391554449209252e-10,1.8112781243765221,0.022575424759098895,0.09999999999999999,1.8112781244591325,0.0,0.09056390622295665,-4.440892098500626e-16,0.000000,4,dyadic,0
rand_n5_201,random_strict,0,train,5,6,0.3,4,2,4,2,2,0,0,1.0,1,2,0.5625,0,0,0.9886994083711083,2.9886994081645812,0.018060339807279117,0.29999999999999993,1.9886994082884974,0.0,0.19886994082884973,-0.9886994082884974,0.000000,4,dyadic,0
rand_n5_202,random_strict,0,train,5,7,0.35,4,3,4,3,3,0,0,1.0,1,2,0.375,0,0,2.0652560161672322e-10,0.0,0.031605594662738455,0.31232017221212116,0.0,0.0,0.0,0.0,0.000000,4,dyadic,0
rand_n5_203,random_strict,0,train,5,4,0.2,4,1,4,0,0,0,0,1.0,1,1,0.5625,0,0,2.0652815139658335e-10,0.0,0.027090509710918677,0.00020040080160320617,0.0,0.0,0.0,0.0,0.000000,2,dyadic,0
rand_n5_204,random_strict,0,train,5,6,0.3,4,2,4,2,2,0,0,1.0,1,2,0.625,0,0,2.0652645154334326e-10,0.0,0.031605594662738455,0.29999999999999993,0.0,0.0,0.0,0.0,0.000000,4,dyadic,0
rand_n5_205,random_strict,0,train,5,5,0.25,4,1,4,1,1,0,0,1.0,1,2,0.5,0,0,1.2391643267051222e-10,1.9999999999173887,0.03612067961455823,0.008953229620716903,2.0,0.0,0.1,0.0,0.000000,4,dyadic,0
rand_n5_206,random_strict,0,train,5,6,0.3,4,2,4,2,2,0,0,1.0,1,2,0.8125,0,1,2.065273014699633e-10,0.0,0.03612067961455823,0.101002004008016,0.0,0.0,0.0,0.0,0.000000,4,dyadic,0
rand_n5_207,random_strict,0,train,5,5,0.25,4,1,4,1,1,0,0,1.0,1,2,0.4375,0,0,2.065290013232034e-10,0.0,0.027090509710918677,0.12072268092667826,0.0,0.0,0.0,0.0,0.000000,4,dyadic,0
rand_n5_208,random_strict,0,train,5,7,0.35,4,3,4,3,3,0,0,1.0,1,2,0.625,0,0,1.9088680058912362,3.9544340027597435,0.03612067961455823,0.3,1.9544340029249652,0.0,0.2931651004387448,-0.9544340029249649,0.000000,4,dyadic,0
rand_n5_209,random_strict,0,train,5,5,0.25,4,1,4,1,1,0,0,1.0,1,2,0.5,0,0,1.2391465631367282e-10,1.9999999999173894,0.031605594662738455,0.11790645924143381,2.0,0.0,0.1,0.0,0.000000,4,dyadic,0
rand_n5_210,random_strict,0,train,5,5,0.25,4,1,4,1,1,0,0,1.0,1,2,0.4375,0,1,1.2391576653669745e-10,1.9886994082058866,0.03612067961455823,0.32685968886215067,1.9886994082884974,0.0,0.09943497041442487,0.0,0.000000,4,dyadic,0
rand_n5_211,random_strict,0,train,5,7,0.35,4,3,4,3,3,0,0,1.0,1,2,0.375,0,0,1.9088680058912355,3.9544340027597435,0.031605594662738455,0.6162739049013874,1.9544340029249652,0.0,0.2931651004387447,-0.9544340029249649,0.000000,4,dyadic,0
rand_n5_212,random_strict,0,train,5,7,0.35,4,3,4,3,3,0,0,1.0,1,2,0.4375,0,0,1.9773988166183,3.988699408123276,0.03612067961455823,0.3190528564741092,1.9886994082884972,0.0,0.29830491124327463,-0.9886994082884974,0.000000,4,dyadic,0
rand_n5_213,random_strict,0,train,5,8,0.4,4,4,4,4,4,0,0,1.0,1,2,0.625,0,0,2.0652815139658335e-10,0.0,0.03612067961455823,0.483527350288209,0.0,0.0,0.0,0.0,0.000000,4,dyadic,0
rand_n5_214,random_strict,0,train,5,5,0.25,4,1,4,1,1,0,0,1.0,1,2,0.5,0,0,1.2391643267051222e-10,1.9999999999173892,0.018060339807279117,0.0,2.0,0.0,0.1,0.0,0.000000,4,dyadic,0
rand_n5_215,random_strict,0,train,5,8,0.4,4,4,4,4,4,0,0,1.0,1,2,0.25,0,0,2.433834373377399,4.811278124252605,0.031605594662738455,0.9976047808573701,1.8112781244591325,-2.220446049250313e-16,0.3622556248918266,-0.8112781244591332,0.000000,4,dyadic,0
rand_n5_216,random_strict,0,train,5,6,0.3,4,2,4,2,2,0,0,1.0,1,2,0.3125,0,0,2.0652645154334326e-10,0.0,0.03612067961455823,0.14216447674731092,0.0,0.0,0.0,0.0,0.000000,4,dyadic,0
rand_n5_217,random_strict,0,train,5,7,0.35,4,3,4,3,3,0,0,1.0,1,2,0.625,0,1,1.9088680058912355,3.9544340027597435,0.03612067961455823,0.3178723176823408,1.9544340029249652,0.0,0.2931651004387448,-0.9544340029249649,0.000000,4,dyadic,0
rand_n5_218,random_strict,0,train,5,5,0.25,4,1,4,1,1,0,0,1.0,1,2,0.5,0,0,1.2391643267051222e-10,1.9999999999173892,0.04063576456637801,0.3272060796947493,2.0,0.0,0.1,0.0,0.000000,4,dyadic,0
rand_n5_219,random_strict,0,train,5,5,0.25,4,1,4,1,1,0,0,1.0,1,2,0.4375,0,0,1.2391598858130237e-10,1.9886994082058866,0.03612067961455823,0.11827072086317902,1.9886994082884972,0.0,0.09943497041442487,-2.220446049250313e-16,0.000000,4,dyadic,0
rand_n5_220,random_strict,0,train,5,7,0.35,4,3,4,3,3,0,0,1.0,1,2,0.4375,0,0,2.0652645154334326e-10,0.0,0.027090509710918677,0.09999999999999999,0.0,0.0,0.0,0.0,0.000000,4,dyadic,0
rand_n5_221,random_strict,0,train,5,6,0.3,4,2,4,2,2,0,0,1.0,1,2,0.5,0,0,2.0652560161672322e-10,0.0,0.022575424759098895,0.4012024048096191,0.0,0.0,0.0,0.0,0.000000,4,dyadic,0
rand_n5_222,random_strict,0,train,5,6,0.3,4,2,4,2,2,0,0,1.0,1,2,0.4375,0,0,0.9886994083711083,2.9886994081645812,0.03612067961455823,0.11419410925285896,1.9886994082884974,0.0,0.19886994082884973,-0.9886994082884974,0.000000,4,dyadic,0
rand_n5_223,random_strict,0,train,5,6,0.3,4,2,4,2,2,0,0,1.0,1,2,0.375,0,0,2.0652815139658335e-10,0.0,0.027090509710918677,0.24127958040594316,0.0,0.0,0.0,0.0,0.000000,4,dyadic,0
rand_n5_224,random_strict,0,train,5,6,0.3,4,2,4,2,2,0,0,1.0,1,2,0.3125,0,0,0.8960382326171681,2.896038232410641,0.03612067961455823,0.11341277365152888,1.8960382325345573,-2.220446049250313e-16,0.18960382325345576,-0.8960382325345577,0.000000,4,dyadic,0
rand_n5_225,random_strict,0,train,5,6,0.3,4,2,4,2,2,0,0,1.0,1,2,0.25,0,0,2.0652815139658335e-10,0.0,0.031605594662738455,0.7348916962491108,0.0,0.0,0.0,0.0,0.000000,4,dyadic,0
rand_n5_226,random_strict,0,train,5,6,0.3,4,2,4,2,2,0,0,1.0,1,2,0.375,0,0,2.0652560161672322e-10,0.0,0.027090509710918677,0.1421644767473109,0.0,0.0,0.0,0.0,0.000000,4,dyadic,0
rand_n5_227,random_strict,0,train,5,4,0.2,4,1,4,0,0,0,0,1.0,1,1,0.375,0,0,2.0652815139658335e-10,0.0,0.027090509710918677,0.09999999999999999,0.0,0.0,0.0,0.0,0.000000,2,dyadic,0
rand_n5_228,random_strict,0,train,5,7,0.35,4,3,4,3,3,0,0,1.0,1,2,0.5,0,0,2.0000000000413056,3.9999999998347784,0.031605594662738455,0.3,2.0,0.0,0.3,-1.0,0.000000,4,dyadic,0
rand_n5_229,random_strict,0,train,5,5,0.25,4,1,4,1,1,0,0,1.0,1,2,0.5625,0,0,2.0652815139658335e-10,0.0,0.022575424759098895,0.09999999999999999,0.0,0.0,0.0,0.0,0.000000,4,dyadic,0
rand_n5_230,random_strict,0,train,5,5,0.25,4,1,4,1,1,0,0,1.0,1,2,0.625,0,1,2.065273014699633e-10,0.0,0.027090509710918677,0.2419640759457077,0.0,0.0,0.0,0.0,0.000000,4,dyadic,0
rand_n5_231,random_strict,0,train,5,7,0.35,4,3,4,3,3,0,0,1.0,1,2,0.5625,0,0,2.065273014699633e-10,0.0,0.027090509710918677,0.3006012024048096,0.0,0.0,0.0,0.0,0.000000,4,dyadic,0
rand_n5_232,random_strict,0,train,5,7,0.35,4,3,4,3,3,0,0,1.0,1,2,0.3125,0,0,2.065290013232034e-10,0.0,0.027090509710918677,0.38372775108981216,0.0,0.0,0.0,0.0,0.000000,4,dyadic,0
rand_n5_233,random_strict,0,train,5,6,0.3,4,2,4,2,2,0,0,1.0,1,2,0.5,0,0,1.0000000000826117,2.999999999876084,0.031605594662738455,0.11341277365152888,2.0,0.0,0.2,-1.0,0.000000,4,dyadic,0
rand_n5_234,random_strict,0,train,5,6,0.3,4,2,4,2,2,0,0,1.0,1,2,0.3125,0,0,2.0652645154334326e-10,0.0,0.027090509710918677,0.09999999999999999,0.0,0.0,0.0,0.0,0.000000,4,dyadic,0
rand_n5_235,random_strict,0,train,5,4,0.2,4,1,4,0,0,0,0,1.0,1,1,0.375,0,0,2.0652815139658335e-10,0.0,0.027090509710918677,0.09999999999999999,0.0,0.0,0.0,0.0,0.000000,2,dyadic,0
rand_n5_236,random_strict,0,train,5,5,0.25,3,2,3,2,1,0,0,1.0,1,2,0.25,0,0,2.0652560161672322e-10,0.0,0.027090509710918677,0.29999999999999993,0.0,0.0,0.0,0.0,0.000000,4,dyadic,0
rand_n5_237,random_strict,0,train,5,6,0.3,4,2,4,2,2,0,0,1.0,1,2,0.625,0,0,0.954434003007576,2.9544340028010487,0.03612067961455823,0.11342984443107537,1.9544340029249652,0.0,0.19544340029249652,-0.9544340029249649,0.000000,4,dyadic,0
rand_n5_238,random_strict,0,train,5,7,0.35,4,3,4,3,3,0,0,1.0,1,2,0.375,0,0,2.0652815139658335e-10,0.0,0.031605594662738455,0.47606975410570074,0.0,0.0,0.0,0.0,0.000000,4,dyadic,0
rand_n5_239,random_strict,0,train,5,7,0.35,4,3,4,3,3,0,0,1.0,1,2,0.375,0,0,2.065273014699633e-10,0.0,0.022575424759098895,0.29999999999999993,0.0,0.0,0.0,0.0,0.000000,4,dyadic,0
rand_n5_240,random_strict,0,train,5,6,0.3,4,2,4,2,2,0,0,1.0,1,2,0.25,0,0,0.8112781245417433,2.8112781243352165,0.022575424759098895,0.0,1.8112781244591325,0.0,0.1811278124459133,-0.8112781244591329,0.000000,4,dyadic,0
rand_n5_241,random_strict,0,train,5,6,0.3,4,2,4,2,2,0,0,1.0,1,2,0.625,0,0,0.9544340030075769,2.9544340028010487,0.031605594662738455,0.426025540902981,1.9544340029249652,0.0,0.19544340029249652,-0.9544340029249649,0.000000,4,dyadic,0
rand_n5_242,random_strict,0,train,5,6,0.3,4,2,4,2,2,0,0,1.0,1,2,0.5,0,0,2.065273014699633e-10,0.0,0.027090509710918677,0.4825591608118863,0.0,0.0,0.0,0.0,0.000000,4,dyadic,0
rand_n5_243,random_strict,0,train,5,7,0.35,4,3,4,3,3,0,0,1.0,1,2,0.5,0,0,2.0000000000413056,3.9999999998347784,0.022575424759098895,0.0,2.0,0.0,0.3,-1.0,0.000000,4,dyadic,0
rand_n5_244,random_strict,0,train,5,5,0.25,4,1,4,1,1,0,0,1.0,1,2,0.5,0,0,1.2391643267051222e-10,1.9999999999173887,0.031605594662738455,0.21790645924143384,2.0,0.0,0.1,0.0,0.000000,4,dyadic,0
rand_n5_245,random_strict,0,train,5,5,0.25,4,1,4,1,1,0,0,1.0,1,2,0.375,0,0,1.2391487835827775e-10,1.9544340028423544,0.031605594662738455,0.1179064592414338,1.9544340029249652,0.0,0.09772170014624824,0.0,0.000000,4,dyadic,0
rand_n5_246,random_strict,0,train,5,6,0.3,4,2,4,2,2,0,0,1.0,1,2,0.8125,0,0,2.065273014699633e-10,0.0,0.031605594662738455,0.14216447674731092,0.0,0.0,0.0,0.0,0.000000,4,dyadic,0
rand_n5_247,random_strict,0,train,5,6,0.3,4,2,4,2,2,0,0,1.0,1,2,0.6875,0,0,2.065273014699633e-10,0.0,0.027090509710918677,0.09999999999999999,0.0,0.0,0.0,0.0,0.000000,4,dyadic,0
rand_n5_248,random_strict,0,train,5,7,0.35,4,3,4,3,3,0,0,1.0,1,2,0.625,0,0,1.9088680058912355,3.9544340027597435,0.027090509710918677,0.5984031872382468,1.9544340029249652,0.0,0.2931651004387448,-0.9544340029249649,0.000000,4,dyadic,0
rand_n5_249,random_strict,0,train,5,5,0.25,4,1,4,1,1,0,0,1.0,1,2,0.375,0,0,1.2391687675972207e-10,1.9544340028423544,0.04515084951819779,0.1179064592414338,1.9544340029249652,0.0,0.09772170014624824,0.0,0.000000,4,dyadic,0
randbc_n5_0,random_backchannel,1,train,5,6,0.3,4,2,4,1,1,0,1,0.8333333333333334,0,2,0.5625,0,0,2.065273014699633e-10,0.0,0.031605594662738455,0.0711238849411329,0.0,0.0,0.0,0.0,0.000000,4,dyadic,0
randbc_n5_1,random_backchannel,1,train,5,6,0.3,4,2,4,2,2,0,0,1.0,1,2,0.4375,0,0,2.0652645154334326e-10,0.0,0.031605594662738455,0.34147716888192725,0.0,0.0,0.0,0.0,0.000000,4,dyadic,0
randbc_n5_2,random_backchannel,1,train,5,7,0.35,4,2,4,2,2,0,1,0.8571428571428571,0,3,0.5,0,0,0.5435644433235131,0.0,0.027090509710918677,0.0,0.5435644431995963,-0.5435644431995963,0.0,-0.5435644431995963,0.000000,6,dyadic,0
randbc_n5_3,random_backchannel,1,train,5,6,0.3,4,2,4,1,1,0,1,0.8333333333333334,0,3,0.625,0,0,1.2391576653669745e-10,1.9544340028423544,0.04063576456637801,0.2655250761301636,1.9544340029249652,0.0,0.09772170014624824,0.0,0.000000,8,dyadic,0
randbc_n5_4,random_backchannel,1,train,5,6,0.3,4,2,4,2,2,0,0,1.0,1,2,0.3125,0,0,2.065273014699633e-10,0.0,0.022575424759098895,0.0,0.0,0.0,0.0,0.0,0.000000,4,dyadic,0
randbc_n5_5,random_backchannel,1,train,5,6,0.3,4,2,4,2,2,0,0,1.0,1,2,0.625,0,0,0.9544340030075757,2.954434002801049,0.022575424759098895,0.3126135672610522,1.9544340029249652,0.0,0.19544340029249652,-0.9544340029249649,0.000000,4,dyadic,0
randbc_n5_6,random_backchannel,1,train,5,7,0.35,4,2,4,2,2,0,1,0.8571428571428571,0,3,0.75,0,0,2.0652645154334326e-10,0.0,0.022575424759098895,0.43332654707535756,0.0,0.0,0.0,0.0,0.000000,8,dyadic,0
randbc_n5_7,random_backchannel,1,train,5,8,0.4,4,3,4,3,3,0,1,0.875,0,3,0.5,0,0,1.7689410710457663,2.853615177789888,0.03612067961455823,0.39880172020641474,1.9056390622295662,-0.4669171866886994,0.20336517104910706,-1.216917186688699,0.000000,6,dyadic,0
randbc_n5_8,random_backchannel,1,train,5,6,0.3,4,2,4,1,1,0,1,0.8333333333333334,0,3,0.5625,0,1,2.0652645154334326e-10,0.0,0.031605594662738455,0.46203406836119215,0.0,0.0,0.0,0.0,0.000000,8,dyadic,0
randbc_n5_9,random_backchannel,1,train,5,7,0.35,4,2,4,2,2,0,1,0.8571428571428571,0,3,0.5625,0,0,0.757878462621006,2.657020353923719,0.03612067961455823,0.13290214141054574,1.9886994082884974,-0.08955751678829338,0.18814206498943506,-0.7578784625383954,0.000000,6,dyadic,0
randbc_n5_10,random_backchannel,1,train,5,6,0.3,4,2,4,2,2,0,0,1.0,1,2,0.25,0,0,0.8112781245417442,2.8112781243352165,0.022575424759098895,0.31342984443107536,1.8112781244591325,0.0,0.1811278124459133,-0.8112781244591329,0.000000,4,dyadic,0
randbc_n5_11,random_backchannel,1,train,5,5,0.25,4,1,4,1,1,0,0,1.0,1,2,0.5625,0,1,1.2391687675972207e-10,1.9886994082058869,0.027090509710918677,0.21790645924143384,1.9886994082884972,0.0,0.09943497041442487,-2.220446049250313e-16,0.000000,4,dyadic,0
randbc_n5_12,random_backchannel,1,train,5,7,0.35,4,2,4,2,2,0,1,0.8571428571428571,0,3,0.75,0,0,2.0652645154334326e-10,0.0,0.027090509710918677,0.6008016032064127,0.0,0.0,0.0,0.0,0.000000,6,dyadic,0
randbc_n5_13,random_backchannel,1,train,5,7,0.35,4,2,4,2,2,0,1,0.8571428571428571,0,3,0.625,0,0,0.016712904445733923,1.732286318657853,0.03612067961455823,0.1179064592414338,1.7489992230622806,0.0,0.08661431593702318,-0.016712904321817157,0.000000,6,dyadic,0
randbc_n5_14,random_backchannel,1,train,5,6,0.3,4,2,4,1,1,0,1,0.8333333333333334,0,2,0.75,0,0,2.065273014699633e-10,0.0,0.022575424759098895,0.20982663882858255,0.0,0.0,0.0,0.0,0.000000,4,dyadic,0
randbc_n5_15,random_backchannel,1,train,5,4,0.2,4,1,4,0,0,0,0,1.0,1,1,0.6875,0,0,2.065273014699633e-10,0.0,0.022575424759098895,0.29999999999999993,0.0,0.0,0.0,0.0,0.000000,2,dyadic,0
randbc_n5_16,random_backchannel,1,train,5,7,0.35,4,2,4,2,2,0,1,0.8571428571428571,0,3,0.5625,0,0,2.065273014699633e-10,0.0,0.031605594662738455,0.14147998120754637,0.0,0.0,0.0,0.0,0.000000,6,dyadic,0
randbc_n5_17,random_backchannel,1,train,5,7,0.35,4,2,4,2,2,0,1,0.8571428571428571,0,3,0.5625,0,0,2.0652560161672322e-10,0.0,0.022575424759098895,0.10040080160320639,0.0,0.0,0.0,0.0,0.000000,8,dyadic,0
randbc_n5_18,random_backchannel,1,train,5,7,0.35,4,2,4,2,2,0,1,0.8571428571428571,0,3,0.375,0,0,1.2391665471511715e-10,1.9544340028423544,0.03612067961455823,0.1179064592414338,1.9544340029249652,0.0,0.09772170014624824,0.0,0.000000,6,dyadic,0
randbc_n5_19,random_backchannel,1,train,5,6,0.3,4,2,4,1,1,0,1,0.8333333333333334,0,2,0.625,0,0,2.065273014699633e-10,0.0,0.03612067961455823,0.101002004008016,0.0,0.0,0.0,0.0,0.000000,4,dyadic,0
randbc_n5_20,random_backchannel,1,train,5,8,0.4,4,3,4,3,3,0,1,0.875,0,3,0.25,0,0,0.828905079882631,3.074549625480637,0.04515084951819779,0.2801387106279939,1.8158362419430478,-0.11298357381752361,0.19637807544689417,-0.8112781244591328,0.000000,6,dyadic,0
randbc_n5_21,random_backchannel,1,train,5,6,0.3,4,2,4,1,1,0,1,0.8333333333333334,0,2,0.5,0,0,2.0652645154334326e-10,0.0,0.03612067961455823,0.1910787771930917,0.0,0.0,0.0,0.0,0.000000,4,dyadic,0
randbc_n5_22,random_backchannel,1,train,5,8,0.4,4,3,4,3,3,0,1,0.875,0,3,0.375,0,0,1.3465934662103933,0.0,0.022575424759098895,0.0,0.44886448872302936,-0.44886448872302936,0.0,-0.44886448872302936,0.000000,6,dyadic,0
randbc_n5_23,random_backchannel,1,train,5,6,0.3,4,2,4,1,1,0,1,0.8333333333333334,0,2,0.25,0,0,2.065273014699633e-10,0.0,0.027090509710918677,0.10040080160320639,0.0,0.0,0.0,0.0,0.000000,4,dyadic,0
randbc_n5_24,random_backchannel,1,train,5,7,0.35,4,2,4,2,2,0,1,0.8571428571428571,0,3,0.3125,0,0,0.933617871807376,2.4058555637582835,0.022575424759098895,0.29999999999999993,1.6697367178034823,-0.037579639190207716,0.1632157078613275,-0.8960382325345574,0.000000,8,dyadic,0
randbc_n5_25,random_backchannel,1,train,5,5,0.25,4,1,4,1,1,0,0,1.0,1,2,0.5625,0,0,2.0652815139658335e-10,0.0,0.013545254855459338,0.0,0.0,0.0,0.0,0.0,0.000000,4,dyadic,0
randbc_n5_26,random_backchannel,1,train,5,5,0.25,4,1,4,1,1,0,0,1.0,1,2,0.5625,0,0,1.2391732084893192e-10,1.9886994082058869,0.022575424759098895,0.0,1.9886994082884974,0.0,0.09943497041442487,0.0,0.000000,4,dyadic,0
randbc_n5_27,random_backchannel,1,train,5,8,0.4,4,3,4,3,3,0,1,0.875,0,3,0.4375,0,0,1.000181815155817,3.965734594471246,0.049665934470017575,0.16696399372067822,2.9772170014624826,-0.01148240682601509,0.10058321109702636,-0.9886994082884973,0.000000,8,dyadic,0
randbc_n5_28,random_backchannel,1,train,5,6,0.3,4,2,4,1,1,0,1,0.8333333333333334,0,3,0.5,0,0,2.065273014699633e-10,0.0,0.022575424759098895,0.10040080160320639,0.0,0.0,0.0,0.0,0.000000,8,dyadic,0
randbc_n5_29,random_backchannel,1,train,5,7,0.35,4,2,4,2,2,0,1,0.8571428571428571,0,3,0.5,0,0,1.0622789014794631,2.4357195446037925,0.027090509710918677,0.2992015936191234,1.7489992230622806,-0.062278901396852326,0.16867203216654283,-1.0,0.000000,8,dyadic,0
randbc_n5_30,random_backchannel,1,train,5,8,0.4,4,3,4,3,3,0,1,0.875,0,3,0.5,0,1,2.0000000000413056,3.9999999998347784,0.027090509710918677,0.6166909788809722,2.0,0.0,0.3,-1.0,0.000000,6,dyadic,0
randbc_n5_31,random_backchannel,1,train,5,9,0.45,4,4,4,4,4,0,1,0.8888888888888888,0,3,0.625,0,0,1.443839228050095,2.366340644625892,0.018060339807279117,0.0,1.2700599575900715,-0.051414707758497435,0.1827967874747361,-0.6962122601251459,0.000000,6,dyadic,0
randbc_n5_32,random_backchannel,1,train,5,8,0.4,4,3,4,3,3,0,1,0.875,0,3,0.5625,0,0,2.0652560161672322e-10,0.0,0.027090509710918677,0.09999999999999999,0.0,0.0,0.0,0.0,0.000000,6,dyadic,0
randbc_n5_33,random_backchannel,1,train,5,8,0.4,4,3,4,3,3,0,1,0.875,0,3,0.4375,0,0,1.0871288864818034,0.0,0.031605594662738455,0.24204736908066266,0.5435644431995963,-0.5435644431995963,0.0,-0.5435644431995963,0.000000,6,dyadic,0
randbc_n5_34,random_backchannel,1,train,5,5,0.25,4,1,4,1,1,0,0,1.0,1,2,0.4375,0,0,1.2391687675972207e-10,1.9886994082058866,0.027090509710918677,0.21747151447270233,1.9886994082884972,0.0,0.09943497041442487,-2.220446049250313e-16,0.000000,4,dyadic,0
randbc_n5_35,random_backchannel,1,train,5,7,0.35,4,2,4,2,2,0,1,0.8571428571428571,0,3,0.625,0,0,0.8046708535521061,1.8894633345964937,0.03612067961455823,0.1486619678132685,1.7028195311147831,0.0,0.15337108976424937,-0.7169171866886994,0.000000,6,dyadic,0
randbc_n5_36,random_backchannel,1,train,5,8,0.4,4,3,4,3,3,0,1,0.875,0,3,0.5,0,0,1.0000000000826117,2.999999999876084,0.027090509710918677,0.31342984443107536,2.0,0.0,0.2,-1.0,0.000000,6,dyadic,0
randbc_n5_37,random_backchannel,1,train,5,6,0.3,4,2,4,2,2,0,0,1.0,1,2,0.375,0,0,2.0652560161672322e-10,0.0,0.03612067961455823,0.14216447674731092,0.0,0.0,0.0,0.0,0.000000,4,dyadic,0
randbc_n5_38,random_backchannel,1,train,5,5,0.25,4,1,4,1,1,0,0,1.0,1,2,0.4375,0,0,2.0652815139658335e-10,0.0,0.027090509710918677,0.10040080160320639,0.0,0.0,0.0,0.0,0.000000,4,dyadic,0
randbc_n5_39,random_backchannel,1,train,5,7,0.35,4,2,4,2,2,0,1,0.8571428571428571,0,3,0.5,0,0,0.9242335437650011,2.1219461481695894,0.04063576456637801,0.214964963899252,1.771782221599798,0.0,0.11334008943737169,-0.670435702882257,0.000000,6,dyadic,0
randbc_n5_40,random_backchannel,1,train,5,6,0.3,4,2,4,2,2,0,0,1.0,1,2,0.375,0,0,0.9544340030075769,2.9544340028010487,0.027090509710918677,0.3126135672610522,1.9544340029249652,0.0,0.19544340029249652,-0.9544340029249649,0.000000,4,dyadic,0
randbc_n5_41,random_backchannel,1,train,5,9,0.45,4,4,4,4,4,0,1,0.8888888888888888,0,3,0.625,0,0,2.3951297057071286,4.373572923225052,0.04515084951819779,0.5126447875362512,2.19616329959714,-0.07920280445026262,0.3225522421060266,-1.2228743299806817,0.135614,6,triadic,1
randbc_n5_42,random_backchannel,1,train,5,8,0.4,4,3,4,3,3,0,1,0.875,0,3,0.375,0,0,2.0652815139658335e-10,0.0,0.022575424759098895,0.10040080160320639,0.0,0.0,0.0,0.0,0.000000,6,dyadic,0
randbc_n5_43,random_backchannel,1,train,5,8,0.4,4,3,4,3,3,0,1,0.875,0,3,0.375,0,0,0.8977289775286695,0.0,0.04063576456637801,0.22689994319992088,0.44886448872302936,-0.44886448872302936,0.0,-0.44886448872302936,0.000000,8,dyadic,0
randbc_n5_44,random_backchannel,1,train,5,8,0.4,4,3,4,3,3,0,1,0.875,0,3,0.375,0,1,0.7476269679662533,1.7924929471945268,0.027090509710918677,0.31342984443107536,1.2700599575900715,-0.05141470775849752,0.1218645249831574,-0.6962122601251459,0.000000,6,dyadic,0
randbc_n5_45,random_backchannel,1,train,5,7,0.35,4,3,4,3,3,0,0,1.0,1,2,0.375,0,0,1.9088680058912353,3.9544340027597435,0.031605594662738455,0.3,1.9544340029249652,0.0,0.2931651004387448,-0.9544340029249649,0.000000,4,dyadic,0
randbc_n5_46,random_backchannel,1,train,5,8,0.4,4,3,4,3,3,0,1,0.875,0,3,0.625,0,0,0.6745801333166385,0.0,0.022575424759098895,0.29999999999999993,0.3372900666170139,-0.3372900666170139,0.0,-0.3372900666170139,0.000000,6,dyadic,0
randbc_n5_47,random_backchannel,1,train,5,6,0.3,4,2,4,1,1,0,1,0.8333333333333334,0,2,0.4375,0,0,2.065273014699633e-10,0.0,0.022575424759098895,0.0,0.0,0.0,0.0,0.0,0.000000,4,dyadic,0
randbc_n5_48,random_backchannel,1,train,5,8,0.4,4,3,4,3,3,0,1,0.875,0,3,0.625,0,0,1.948626664703152,2.525317306331177,0.027090509710918677,0.41958379848208427,1.785374329980682,-0.6126059266838695,0.18521803865348285,-1.236514242188894,0.000000,6,dyadic,0
randbc_n5_49,random_backchannel,1,train,5,7,0.35,4,2,4,2,2,0,1,0.8571428571428571,0,3,0.3125,0,0,1.2391554449209252e-10,1.8960382324519467,0.027090509710918677,0.0,1.8960382325345575,0.0,0.09480191162672788,0.0,0.000000,6,dyadic,0
randbc_n5_50,random_backchannel,1,train,5,7,0.35,4,2,4,2,2,0,1,0.8571428571428571,0,3,0.4375,0,0,2.0652560161672322e-10,0.0,0.03612067961455823,0.22689994319992088,0.0,0.0,0.0,0.0,0.000000,8,dyadic,0
randbc_n5_51,random_backchannel,1,train,5,6,0.3,4,2,4,1,1,0,1,0.8333333333333334,0,3,0.625,0,0,2.0652815139658335e-10,0.0,0.031605594662738455,0.2419640759457077,0.0,0.0,0.0,0.0,0.000000,8,dyadic,0
randbc_n5_52,random_backchannel,1,train,5,5,0.25,4,2,4,0,0,0,1,0.8,0,2,0.4375,0,0,2.0652560161672322e-10,0.0,0.022575424759098895,0.0,0.0,0.0,0.0,0.0,0.000000,4,dyadic,0
randbc_n5_53,random_backchannel,1,train,5,7,0.35,4,2,4,2,2,0,1,0.8571428571428571,0,3,0.4375,0,0,2.0652560161672322e-10,0.0,0.027090509710918677,0.24127958040594316,0.0,0.0,0.0,0.0,0.000000,6,dyadic,0
randbc_n5_54,random_backchannel,1,train,5,9,0.45,4,4,4,4,4,0,1,0.8888888888888888,0,3,0.5625,0,0,2.065273014699633e-10,0.0,0.031605594662738455,0.583160363216696,0.0,0.0,0.0,0.0,0.000000,6,dyadic,0
randbc_n5_55,random_backchannel,1,train,5,7,0.35,4,2,4,2,2,0,1,0.8571428571428571,0,3,0.4375,0,0,0.7578784626210062,2.7251706497794697,0.022575424759098895,0.3126135672610522,1.9886994082884972,-0.12067719582251835,0.1668320945750102,-0.7578784625383954,0.000000,6,dyadic,0
randbc_n5_56,random_backchannel,1,train,5,5,0.25,4,1,4,1,1,0,0,1.0,1,2,0.5,0,0,2.065273014699633e-10,0.0,0.027090509710918677,0.3006012024048096,0.0,0.0,0.0,0.0,0.000000,4,dyadic,0
randbc_n5_57,random_backchannel,1,train,5,6,0.3,4,2,4,1,1,0,1,0.8333333333333334,0,3,0.5,0,0,1.0000000000826117,2.9999999998760836,0.04063576456637801,0.22682474729345764,2.0,0.0,0.2,-1.0,0.000000,8,dyadic,0
randbc_n5_58,random_backchannel,1,train,5,9,0.45,4,4,4,4,4,0,1,0.8888888888888888,0,3,0.5625,0,0,2.7352772791153908,4.72517064969686,0.022575424759098895,0.09999999999999999,1.9886994082884972,-0.9318497041442488,0.4268491595644452,-1.4261994082884977,0.000000,6,dyadic,0
randbc_n5_59,random_backchannel,1,train,5,8,0.4,4,3,4,3,3,0,1,0.875,0,3,0.5,0,0,1.0000000000413056,3.9999999998347784,0.04515084951819779,0.18397159049575323,3.0,0.0,0.1,-1.0,0.000000,8,dyadic,0
randbc_n5_60,random_backchannel,1,train,5,5,0.25,4,1,4,1,1,0,0,1.0,1,2,0.3125,0,0,2.065273014699633e-10,0.0,0.022575424759098895,0.5119193706089147,0.0,0.0,0.0,0.0,0.000000,4,dyadic,0
randbc_n5_61,random_backchannel,1,train,5,8,0.4,4,3,4,3,3,0,1,0.875,0,3,0.3125,0,0,1.7965732909893268,3.311885302231106,0.03612067961455823,0.31707391770794124,1.7028195311147831,-0.004496825878907096,0.25474840578538144,-0.8960382325345575,0.000000,8,dyadic,0
randbc_n5_62,random_backchannel,1,train,5,6,0.3,4,2,4,1,1,0,1,0.8333333333333334,0,2,0.4375,0,0,2.0652645154334326e-10,0.0,0.022575424759098895,0.5119193706089147,0.0,0.0,0.0,0.0,0.000000,4,dyadic,0
randbc_n5_63,random_backchannel,1,train,5,6,0.3,4,2,4,1,1,0,1,0.8333333333333334,0,2,0.5,0,1,2.0652645154334326e-10,0.0,0.031605594662738455,0.8238387412178294,0.0,0.0,0.0,0.0,0.000000,4,dyadic,0
randbc_n5_64,random_backchannel,1,train,5,7,0.35,4,2,4,2,2,0,1,0.8571428571428571,0,3,0.5625,0,0,2.0652815139658335e-10,0.0,0.031605594662738455,0.3135728604474984,0.0,0.0,0.0,0.0,0.000000,6,dyadic,0
randbc_n5_65,random_backchannel,1,train,5,7,0.35,4,2,4,2,2,0,1,0.8571428571428571,0,3,0.5,0,0,1.5952440514063804,2.663966101916293,0.031605594662738455,0.5988023904286852,1.4197367178034825,-1.4197367178034823,0.26639661020453725,-1.4197367178034823,0.000000,8,dyadic,0
randbc_n5_66,random_backchannel,1,train,5,6,0.3,4,2,4,1,1,0,1,0.8333333333333334,0,3,0.4375,0,0,0.003797840924050222,1.7923818510647542,0.04515084951819779,0.09262433877080313,1.7961796919474975,0.0,0.08961909255736822,-0.003797840800132679,0.000000,8,dyadic,0
randbc_n5_67,random_backchannel,1,train,5,8,0.4,4,4,4,4,4,0,0,1.0,1,2,0.6875,0,0,2.6881146976036714,4.896038232328031,0.031605594662738455,0.5992031936383236,1.8960382325345575,0.0,0.3792076465069115,-0.8960382325345575,0.000000,4,dyadic,0
randbc_n5_68,random_backchannel,1,train,5,7,0.35,4,2,4,2,2,0,1,0.8571428571428571,0,3,0.5625,0,1,0.8977289775286704,0.0,0.027090509710918677,0.3006012024048096,0.44886448872302936,-0.44886448872302936,0.0,-0.44886448872302936,0.000000,6,dyadic,0
randbc_n5_69,random_backchannel,1,train,5,5,0.25,4,1,4,1,1,0,0,1.0,1,2,0.5,0,0,2.0652645154334326e-10,0.0,0.027090509710918677,0.09999999999999999,0.0,0.0,0.0,0.0,0.000000,4,dyadic,0
randbc_n5_70,random_backchannel,1,train,5,7,0.35,4,2,4,2,2,0,1,0.8571428571428571,0,3,0.75,0,0,2.065273014699633e-10,0.0,0.018060339807279117,0.0,0.0,0.0,0.0,0.0,0.000000,6,dyadic,0
randbc_n5_71,random_backchannel,1,train,5,7,0.35,4,2,4,2,2,0,1,0.8571428571428571,0,3,0.625,0,0,0.9711469073293939,2.526851538753863,0.04063576456637801,0.22685982571541569,1.7489992230622806,-0.016712904321817157,0.17322863187404633,-0.9544340029249649,0.000000,8,dyadic,0
randbc_n5_72,random_backchannel,1,train,5,7,0.35,4,3,4,3,3,0,0,1.0,1,2,0.4375,0,0,1.9773988166182999,3.988699408123276,0.027090509710918677,0.5984031872382468,1.9886994082884974,0.0,0.29830491124327463,-0.9886994082884974,0.000000,4,dyadic,0
randbc_n5_73,random_backchannel,1,train,5,6,0.3,4,2,4,1,1,0,1,0.8333333333333334,0,2,0.5,0,0,2.0652815139658335e-10,0.0,0.022575424759098895,0.0,0.0,0.0,0.0,0.0,0.000000,4,dyadic,0
randbc_n5_74,random_backchannel,1,train,5,8,0.4,4,3,4,3,3,0,1,0.875,0,3,0.3125,0,0,1.7920764651104204,3.8960382323693357,0.04515084951819779,0.3174592309761012,1.8960382325345575,0.0,0.28440573488018367,-0.8960382325345575,0.000000,8,dyadic,0
randbc_n5_75,random_backchannel,1,train,5,7,0.35,4,3,4,3,3,0,0,1.0,1,2,0.4375,0,0,1.9773988166182999,3.988699408123276,0.022575424759098895,0.09999999999999999,1.9886994082884974,0.0,0.29830491124327463,-0.9886994082884974,0.000000,4,dyadic,0
randbc_n5_76,random_backchannel,1,train,5,6,0.3,4,2,4,2,2,0,0,1.0,1,2,0.5,0,0,2.0652645154334326e-10,0.0,0.031605594662738455,0.3414771688819272,0.0,0.0,0.0,0.0,0.000000,4,dyadic,0
randbc_n5_77,random_backchannel,1,train,5,4,0.2,4,1,4,0,0,0,0,1.0,1,1,0.5625,0,0,2.0652645154334326e-10,0.0,0.022575424759098895,0.07063979020297159,0.0,0.0,0.0,0.0,0.000000,2,dyadic,0
randbc_n5_78,random_backchannel,1,train,5,8,0.4,4,3,4,3,3,0,1,0.875,0,3,0.6875,0,1,1.8244003049707296,2.8960382324106417,0.027090509710918677,0.3126135672610522,1.8960382325345575,-0.9283620723948676,0.2807547790668197,-1.5835382325345575,0.000000,6,dyadic,0
randbc_n5_79,random_backchannel,1,train,5,8,0.4,4,3,4,3,3,0,1,0.875,0,3,0.5,0,0,2.0652815139658335e-10,0.0,0.022575424759098895,0.09999999999999999,0.0,0.0,0.0,0.0,0.000000,6,dyadic,0
randbc_n5_80,random_backchannel,1,train,5,7,0.35,4,2,4,2,2,0,1,0.8571428571428571,0,3,0.4375,0,0,0.9886994083711094,2.9886994081645817,0.03612067961455823,0.22682474729345764,1.9886994082884972,0.0,0.19886994082884976,-0.9886994082884974,0.000000,6,dyadic,0
randbc_n5_81,random_backchannel,1,train,5,6,0.3,4,2,4,1,1,0,1,0.8333333333333334,0,3,0.4375,0,0,2.0652815139658335e-10,0.0,0.031605594662738455,0.31320506855348895,0.0,0.0,0.0,0.0,0.000000,8,dyadic,0
randbc_n5_82,random_backchannel,1,train,5,6,0.3,4,2,4,1,1,0,1,0.8333333333333334,0,2,0.625,0,0,2.065273014699633e-10,0.0,0.027090509710918677,0.30140280561122246,0.0,0.0,0.0,0.0,0.000000,4,dyadic,0
randbc_n5_83,random_backchannel,1,train,5,9,0.45,4,4,4,4,4,0,1,0.8888888888888888,0,3,0.5625,0,0,2.8345472540053662,4.682750378953714,0.04063576456637801,0.5314045153770042,1.9886994082884972,-1.0568497041442488,0.5214901054152998,-1.5511994082884974,0.000000,6,dyadic,0
randbc_n5_84,random_backchannel,1,train,5,7,0.35,4,2,4,2,2,0,1,0.8571428571428571,0,3,0.5,0,0,0.015152878253198665,1.7809723681179597,0.03612067961455823,0.008953229620716905,1.7961252463298516,0.0,0.08904861841002851,-0.015152878129281233,0.000000,6,dyadic,0
randbc_n5_85,random_backchannel,1,train,5,9,0.45,4,4,4,4,4,0,1,0.8888888888888888,0,3,0.4375,0,0,2.7352772791153908,4.657020353841109,0.04063576456637801,0.5295569797352531,1.9886994082884972,-0.9318497041442488,0.497594100393295,-1.4261994082884977,0.000000,6,dyadic,0
randbc_n5_86,random_backchannel,1,train,5,7,0.35,4,2,4,2,2,0,1,0.8571428571428571,0,3,0.375,0,0,2.065273014699633e-10,0.0,0.027090509710918677,0.5119193706089147,0.0,0.0,0.0,0.0,0.000000,8,dyadic,0
randbc_n5_87,random_backchannel,1,train,5,7,0.35,4,2,4,2,2,0,1,0.8571428571428571,0,3,0.5,0,0,2.0652645154334326e-10,0.0,0.022575424759098895,0.3006012024048096,0.0,0.0,0.0,0.0,0.000000,8,dyadic,0
randbc_n5_88,random_backchannel,1,train,5,7,0.35,4,2,4,2,2,0,1,0.8571428571428571,0,3,0.4375,0,0,2.0652560161672322e-10,0.0,0.027090509710918677,0.29999999999999993,0.0,0.0,0.0,0.0,0.000000,6,dyadic,0
randbc_n5_89,random_backchannel,1,train,5,7,0.35,4,2,4,2,2,0,1,0.8571428571428571,0,3,0.375,0,0,2.065290013232034e-10,0.0,0.031605594662738455,0.07180838048089745,0.0,0.0,0.0,0.0,0.000000,6,dyadic,0
randbc_n5_90,random_backchannel,1,train,5,7,0.35,4,2,4,2,2,0,1,0.8571428571428571,0,3,0.6875,0,0,1.7107827547738466,3.796817523653018,0.04063576456637801,0.25565858912601186,2.2006395237393526,-1.1063212310720751,0.35032205070704486,-1.68662761699852,0.000000,8,dyadic,0
randbc_n5_91,random_backchannel,1,train,5,6,0.3,4,2,4,1,1,0,1,0.8333333333333334,0,3,0.4375,0,0,0.0038522865416952268,1.7922729598294622,0.03612067961455823,0.008953229620716905,1.7961252463298516,0.0,0.08961364799560365,-0.003852286417778572,0.000000,8,dyadic,0
randbc_n5_92,random_backchannel,1,train,5,7,0.35,4,2,4,2,2,0,1,0.8571428571428571,0,3,0.5625,0,0,2.0652645154334326e-10,0.0,0.022575424759098895,0.09999999999999999,0.0,0.0,0.0,0.0,0.000000,6,dyadic,0
randbc_n5_93,random_backchannel,1,train,5,7,0.35,4,2,4,2,2,0,1,0.8571428571428571,0,3,0.6875,0,0,0.0514147078824132,1.2186452497631621,0.027090509710918677,0.0,1.2700599575900715,0.0,0.0609322624915787,-0.051414707758497435,0.000000,6,dyadic,0
randbc_n5_94,random_backchannel,1,train,5,8,0.4,4,3,4,3,3,0,1,0.875,0,3,0.375,0,0,2.6659055330182624,4.7861928662978706,0.04063576456637801,0.4654848529355252,2.19616329959714,-1.1022170014624828,0.5128192812189591,-1.653325502193724,0.000000,8,dyadic,0
randbc_n5_95,random_backchannel,1,train,5,6,0.3,4,2,4,1,1,0,1,0.8333333333333334,0,3,0.4375,0,0,2.065273014699633e-10,0.0,0.031605594662738455,0.48795986299183813,0.0,0.0,0.0,0.0,0.000000,8,dyadic,0
randbc_n5_96,random_backchannel,1,train,5,5,0.25,4,1,4,1,1,0,0,1.0,1,2,0.5,0,0,2.0652560161672322e-10,0.0,0.031605594662738455,0.0002004008016032065,0.0,0.0,0.0,0.0,0.000000,4,dyadic,0
randbc_n5_97,random_backchannel,1,train,5,7,0.35,4,2,4,2,2,0,1,0.8571428571428571,0,3,0.5,0,0,2.0652645154334326e-10,0.0,0.027090509710918677,0.3006012024048096,0.0,0.0,0.0,0.0,0.000000,6,dyadic,0
randbc_n5_98,random_backchannel,1,train,5,7,0.35,4,2,4,2,2,0,1,0.8571428571428571,0,3,0.375,0,0,1.9544340029662712,3.9088680056847087,0.022575424759098895,0.0,1.9544340029249652,-1.9544340029249652,0.39088680058499303,-1.9544340029249652,0.000000,8,dyadic,0
randbc_n5_99,random_backchannel,1,train,5,6,0.3,4,2,4,2,2,0,0,1.0,1,2,0.5625,0,0,0.9886994083711076,2.9886994081645812,0.03612067961455823,0.11341277365152888,1.9886994082884972,0.0,0.19886994082884976,-0.9886994082884974,0.000000,4,dyadic,0
chain_n5,chain,0,train,5,8,0.4,2,2,2,2,4,2,4,0.5,0,4,0.25,1,0,1.8984070108583257,3.520963259570063,0.022575424759098895,0.0711238849411329,1.3548425676587292,-1.3548425676587292,0.4064527702976187,-1.3548425676587292,2.000000,16,triadic,1
chain_bc_n5,chain,1,train,5,10,0.5,2,2,2,2,5,3,6,0.4,0,4,0.75,0,1,1.8573293524835015,2.1249697584495095,0.027090509710918677,0.2415632743425012,1.0748068828532795,-0.7578784625383954,0.29846351068073157,-1.0748068828532795,0.415037,15,triadic,1
allreq_n5,all_required,0,train,5,8,0.4,4,4,4,4,4,0,0,1.0,1,2,0.0625,1,0,1.0118701998510415,4.337290066410486,0.031605594662738455,0.9976047808573701,1.337290066617014,0.0,0.26745801332340274,-0.337290066617014,4.000000,4,triadic,1
allreq_bc_n5,all_required,1,train,5,10,0.5,4,4,4,4,5,1,2,0.8,0,3,0.0625,1,0,1.5457158068546253,2.7151754950602878,0.018060339807279117,0.10040080160320639,1.134580954883921,-0.8571484374283715,0.2876782770250349,-1.072080954883921,0.415037,6,triadic,1
subst_n5,substitutable,0,train,5,8,0.4,4,4,4,4,4,0,0,1.0,1,2,0.9375,0,1,1.0118701998510415,4.337290066410487,0.009030169903639558,0.0,1.337290066617014,0.0,0.26745801332340274,-0.337290066617014,4.000000,4,triadic,1
rand_n6_0,random_strict,0,test,6,8,0.26666666666666666,5,3,5,3,3,0,0,1.0,1,2,0.4375,0,0,2.478314018813639e-10,0.0,0.03465224035614973,0.32296404077418006,0.0,0.0,0.0,0.0,0.000000,4,dyadic,0
rand_n6_1,random_strict,0,test,6,7,0.23333333333333334,5,2,5,2,2,0,0,1.0,1,2,0.53125,0,0,2.47833951661224e-10,0.0,0.030801991427688646,0.3887735754777973,0.0,0.0,0.0,0.0,0.000000,4,dyadic,0
rand_n6_2,random_strict,0,test,6,6,0.2,5,1,5,1,1,0,0,1.0,1,2,0.59375,0,0,2.47833951661224e-10,0.0,0.030801991427688646,0.16130938396380515,0.0,0.0,0.0,0.0,0.000000,4,dyadic,0
rand_n6_3,random_strict,0,test,6,5,0.16666666666666666,5,1,5,0,0,0,0,1.0,1,1,0.375,0,0,2.4783310173460397e-10,0.0,0.023101493570766487,0.06666666666666667,0.0,0.0,0.0,0.0,0.000000,2,dyadic,0
rand_n6_4,random_strict,0,test,6,9,0.3,5,4,5,4,4,0,0,1.0,1,2,0.34375,0,0,2.4783310173460397e-10,0.0,0.023101493570766487,0.4835273502882089,0.0,0.0,0.0,0.0,0.000000,4,dyadic,0
rand_n6_5,random_strict,0,test,6,8,0.26666666666666666,5,3,5,3,3,0,0,1.0,1,2,0.5,0,0,2.0000000000826104,3.999999999834778,0.026951742499227566,0.39920159361912344,2.0,0.0,0.2,-1.0,0.000000,4,dyadic,0
rand_n6_6,random_strict,0,test,6,7,0.23333333333333334,5,2,5,2,2,0,0,1.0,1,2,0.5,0,0,1.0000000001239173,2.9999999998760845,0.023101493570766487,0.06666666666666667,2.0,0.0,0.13333333333333333,-1.0,0.000000,4,dyadic,0
rand_n6_7,random_strict,0,test,6,7,0.23333333333333334,5,2,5,2,2,0,0,1.0,1,2,0.5625,0,0,0.9886994084124139,2.9886994081645817,0.04235273821307189,0.07560851576768593,1.9886994082884974,0.0,0.1325799605525665,-0.9886994082884974,0.000000,4,dyadic,0
rand_n6_8,random_strict,0,test,6,7,0.23333333333333334,5,2,5,2,2,0,0,1.0,1,2,0.4375,0,0,2.4783310173460397e-10,0.0,0.023101493570766487,0.4899277974994071,0.0,0.0,0.0,0.0,0.000000,4,dyadic,0
rand_n6_9,random_strict,0,test,6,6,0.2,5,1,5,1,1,0,0,1.0,1,2,0.3125,0,0,1.6522139212327147e-10,1.8960382324519465,0.03465224035614973,0.07860430616095586,1.8960382325345575,0.0,0.06320127441781859,0.0,0.000000,4,dyadic,0
rand_n6_10,random_strict,0,test,6,8,0.26666666666666666,5,3,5,3,3,0,0,1.0,1,2,0.46875,0,0,1.9943607978711393,3.9971803987290424,0.019251244642305404,0.0,1.997180398894264,-2.220446049250313e-16,0.1997180398894264,-0.9971803988942644,0.000000,4,dyadic,0
rand_n6_11,random_strict,0,test,6,8,0.26666666666666666,5,3,5,3,3,0,0,1.0,1,2,0.53125,0,0,2.478314018813639e-10,0.0,0.023101493570766487,0.2674682698730794,0.0,0.0,0.0,0.0,0.000000,4,dyadic,0
rand_n6_12,random_strict,0,test,6,7,0.23333333333333334,5,2,5,2,2,0,0,1.0,1,2,0.4375,0,0,2.478314018813639e-10,0.0,0.030801991427688646,0.20880337903565926,0.0,0.0,0.0,0.0,0.000000,4,dyadic,0
rand_n6_13,random_strict,0,test,6,6,0.2,5,1,5,1,1,0,0,1.0,1,2,0.65625,0,0,1.6522117007866655e-10,1.928362072312257,0.015400995713844323,0.0,1.9283620723948673,0.0,0.06427873574649558,-1.1102230246251565e-16,0.000000,4,dyadic,0
rand_n6_14,random_strict,0,test,6,7,0.23333333333333334,5,2,5,2,2,0,0,1.0,1,2,0.5,0,0,1.0000000001239164,2.999999999876084,0.030801991427688646,0.15121649819563843,2.0,0.0,0.13333333333333333,-1.0,0.000000,4,dyadic,0
rand_n6_15,random_strict,0,test,6,6,0.2,5,1,5,1,1,0,0,1.0,1,2,0.53125,0,0,1.6522316848011087e-10,1.9971803988116537,0.023101493570766487,0.07263548641381128,1.9971803988942642,0.0,0.06657267996314215,0.0,0.000000,4,dyadic,0
rand_n6_16,random_strict,0,test,6,8,0.26666666666666666,5,3,5,3,3,0,0,1.0,1,2,0.59375,0,0,2.478322518079839e-10,0.0,0.03465224035614973,0.20880337903565926,0.0,0.0,0.0,0.0,0.000000,4,dyadic,0
rand_n6_17,random_strict,0,test,6,8,0.26666666666666666,5,3,5,3,3,0,0,1.0,1,2,0.4375,0,0,1.9773988166596055,3.9886994081232756,0.023101493570766487,0.4,1.9886994082884974,0.0,0.19886994082884973,-0.9886994082884974,0.000000,4,dyadic,0
rand_n6_18,random_strict,0,test,6,9,0.3,5,4,5,4,4,0,0,1.0,1,2,0.53125,0,0,2.478322518079839e-10,0.0,0.023101493570766487,0.41615969521402396,0.0,0.0,0.0,0.0,0.000000,4,dyadic,0
rand_n6_19,random_strict,0,test,6,7,0.23333333333333334,5,2,5,2,2,0,0,1.0,1,2,0.5625,0,0,0.9886994084124141,2.9886994081645812,0.030801991427688646,0.07560851576768593,1.9886994082884972,-2.220446049250313e-16,0.1325799605525665,-0.9886994082884977,0.000000,4,dyadic,0
rand_n6_20,random_strict,0,test,6,7,0.23333333333333334,5,2,5,2,2,0,0,1.0,1,2,0.40625,0,0,0.9744894035219691,2.974489403274136,0.019251244642305404,0.0,1.9744894033980522,0.0,0.13163262689320346,-0.9744894033980522,0.000000,4,dyadic,0
rand_n6_21,random_strict,0,test,6,8,0.26666666666666666,5,3,5,3,3,0,0,1.0,1,2,0.5,0,0,2.0000000000826113,3.999999999834778,0.03465224035614973,0.29049535689698763,2.0,0.0,0.2,-1.0,0.000000,4,dyadic,0
rand_n6_22,random_strict,0,test,6,8,0.26666666666666666,5,3,5,3,3,0,0,1.0,1,2,0.4375,0,0,2.478314018813639e-10,0.0,0.023101493570766487,0.41615969521402385,0.0,0.0,0.0,0.0,0.000000,4,dyadic,0
rand_n6_23,random_strict,0,test,6,7,0.23333333333333334,5,2,5,2,2,0,0,1.0,1,2,0.3125,0,0,0.8960382326584733,2.896038232410641,0.030801991427688646,0.15123979257476713,1.8960382325345573,-2.220446049250313e-16,0.12640254883563717,-0.8960382325345577,0.000000,4,dyadic,0
rand_n6_24,random_strict,0,test,6,8,0.26666666666666666,5,3,5,3,3,0,0,1.0,1,2,0.625,0,0,2.478322518079839e-10,0.0,0.03465224035614973,0.20880337903565926,0.0,0.0,0.0,0.0,0.000000,4,dyadic,0
rand_n6_25,random_strict,0,test,6,7,0.23333333333333334,5,2,5,2,2,0,0,1.0,1,2,0.4375,0,0,0.9886994084124139,2.9886994081645812,0.026951742499227566,0.07612940616857265,1.9886994082884974,0.0,0.1325799605525665,-0.9886994082884974,0.000000,4,dyadic,0
rand_n6_26,random_strict,0,test,6,9,0.3,5,4,5,4,4,0,0,1.0,1,2,0.625,0,0,2.8633020088162002,4.954434002718438,0.026951742499227566,0.19999999999999998,1.9544340029249652,0.0,0.26059120038999534,-0.9544340029249649,0.000000,4,dyadic,0
rand_n6_27,random_strict,0,test,6,7,0.23333333333333334,5,2,5,2,2,0,0,1.0,1,2,0.5,0,0,2.478322518079839e-10,0.0,0.019251244642305404,0.1419563169642831,0.0,0.0,0.0,0.0,0.000000,4,dyadic,0
rand_n6_28,random_strict,0,test,6,7,0.23333333333333334,5,2,5,2,2,0,0,1.0,1,2,0.4375,0,0,0.9886994084124139,2.988699408164581,0.03850248928461081,0.15123979257476713,1.9886994082884974,0.0,0.1325799605525665,-0.9886994082884974,0.000000,4,dyadic,0
rand_n6_29,random_strict,0,test,6,7,0.23333333333333334,5,2,5,2,2,0,0,1.0,1,2,0.5625,0,0,2.4783055195474383e-10,0.0,0.019251244642305404,0.06666666666666667,0.0,0.0,0.0,0.0,0.000000,4,dyadic,0
rand_n6_30,random_strict,0,test,6,9,0.3,5,4,5,4,4,0,0,1.0,1,2,0.53125,0,0,2.9915411967240972,4.997180398687737,0.03850248928461081,0.41436701740788184,1.9971803988942642,0.0,0.2662907198525686,-0.9971803988942642,0.000000,4,dyadic,0
rand_n6_31,random_strict,0,test,6,7,0.23333333333333334,5,2,5,2,2,0,0,1.0,1,2,0.625,0,0,2.4783055195474383e-10,0.0,0.019251244642305404,0.0,0.0,0.0,0.0,0.0,0.000000,4,dyadic,0
rand_n6_32,random_strict,0,test,6,7,0.23333333333333334,5,2,5,2,2,0,0,1.0,1,2,0.46875,0,0,0.99718039901818,2.9971803987703476,0.030801991427688646,0.2939882099722822,1.997180398894264,0.0,0.13314535992628426,-0.9971803988942641,0.000000,4,dyadic,0
rand_n6_33,random_strict,0,test,6,6,0.2,5,1,5,1,1,0,0,1.0,1,2,0.4375,0,0,1.6522094803406162e-10,1.9886994082058866,0.030801991427688646,0.07860430616095587,1.9886994082884972,0.0,0.06628998027628324,-2.220446049250313e-16,0.000000,4,dyadic,0
rand_n6_34,random_strict,0,test,6,8,0.26666666666666666,5,3,5,3,3,0,0,1.0,1,2,0.5,0,0,2.478322518079839e-10,0.0,0.030801991427688646,0.3820851326235147,0.0,0.0,0.0,0.0,0.000000,4,dyadic,0
rand_n6_35,random_strict,0,test,6,7,0.23333333333333334,5,2,5,2,2,0,0,1.0,1,2,0.5625,0,0,0.988699408412415,2.988699408164582,0.019251244642305404,0.20840904484070147,1.9886994082884972,0.0,0.13257996055256652,-0.9886994082884974,0.000000,4,dyadic,0
rand_n6_36,random_strict,0,test,6,7,0.23333333333333334,5,2,5,2,2,0,0,1.0,1,2,0.5625,0,0,0.988699408412413,2.988699408164581,0.03465224035614973,0.07561989628738357,1.9886994082884974,0.0,0.1325799605525665,-0.9886994082884974,0.000000,4,dyadic,0
rand_n6_37,random_strict,0,test,6,7,0.23333333333333334,5,2,5,2,2,0,0,1.0,1,2,0.5625,0,0,0.9886994084124132,2.988699408164581,0.026951742499227566,0.07560851576768593,1.9886994082884972,0.0,0.1325799605525665,-0.9886994082884974,0.000000,4,dyadic,0
rand_n6_38,random_strict,0,test,6,7,0.23333333333333334,5,2,5,2,2,0,0,1.0,1,2,0.5,0,0,1.0000000001239155,2.999999999876083,0.030801991427688646,0.07560851576768593,2.0,0.0,0.13333333333333333,-1.0,0.000000,4,dyadic,0
rand_n6_39,random_strict,0,test,6,10,0.3333333333333333,5,5,5,5,5,0,0,1.0,1,2,0.46875,0,0,2.478314018813639e-10,0.0,0.023101493570766487,0.8682268742828352,0.0,0.0,0.0,0.0,0.000000,4,dyadic,0
rand_n6_40,random_strict,0,test,6,7,0.23333333333333334,5,2,5,2,2,0,0,1.0,1,2,0.4375,0,0,2.478314018813639e-10,0.0,0.026951742499227566,0.2082134481414141,0.0,0.0,0.0,0.0,0.000000,4,dyadic,0
rand_n6_41,random_strict,0,test,6,7,0.23333333333333334,5,2,5,2,2,0,0,1.0,1,2,0.625,0,0,2.47833951661224e-10,0.0,0.030801991427688646,0.2082134481414141,0.0,0.0,0.0,0.0,0.000000,4,dyadic,0
rand_n6_42,random_strict,0,test,6,7,0.23333333333333334,5,2,5,2,2,0,0,1.0,1,2,0.59375,0,0,0.9744894035219689,2.9744894032741365,0.019251244642305404,0.06666666666666667,1.9744894033980525,0.0,0.13163262689320349,-0.9744894033980522,0.000000,4,dyadic,0
rand_n6_43,random_strict,0,test,6,8,0.26666666666666666,5,3,5,3,3,0,0,1.0,1,2,0.40625,0,0,1.9489788068787155,3.9744894032328304,0.03850248928461081,0.2904953568969877,1.9744894033980522,-2.220446049250313e-16,0.19744894033980523,-0.9744894033980525,0.000000,4,dyadic,0
rand_n6_44,random_strict,0,test,6,6,0.2,5,1,5,1,1,0,0,1.0,1,2,0.65625,0,0,2.4783310173460397e-10,0.0,0.023101493570766487,0.06666666666666667,0.0,0.0,0.0,0.0,0.000000,4,dyadic,0
rand_n6_45,random_strict,0,test,6,8,0.26666666666666666,5,3,5,3,3,0,0,1.0,1,2,0.3125,0,0,1.7920764651517267,3.896038232369335,0.023101493570766487,0.39999999999999997,1.8960382325345573,-2.220446049250313e-16,0.18960382325345576,-0.8960382325345577,0.000000,4,dyadic,0
rand_n6_46,random_strict,0,test,6,7,0.23333333333333334,5,2,5,2,2,0,0,1.0,1,2,0.5,0,0,1.0000000001239155,2.999999999876083,0.03465224035614973,0.29349114729025766,2.0,0.0,0.13333333333333333,-1.0,0.000000,4,dyadic,0
rand_n6_47,random_strict,0,test,6,8,0.26666666666666666,5,3,5,3,3,0,0,1.0,1,2,0.5,0,0,2.0000000000826095,3.999999999834778,0.015400995713844323,0.06666666666666667,2.0,0.0,0.2,-1.0,0.000000,4,dyadic,0
rand_n6_48,random_strict,0,test,6,8,0.26666666666666666,5,3,5,3,3,0,0,1.0,1,2,0.46875,0,0,1.994360797871139,3.9971803987290424,0.023101493570766487,0.19999999999999998,1.9971803988942642,0.0,0.19971803988942644,-0.9971803988942642,0.000000,4,dyadic,0
rand_n6_49,random_strict,0,test,6,10,0.3333333333333333,5,5,5,5,5,0,0,1.0,1,2,0.46875,0,0,2.4783310173460397e-10,0.0,0.023101493570766487,0.06666666666666667,0.0,0.0,0.0,0.0,0.000000,4,dyadic,0
rand_n6_50,random_strict,0,test,6,8,0.26666666666666666,5,3,5,3,3,0,0,1.0,1,2,0.375,0,0,2.478322518079839e-10,0.0,0.023101493570766487,0.19999999999999998,0.0,0.0,0.0,0.0,0.000000,4,dyadic,0
rand_n6_51,random_strict,0,test,6,7,0.23333333333333334,5,2,5,2,2,0,0,1.0,1,2,0.53125,0,0,0.9971803990181816,2.9971803987703485,0.015400995713844323,0.06666666666666667,1.9971803988942642,0.0,0.1331453599262843,-0.9971803988942642,0.000000,4,dyadic,0
rand_n6_52,random_strict,0,test,6,9,0.3,5,4,5,4,4,0,0,1.0,1,2,0.59375,0,0,2.478314018813639e-10,0.0,0.026951742499227566,0.4161596952140239,0.0,0.0,0.0,0.0,0.000000,4,dyadic,0
rand_n6_53,random_strict,0,test,6,6,0.2,5,1,5,1,1,0,0,1.0,1,2,0.5,0,0,1.652225023462961e-10,1.9999999999173894,0.03465224035614973,0.21790645924143381,2.0,0.0,0.06666666666666667,0.0,0.000000,4,dyadic,0
rand_n6_54,random_strict,0,test,6,7,0.23333333333333334,5,2,5,2,2,0,0,1.0,1,2,0.625,0,0,2.478322518079839e-10,0.0,0.03465224035614973,0.5990417038352883,0.0,0.0,0.0,0.0,0.000000,4,dyadic,0
rand_n6_55,random_strict,0,test,6,8,0.26666666666666666,5,3,5,3,3,0,0,1.0,1,2,0.40625,0,0,1.9489788068787146,3.9744894032328304,0.019251244642305404,0.6666666666666665,1.9744894033980522,-2.220446049250313e-16,0.19744894033980523,-0.9744894033980525,0.000000,4,dyadic,0
rand_n6_56,random_strict,0,test,6,9,0.3,5,4,5,4,4,0,0,1.0,1,2,0.5625,0,0,2.478314018813639e-10,0.0,0.030801991427688646,0.5594700218433178,0.0,0.0,0.0,0.0,0.000000,4,dyadic,0
rand_n6_57,random_strict,0,test,6,7,0.23333333333333334,5,2,5,2,2,0,0,1.0,1,2,0.6875,0,0,2.478322518079839e-10,0.0,0.023101493570766487,0.19999999999999998,0.0,0.0,0.0,0.0,0.000000,4,dyadic,0
rand_n6_58,random_strict,0,test,6,7,0.23333333333333334,5,2,5,2,2,0,0,1.0,1,2,0.65625,0,0,2.4783310173460397e-10,0.0,0.030801991427688646,0.18053704776692328,0.0,0.0,0.0,0.0,0.000000,4,dyadic,0
rand_n6_59,random_strict,0,test,6,7,0.23333333333333334,5,2,5,2,2,0,0,1.0,1,2,0.53125,0,0,0.9971803990181807,2.9971803987703476,0.030801991427688646,0.4262916763632732,1.9971803988942642,0.0,0.1331453599262843,-0.9971803988942642,0.000000,4,dyadic,0
rand_n6_60,random_strict,0,test,6,9,0.3,5,4,5,4,4,0,0,1.0,1,2,0.5,0,0,3.0000000000413047,4.999999999793473,0.03465224035614973,0.4143783979275795,2.0,0.0,0.26666666666666666,-1.0,0.000000,4,dyadic,0
rand_n6_61,random_strict,0,test,6,8,0.26666666666666666,5,3,5,3,3,0,0,1.0,1,2,0.34375,0,0,1.8567241448723446,3.9283620722296457,0.030801991427688646,0.2,1.9283620723948673,0.0,0.19283620723948677,-0.9283620723948676,0.000000,4,dyadic,0
rand_n6_62,random_strict,0,test,6,7,0.23333333333333334,5,2,5,2,2,0,0,1.0,1,2,0.5,0,0,1.0000000001239164,2.9999999998760836,0.03465224035614973,0.29398820997228226,2.0,0.0,0.13333333333333333,-1.0,0.000000,4,dyadic,0
rand_n6_63,random_strict,0,test,6,9,0.3,5,4,5,4,4,0,0,1.0,1,2,0.5625,0,0,2.478314018813639e-10,0.0,0.026951742499227566,0.4826927613462885,0.0,0.0,0.0,0.0,0.000000,4,dyadic,0
rand_n6_64,random_strict,0,test,6,6,0.2,5,1,5,1,1,0,0,1.0,1,2,0.4375,0,0,1.652225023462961e-10,1.9886994082058869,0.026951742499227566,0.28427124886951505,1.9886994082884972,0.0,0.06628998027628324,-2.220446049250313e-16,0.000000,4,dyadic,0
rand_n6_65,random_strict,0,test,6,8,0.26666666666666666,5,3,5,3,3,0,0,1.0,1,2,0.46875,0,0,2.478322518079839e-10,0.0,0.026951742499227566,0.4414877712247841,0.0,0.0,0.0,0.0,0.000000,4,dyadic,0
rand_n6_66,random_strict,0,test,6,8,0.26666666666666666,5,3,5,3,3,0,0,1.0,1,2,0.4375,0,0,1.9773988166596057,3.9886994081232756,0.03465224035614973,0.2000010666794668,1.9886994082884972,-2.220446049250313e-16,0.19886994082884973,-0.9886994082884977,0.000000,4,dyadic,0
rand_n6_67,random_strict,0,test,6,7,0.23333333333333334,5,2,5,2,2,0,0,1.0,1,2,0.5625,0,0,2.4783310173460397e-10,0.0,0.026951742499227566,0.47547995186837366,0.0,0.0,0.0,0.0,0.000000,4,dyadic,0
rand_n6_68,random_strict,0,test,6,7,0.23333333333333334,5,2,5,2,2,0,0,1.0,1,2,0.40625,0,0,0.9744894035219689,2.9744894032741356,0.03465224035614973,0.2083971309812704,1.9744894033980525,0.0,0.13163262689320349,-0.9744894033980525,0.000000,4,dyadic,0
rand_n6_69,random_strict,0,test,6,8,0.26666666666666666,5,3,5,3,3,0,0,1.0,1,2,0.40625,0,0,1.9489788068787155,3.974489403232831,0.026951742499227566,0.2119148784548939,1.9744894033980522,-2.220446049250313e-16,0.19744894033980523,-0.9744894033980525,0.000000,4,dyadic,0
randbc_n6_0,random_backchannel,1,test,6,8,0.26666666666666666,5,3,5,3,3,0,0,1.0,1,2,0.46875,0,0,1.9943607978711393,3.9971803987290424,0.023101493570766487,0.06666666666666667,1.997180398894264,-2.220446049250313e-16,0.1997180398894264,-0.9971803988942644,0.000000,4,dyadic,0
randbc_n6_1,random_backchannel,1,test,6,8,0.26666666666666666,5,2,5,2,2,0,1,0.875,0,3,0.5625,0,0,0.0037978409653551815,1.7923818510647538,0.03465224035614973,0.21813738646316624,1.7961796919474975,0.0,0.059746061704912146,-0.003797840800132679,0.000000,6,dyadic,0
randbc_n6_2,random_backchannel,1,test,6,9,0.3,5,3,5,3,3,0,1,0.8888888888888888,0,3,0.375,0,0,2.478322518079839e-10,0.0,0.030801991427688646,0.2674682698730794,0.0,0.0,0.0,0.0,0.000000,6,dyadic,0
randbc_n6_3,random_backchannel,1,test,6,9,0.3,5,4,5,4,4,0,0,1.0,1,2,0.5625,0,0,2.478322518079839e-10,0.0,0.023101493570766487,0.5029342372163181,0.0,0.0,0.0,0.0,0.000000,4,dyadic,0
randbc_n6_4,random_backchannel,1,test,6,9,0.3,5,3,5,3,3,0,1,0.8888888888888888,0,3,0.375,0,0,2.545200126392369,3.3407869741223797,0.03465224035614973,0.4295603824046868,1.9011138713983682,-0.5309566771438345,0.2389552480941742,-1.2342020473175674,0.000000,8,dyadic,0
randbc_n6_5,random_backchannel,1,test,6,8,0.26666666666666666,5,3,5,3,3,0,0,1.0,1,2,0.4375,0,0,2.47833951661224e-10,0.0,0.015400995713844323,0.06666666666666667,0.0,0.0,0.0,0.0,0.000000,4,dyadic,0
randbc_n6_6,random_backchannel,1,test,6,10,0.3333333333333333,5,4,5,4,4,0,1,0.9,0,3,0.5,0,0,1.6862703467689364,2.3140416118442158,0.019251244642305404,0.06666666666666667,1.333437319552992,-0.06371409776806106,0.12697232217849314,-0.8112781244591332,0.000000,6,dyadic,0
randbc_n6_7,random_backchannel,1,test,6,9,0.3,5,4,5,4,4,0,0,1.0,1,2,0.5,0,0,3.0000000000413056,4.999999999793473,0.030801991427688646,0.6656021248254979,2.0,0.0,0.26666666666666666,-1.0,0.000000,4,dyadic,0
randbc_n6_8,random_backchannel,1,test,6,9,0.3,5,3,5,3,3,0,1,0.8888888888888888,0,3,0.40625,0,0,2.4783055195474383e-10,0.0,0.03465224035614973,0.2415209607662154,0.0,0.0,0.0,0.0,0.000000,6,dyadic,0
randbc_n6_9,random_backchannel,1,test,6,9,0.3,5,3,5,3,3,0,1,0.8888888888888888,0,3,0.53125,0,0,2.478322518079839e-10,0.0,0.03465224035614973,0.3601801366177506,0.0,0.0,0.0,0.0,0.000000,6,dyadic,0
randbc_n6_10,random_backchannel,1,test,6,7,0.23333333333333334,5,2,5,1,1,0,1,0.8571428571428571,0,2,0.34375,0,0,2.478322518079839e-10,0.0,0.019251244642305404,0.19999999999999998,0.0,0.0,0.0,0.0,0.000000,4,dyadic,0
randbc_n6_11,random_backchannel,1,test,6,10,0.3333333333333333,5,4,5,4,4,0,1,0.9,0,3,0.59375,0,0,1.9499476016345212,3.4044485975870025,0.03465224035614973,0.2116601235142994,1.7847987331013786,-0.000968794755806579,0.17838299383455725,-0.9744894033980525,0.000000,6,dyadic,0
randbc_n6_12,random_backchannel,1,test,6,9,0.3,5,4,5,4,4,0,0,1.0,1,2,0.5,0,0,2.478314018813639e-10,0.0,0.030801991427688646,0.3418695113001883,0.0,0.0,0.0,0.0,0.000000,4,dyadic,0
randbc_n6_13,random_backchannel,1,test,6,10,0.3333333333333333,5,4,5,4,4,0,1,0.9,0,3,0.5,0,0,2.478322518079839e-10,0.0,0.026951742499227566,0.6907726089533005,0.0,0.0,0.0,0.0,0.000000,6,dyadic,0
randbc_n6_14,random_backchannel,1,test,6,8,0.26666666666666666,5,3,5,3,3,0,0,1.0,1,2,0.53125,0,0,1.9943607978711393,3.9971803987290424,0.023101493570766487,0.06666666666666667,1.997180398894264,-2.220446049250313e-16,0.19971803988942644,-0.9971803988942644,0.000000,4,dyadic,0
randbc_n6_15,random_backchannel,1,test,6,9,0.3,5,3,5,3,3,0,1,0.8888888888888888,0,3,0.5625,0,0,2.4783310173460397e-10,0.0,0.026951742499227566,0.2674682698730795,0.0,0.0,0.0,0.0,0.000000,6,dyadic,0
randbc_n6_16,random_backchannel,1,test,6,8,0.26666666666666666,5,2,5,2,2,0,1,0.875,0,3,0.46875,0,0,2.4783310173460397e-10,0.0,0.026951742499227566,0.0947763178315406,0.0,0.0,0.0,0.0,0.000000,6,dyadic,0
randbc_n6_17,random_backchannel,1,test,6,9,0.3,5,4,5,4,4,0,0,1.0,1,2,0.5,0,0,3.0000000000413056,4.999999999793473,0.026951742499227566,0.6650698539049135,2.0,0.0,0.26666666666666666,-1.0,0.000000,4,dyadic,0
randbc_n6_18,random_backchannel,1,test,6,10,0.3333333333333333,5,4,5,4,4,0,1,0.9,0,3,0.71875,0,1,2.574935571216641,5.854328836074804,0.019251244642305404,0.06666666666666667,2.853658178496845,0.0,0.25307499653572335,-0.860638696359898,0.000000,8,dyadic,0
randbc_n6_19,random_backchannel,1,test,6,10,0.3333333333333333,5,4,5,4,4,0,1,0.9,0,3,0.46875,0,0,2.0028417884769056,3.3970908096833745,0.023101493570766487,0.19999999999999998,1.7999775327476302,-0.008480990605766632,0.1791496542141864,-0.9971803988942641,0.000000,6,dyadic,0
chain_n6,chain,0,test,6,10,0.3333333333333333,2,2,2,2,5,3,6,0.4,0,5,0.25,1,0,2.174257772798385,3.2613866589497444,0.015400995713844323,0.06666666666666667,1.0871288863991928,-1.0871288863991928,0.32613866591975776,-1.0871288863991928,2.000000,25,triadic,1
chain_bc_n6,chain,1,test,6,12,0.4,2,2,2,2,6,4,8,0.3333333333333333,0,5,0.75,0,1,2.174257772798385,3.2613866589497444,0.023101493570766487,0.00013360053440213745,1.0871288863991928,-1.0871288863991928,0.32613866591975776,-1.0871288863991928,0.415037,25,triadic,1
allreq_n6,all_required,0,test,6,10,0.3333333333333333,5,5,5,5,5,0,0,1.0,1,2,0.03125,1,0,0.8024892972508584,5.200622324064882,0.026951742499227566,0.9976047808573701,1.2006223243127145,0.0,0.20010372071878577,-0.2006223243127146,5.000000,4,triadic,1
allreq_bc_n6,all_required,1,test,6,12,0.4,5,5,5,5,6,1,2,0.8333333333333334,0,3,0.03125,1,0,1.4437125878486168,3.4120892216009233,0.015400995713844323,0.06666666666666667,1.0051713287034885,-0.8351164948421137,0.2398845179897905,-0.9739213287034885,0.415037,6,triadic,1
subst_n6,substitutable,0,test,6,10,0.3333333333333333,5,5,5,5,5,0,0,1.0,1,2,0.96875,0,1,0.8024892972508584,5.200622324064883,0.019251244642305404,0.39999999999999997,1.2006223243127145,0.0,0.20010372071878577,-0.2006223243127146,5.000000,4,triadic,1
rand_n7_0,random_strict,0,test,7,8,0.19047619047619047,6,2,6,2,2,0,0,1.0,1,2,0.5625,0,0,2.891355022927645e-10,0.0,0.02691003247250215,0.3923041624846807,0.0,0.0,0.0,0.0,0.000000,4,dyadic,0
rand_n7_1,random_strict,0,test,7,9,0.21428571428571427,6,3,6,3,3,0,0,1.0,1,2,0.546875,0,0,2.8913635221938454e-10,0.0,0.02018252435437661,0.047619047619047616,0.0,0.0,0.0,0.0,0.000000,4,dyadic,0
rand_n7_2,random_strict,0,test,7,11,0.2619047619047619,6,5,6,5,5,0,0,1.0,1,2,0.53125,0,1,3.9887215956183626,5.9971803986464325,0.030273786531564918,0.47543085107497474,1.9971803988942642,0.0,0.23775957129693617,-0.9971803988942642,0.000000,4,dyadic,0
rand_n7_3,random_strict,0,test,7,9,0.21428571428571427,6,3,6,3,3,0,0,1.0,1,2,0.4375,0,0,1.9773988167009098,3.988699408123276,0.03700129464969045,0.31124464428982,1.9886994082884974,0.0,0.14204995773489268,-0.9886994082884974,0.000000,4,dyadic,0
rand_n7_4,random_strict,0,test,7,10,0.23809523809523808,6,4,6,4,4,0,0,1.0,1,2,0.5,0,0,2.891397519258647e-10,0.0,0.02691003247250215,0.7754780057582279,0.0,0.0,0.0,0.0,0.000000,4,dyadic,0
rand_n7_5,random_strict,0,test,7,9,0.21428571428571427,6,3,6,3,3,0,0,1.0,1,2,0.546875,0,0,2.891372021460046e-10,0.0,0.02018252435437661,0.24377112886138802,0.0,0.0,0.0,0.0,0.000000,4,dyadic,0
randbc_n7_0,random_backchannel,1,test,7,10,0.23809523809523808,6,3,6,3,3,0,1,0.9,0,3,0.421875,0,0,0.9823166081857706,2.9823166078966334,0.02018252435437661,0.2857142857142857,1.9823166080205503,0.0,0.09439602895335954,-0.9823166080205501,0.000000,6,dyadic,0
randbc_n7_1,random_backchannel,1,test,7,10,0.23809523809523808,6,3,6,3,3,0,1,0.9,0,3,0.40625,0,0,2.891389019992447e-10,0.0,0.02691003247250215,0.27821221921888895,0.0,0.0,0.0,0.0,0.000000,6,dyadic,0
randbc_n7_2,random_backchannel,1,test,7,9,0.21428571428571427,6,2,6,2,2,0,1,0.8888888888888888,0,3,0.5,0,0,2.8913805207262463e-10,0.0,0.030273786531564918,0.5336999547828706,0.0,0.0,0.0,0.0,0.000000,6,dyadic,0
randbc_n7_3,random_backchannel,1,test,7,10,0.23809523809523808,6,3,6,3,3,0,1,0.9,0,3,0.546875,0,0,2.0224213948140495,4.88829079743644,0.02018252435437661,0.14285714285714285,2.9585307403416827,-0.03511997134935774,0.16454076648510488,-0.9936507116910405,0.000000,8,dyadic,0
chain_n7,chain,0,test,7,12,0.2857142857142857,2,2,2,2,6,4,8,0.3333333333333333,0,6,0.25,1,0,2.0989990862502346,3.1861279723602878,0.006727508118125537,0.0,0.8808545098166103,-0.8808545098166103,0.2516727170904601,-0.8808545098166103,2.000000,49,triadic,1
chain_bc_n7,chain,1,test,7,14,0.3333333333333333,2,2,2,2,7,5,10,0.2857142857142857,0,6,0.75,0,1,1.8729561026292603,2.008297490906832,0.02018252435437661,0.04780990552533638,0.6720063151427916,-0.5212220180699688,0.18641317377187666,-0.6720063151427916,0.415037,47,triadic,1
allreq_n7,all_required,0,test,7,12,0.2857142857142857,6,6,6,6,6,0,0,1.0,1,2,0.015625,1,0,0.5805753765238486,6.116115075015632,0.02354627841343938,0.9977188389117813,1.1161150753047697,0.0,0.15944501075782427,-0.11611507530476972,6.000000,4,triadic,1
allreq_bc_n7,all_required,1,test,7,14,0.3333333333333333,6,6,6,6,7,1,2,0.8571428571428571,0,3,0.015625,1,0,1.2911900610077016,4.152691729389504,0.02018252435437661,0.7127649402269016,0.9240908717700532,-0.8234274317947733,0.20543699684381383,-0.9084658717700532,0.415037,6,triadic,1
subst_n7,substitutable,0,test,7,12,0.2857142857142857,6,6,6,6,6,0,0,1.0,1,2,0.984375,0,1,0.5805753765238486,6.116115075015632,0.02018252435437661,0.9980990324264845,1.1161150753047697,0.0,0.15944501075782427,-0.11611507530476972,6.000000,4,triadic,1
chain_n8,chain,0,test,8,14,0.25,2,2,2,2,7,5,10,0.2857142857142857,0,7,0.25,1,0,2.023740399702083,2.698320532605666,0.023931568569324175,0.2998841249603449,0.6745801332340278,-0.6745801332340278,0.19273718092400793,-0.6745801332340278,2.000000,81,triadic,1
chain_bc_n8,chain,1,test,8,16,0.2857142857142857,2,2,2,2,8,6,12,0.25,0,7,0.75,0,1,2.023740399702083,2.698320532605666,0.01794867642699313,0.035857429144002285,0.6745801332340278,-0.6745801332340278,0.19273718092400793,-0.6745801332340278,0.415037,80,triadic,1
allreq_n8,all_required,0,test,8,14,0.25,7,7,7,7,7,0,0,1.0,1,2,0.0078125,1,0,0.39548647405945037,7.065914412012798,0.014957230355827609,0.10714285714285712,1.0659144123432416,0.0,0.1332393015429052,-0.06591441234324169,7.000000,4,triadic,1
allreq_bc_n8,all_required,1,test,8,16,0.2857142857142857,7,7,7,7,8,1,2,0.875,0,3,0.0078125,1,0,1.1486190021656344,4.922130755304546,0.02094012249815865,0.5890288174458875,0.8755564791588956,-0.8174108828059472,0.18017409849749982,-0.8677439791588956,0.415037,6,triadic,1
subst_n8,substitutable,0,test,8,14,0.25,7,7,7,7,7,0,0,1.0,1,2,0.9921875,0,1,0.39548647405945037,7.065914412012799,0.014957230355827609,0.10714285714285712,1.0659144123432416,0.0,0.1332393015429052,-0.06591441234324169,7.000000,4,triadic,1
