T,AC_grain1,AC_grain2,AC_grain4,AC_grain8
1.0,0.9844032998996834,1.7646338262613837,2.7746090979986358,2.530174520146238
2.27,0.684839167351413,1.6528784686653175,2.235175763400362,2.017540704056381
6.0,0.9999999667041586,2.226228994420445,2.6231187903513504,1.8889348033882944
